ISO-10303-21;
HEADER;
/* Generated by software containing ST-Developer
 * from STEP Tools, Inc. (www.steptools.com) 
 */

FILE_DESCRIPTION(
/* description */ (''),
/* implementation_level */ '2;1');

FILE_NAME(
/* name */ 
'E:\\Dutton\\Manufacturing\\drawings\\Dutton Files\\1455 series\\1455D
\\1455D801.stp',
/* time_stamp */ '2022-09-27T08:17:49-04:00',
/* author */ ('avernon'),
/* organization */ (''),
/* preprocessor_version */ 'ST-DEVELOPER v19',
/* originating_system */ 'Autodesk Inventor 2023',
/* authorisation */ '');

FILE_SCHEMA (('AUTOMOTIVE_DESIGN { 1 0 10303 214 3 1 1 }'));
ENDSEC;

DATA;
#10=MECHANICAL_DESIGN_GEOMETRIC_PRESENTATION_REPRESENTATION('',(#143,#144,
#145,#146),#8804);
#11=ITEM_DEFINED_TRANSFORMATION($,$,#4663,#5170);
#12=ITEM_DEFINED_TRANSFORMATION($,$,#4962,#5171);
#13=ITEM_DEFINED_TRANSFORMATION($,$,#4962,#5172);
#14=ITEM_DEFINED_TRANSFORMATION($,$,#5109,#5173);
#15=ITEM_DEFINED_TRANSFORMATION($,$,#5109,#5174);
#16=ITEM_DEFINED_TRANSFORMATION($,$,#5138,#5175);
#17=ITEM_DEFINED_TRANSFORMATION($,$,#5138,#5176);
#18=ITEM_DEFINED_TRANSFORMATION($,$,#5138,#5177);
#19=ITEM_DEFINED_TRANSFORMATION($,$,#5138,#5178);
#20=(
REPRESENTATION_RELATIONSHIP($,$,#8829,#8828)
REPRESENTATION_RELATIONSHIP_WITH_TRANSFORMATION(#11)
SHAPE_REPRESENTATION_RELATIONSHIP()
);
#21=(
REPRESENTATION_RELATIONSHIP($,$,#8830,#8828)
REPRESENTATION_RELATIONSHIP_WITH_TRANSFORMATION(#12)
SHAPE_REPRESENTATION_RELATIONSHIP()
);
#22=(
REPRESENTATION_RELATIONSHIP($,$,#8830,#8828)
REPRESENTATION_RELATIONSHIP_WITH_TRANSFORMATION(#13)
SHAPE_REPRESENTATION_RELATIONSHIP()
);
#23=(
REPRESENTATION_RELATIONSHIP($,$,#8831,#8828)
REPRESENTATION_RELATIONSHIP_WITH_TRANSFORMATION(#14)
SHAPE_REPRESENTATION_RELATIONSHIP()
);
#24=(
REPRESENTATION_RELATIONSHIP($,$,#8831,#8828)
REPRESENTATION_RELATIONSHIP_WITH_TRANSFORMATION(#15)
SHAPE_REPRESENTATION_RELATIONSHIP()
);
#25=(
REPRESENTATION_RELATIONSHIP($,$,#8832,#8828)
REPRESENTATION_RELATIONSHIP_WITH_TRANSFORMATION(#16)
SHAPE_REPRESENTATION_RELATIONSHIP()
);
#26=(
REPRESENTATION_RELATIONSHIP($,$,#8832,#8828)
REPRESENTATION_RELATIONSHIP_WITH_TRANSFORMATION(#17)
SHAPE_REPRESENTATION_RELATIONSHIP()
);
#27=(
REPRESENTATION_RELATIONSHIP($,$,#8832,#8828)
REPRESENTATION_RELATIONSHIP_WITH_TRANSFORMATION(#18)
SHAPE_REPRESENTATION_RELATIONSHIP()
);
#28=(
REPRESENTATION_RELATIONSHIP($,$,#8832,#8828)
REPRESENTATION_RELATIONSHIP_WITH_TRANSFORMATION(#19)
SHAPE_REPRESENTATION_RELATIONSHIP()
);
#29=CONTEXT_DEPENDENT_SHAPE_REPRESENTATION(#20,#8819);
#30=CONTEXT_DEPENDENT_SHAPE_REPRESENTATION(#21,#8820);
#31=CONTEXT_DEPENDENT_SHAPE_REPRESENTATION(#22,#8821);
#32=CONTEXT_DEPENDENT_SHAPE_REPRESENTATION(#23,#8822);
#33=CONTEXT_DEPENDENT_SHAPE_REPRESENTATION(#24,#8823);
#34=CONTEXT_DEPENDENT_SHAPE_REPRESENTATION(#25,#8824);
#35=CONTEXT_DEPENDENT_SHAPE_REPRESENTATION(#26,#8825);
#36=CONTEXT_DEPENDENT_SHAPE_REPRESENTATION(#27,#8826);
#37=CONTEXT_DEPENDENT_SHAPE_REPRESENTATION(#28,#8827);
#38=NEXT_ASSEMBLY_USAGE_OCCURRENCE('Extrusion Tube w. Inlay 80mm:1',
'Extrusion Tube w. Inlay 80mm:1','Extrusion Tube w. Inlay 80mm:1',#8834,
#8835,'Extrusion Tube w. Inlay 80mm:1');
#39=NEXT_ASSEMBLY_USAGE_OCCURRENCE('Bezel Open:1','Bezel Open:1',
'Bezel Open:1',#8834,#8836,'Bezel Open:1');
#40=NEXT_ASSEMBLY_USAGE_OCCURRENCE('Bezel Open:2','Bezel Open:2',
'Bezel Open:2',#8834,#8836,'Bezel Open:2');
#41=NEXT_ASSEMBLY_USAGE_OCCURRENCE('End Plate:1','End Plate:1',
'End Plate:1',#8834,#8837,'End Plate:1');
#42=NEXT_ASSEMBLY_USAGE_OCCURRENCE('End Plate:2','End Plate:2',
'End Plate:2',#8834,#8837,'End Plate:2');
#43=NEXT_ASSEMBLY_USAGE_OCCURRENCE('1455 screw:1','1455 screw:1',
'1455 screw:1',#8834,#8838,'1455 screw:1');
#44=NEXT_ASSEMBLY_USAGE_OCCURRENCE('1455 screw:2','1455 screw:2',
'1455 screw:2',#8834,#8838,'1455 screw:2');
#45=NEXT_ASSEMBLY_USAGE_OCCURRENCE('1455 screw:3','1455 screw:3',
'1455 screw:3',#8834,#8838,'1455 screw:3');
#46=NEXT_ASSEMBLY_USAGE_OCCURRENCE('1455 screw:4','1455 screw:4',
'1455 screw:4',#8834,#8838,'1455 screw:4');
#47=(
BOUNDED_CURVE()
B_SPLINE_CURVE(2,(#8678,#8679,#8680),.UNSPECIFIED.,.F.,.F.)
B_SPLINE_CURVE_WITH_KNOTS((3,3),(15563.7406968409,18167.2826072484),
 .UNSPECIFIED.)
CURVE()
GEOMETRIC_REPRESENTATION_ITEM()
RATIONAL_B_SPLINE_CURVE((28614.2452665591,24496.1178439642,18199.5117134519))
REPRESENTATION_ITEM('')
);
#48=(
BOUNDED_CURVE()
B_SPLINE_CURVE(2,(#8713,#8714,#8715,#8716),.UNSPECIFIED.,.F.,.F.)
B_SPLINE_CURVE_WITH_KNOTS((3,1,3),(3116.89180513111,4431.32532147375,5720.43371553955),
 .UNSPECIFIED.)
CURVE()
GEOMETRIC_REPRESENTATION_ITEM()
RATIONAL_B_SPLINE_CURVE((18199.5117134247,21378.4388910804,26575.2104397632,
28614.2452665442))
REPRESENTATION_ITEM('')
);
#49=(
BOUNDED_CURVE()
B_SPLINE_CURVE(2,(#8738,#8739,#8740),.UNSPECIFIED.,.F.,.F.)
B_SPLINE_CURVE_WITH_KNOTS((3,3),(15563.7406968409,18167.2826072484),
 .UNSPECIFIED.)
CURVE()
GEOMETRIC_REPRESENTATION_ITEM()
RATIONAL_B_SPLINE_CURVE((28614.2452665591,24496.1178439642,18199.5117134519))
REPRESENTATION_ITEM('')
);
#50=(
BOUNDED_CURVE()
B_SPLINE_CURVE(2,(#8743,#8744,#8745,#8746),.UNSPECIFIED.,.F.,.F.)
B_SPLINE_CURVE_WITH_KNOTS((3,1,3),(3116.89180513111,4431.32532147375,5720.43371553955),
 .UNSPECIFIED.)
CURVE()
GEOMETRIC_REPRESENTATION_ITEM()
RATIONAL_B_SPLINE_CURVE((18199.5117134247,21378.4388910804,26575.2104397632,
28614.2452665442))
REPRESENTATION_ITEM('')
);
#51=(
BOUNDED_CURVE()
B_SPLINE_CURVE(2,(#8749,#8750,#8751),.UNSPECIFIED.,.F.,.F.)
B_SPLINE_CURVE_WITH_KNOTS((3,3),(15563.7406968409,18167.2826072484),
 .UNSPECIFIED.)
CURVE()
GEOMETRIC_REPRESENTATION_ITEM()
RATIONAL_B_SPLINE_CURVE((28614.2452665591,24496.1178439642,18199.5117134519))
REPRESENTATION_ITEM('')
);
#52=(
BOUNDED_CURVE()
B_SPLINE_CURVE(2,(#8754,#8755,#8756,#8757),.UNSPECIFIED.,.F.,.F.)
B_SPLINE_CURVE_WITH_KNOTS((3,1,3),(3116.89180513111,4431.32532147375,5720.43371553955),
 .UNSPECIFIED.)
CURVE()
GEOMETRIC_REPRESENTATION_ITEM()
RATIONAL_B_SPLINE_CURVE((18199.5117134247,21378.4388910804,26575.2104397632,
28614.2452665442))
REPRESENTATION_ITEM('')
);
#53=(
BOUNDED_CURVE()
B_SPLINE_CURVE(2,(#8760,#8761,#8762),.UNSPECIFIED.,.F.,.F.)
B_SPLINE_CURVE_WITH_KNOTS((3,3),(15563.7406968409,18167.2826072484),
 .UNSPECIFIED.)
CURVE()
GEOMETRIC_REPRESENTATION_ITEM()
RATIONAL_B_SPLINE_CURVE((28614.2452665591,24496.1178439642,18199.5117134519))
REPRESENTATION_ITEM('')
);
#54=(
BOUNDED_CURVE()
B_SPLINE_CURVE(2,(#8764,#8765,#8766,#8767),.UNSPECIFIED.,.F.,.F.)
B_SPLINE_CURVE_WITH_KNOTS((3,1,3),(3116.89180513111,4431.32532147375,5720.43371553955),
 .UNSPECIFIED.)
CURVE()
GEOMETRIC_REPRESENTATION_ITEM()
RATIONAL_B_SPLINE_CURVE((18199.5117134247,21378.4388910804,26575.2104397632,
28614.2452665442))
REPRESENTATION_ITEM('')
);
#55=(
CONVERSION_BASED_UNIT('inch',#56)
LENGTH_UNIT()
NAMED_UNIT(#4556)
);
#56=LENGTH_MEASURE_WITH_UNIT(LENGTH_MEASURE(25.4),#8805);
#57=CONICAL_SURFACE('',#5010,3.25,0.0174532925199433);
#58=CONICAL_SURFACE('',#5013,3.25,0.0174532925199433);
#59=CONICAL_SURFACE('',#5059,2.51221668450609,0.0174532925199424);
#60=CONICAL_SURFACE('',#5062,2.51221668450609,0.0174532925199424);
#61=CONICAL_SURFACE('',#5065,4.03839928189841,0.0174532925199419);
#62=CONICAL_SURFACE('',#5067,4.05061596640451,0.0174532925199429);
#63=CONICAL_SURFACE('',#5069,2.51221668450609,0.0174532925199424);
#64=CONICAL_SURFACE('',#5074,4.03839928189842,0.0174532925199419);
#65=CONICAL_SURFACE('',#5077,4.05061596640452,0.0174532925199429);
#66=CONICAL_SURFACE('',#5079,2.5122166845061,0.0174532925199424);
#67=CONICAL_SURFACE('',#5086,4.03839928189842,0.0174532925199419);
#68=CONICAL_SURFACE('',#5091,4.05061596640452,0.0174532925199429);
#69=CONICAL_SURFACE('',#5099,4.03839928189842,0.0174532925199419);
#70=CONICAL_SURFACE('',#5102,4.05061596640452,0.0174532925199429);
#71=CONICAL_SURFACE('',#5110,0.09875,0.715584993317675);
#72=CONICAL_SURFACE('',#5115,0.09875,0.715584993317675);
#73=CONICAL_SURFACE('',#5147,1.5,0.349065850398866);
#74=CONICAL_SURFACE('',#5155,1.5,0.349065850398866);
#75=CONICAL_SURFACE('',#5158,1.5,0.349065850398866);
#76=CONICAL_SURFACE('',#5161,1.5,0.349065850398866);
#77=CONICAL_SURFACE('',#5162,1.5,0.785398163397448);
#78=CONICAL_SURFACE('',#5169,2.75,0.715584993317675);
#79=(
BOUNDED_SURFACE()
B_SPLINE_SURFACE(2,2,((#7932,#7933,#7934),(#7935,#7936,#7937),(#7938,#7939,
#7940)),.UNSPECIFIED.,.F.,.F.,.F.)
B_SPLINE_SURFACE_WITH_KNOTS((3,3),(3,3),(-0.33298883464732,0.0719196290722831),
(-3.14159265358979,-1.5707963267949),.UNSPECIFIED.)
GEOMETRIC_REPRESENTATION_ITEM()
RATIONAL_B_SPLINE_SURFACE(((1.,0.707106781186547,1.),(0.979576046135993,
0.692664864910666,0.979576046135993),(1.,0.707106781186547,1.)))
REPRESENTATION_ITEM('')
SURFACE()
);
#80=(
BOUNDED_SURFACE()
B_SPLINE_SURFACE(2,2,((#7948,#7949,#7950),(#7951,#7952,#7953),(#7954,#7955,
#7956)),.UNSPECIFIED.,.F.,.F.,.F.)
B_SPLINE_SURFACE_WITH_KNOTS((3,3),(3,3),(-0.33298883464732,0.0719196290722831),
(-1.5707963267949,1.11544287661997E-15),.UNSPECIFIED.)
GEOMETRIC_REPRESENTATION_ITEM()
RATIONAL_B_SPLINE_SURFACE(((1.,0.707106781186547,1.),(0.979576046135995,
0.692664864910668,0.979576046135995),(1.,0.707106781186547,1.)))
REPRESENTATION_ITEM('')
SURFACE()
);
#81=(
BOUNDED_SURFACE()
B_SPLINE_SURFACE(2,2,((#8407,#8408,#8409),(#8410,#8411,#8412),(#8413,#8414,
#8415)),.UNSPECIFIED.,.F.,.F.,.F.)
B_SPLINE_SURFACE_WITH_KNOTS((3,3),(3,3),(0.0719196290722831,0.186418220222903),
(0.,1.5707963267949),.UNSPECIFIED.)
GEOMETRIC_REPRESENTATION_ITEM()
RATIONAL_B_SPLINE_SURFACE(((1.,0.707106781186547,1.),(0.998361706607911,
0.705948332819428,0.998361706607911),(1.,0.707106781186547,1.)))
REPRESENTATION_ITEM('')
SURFACE()
);
#82=(
BOUNDED_SURFACE()
B_SPLINE_SURFACE(2,2,((#8424,#8425,#8426),(#8427,#8428,#8429),(#8430,#8431,
#8432)),.UNSPECIFIED.,.F.,.F.,.F.)
B_SPLINE_SURFACE_WITH_KNOTS((3,3),(3,3),(0.0719196290722831,0.186418220222903),
(-1.5707963267949,1.11544287661997E-15),.UNSPECIFIED.)
GEOMETRIC_REPRESENTATION_ITEM()
RATIONAL_B_SPLINE_SURFACE(((1.,0.707106781186547,1.),(0.998361706607802,
0.705948332819351,0.998361706607802),(1.,0.707106781186547,1.)))
REPRESENTATION_ITEM('')
SURFACE()
);
#83=(
BOUNDED_SURFACE()
B_SPLINE_SURFACE(2,2,((#8504,#8505,#8506),(#8507,#8508,#8509),(#8510,#8511,
#8512)),.UNSPECIFIED.,.F.,.F.,.F.)
B_SPLINE_SURFACE_WITH_KNOTS((3,3),(3,3),(0.0719196290722831,0.186418220222903),
(-3.14159265358979,-1.5707963267949),.UNSPECIFIED.)
GEOMETRIC_REPRESENTATION_ITEM()
RATIONAL_B_SPLINE_SURFACE(((1.,0.707106781186547,1.),(0.998361706607803,
0.705948332819352,0.998361706607803),(1.,0.707106781186547,1.)))
REPRESENTATION_ITEM('')
SURFACE()
);
#84=(
BOUNDED_SURFACE()
B_SPLINE_SURFACE(2,2,((#8535,#8536,#8537),(#8538,#8539,#8540),(#8541,#8542,
#8543)),.UNSPECIFIED.,.F.,.F.,.F.)
B_SPLINE_SURFACE_WITH_KNOTS((3,3),(3,3),(-0.33298883464732,0.0719196290722831),
(1.5707963267949,3.14159265358979),.UNSPECIFIED.)
GEOMETRIC_REPRESENTATION_ITEM()
RATIONAL_B_SPLINE_SURFACE(((1.,0.707106781186547,1.),(0.979576046136038,
0.692664864910699,0.979576046136038),(1.,0.707106781186547,1.)))
REPRESENTATION_ITEM('')
SURFACE()
);
#85=(
BOUNDED_SURFACE()
B_SPLINE_SURFACE(2,2,((#8547,#8548,#8549),(#8550,#8551,#8552),(#8553,#8554,
#8555)),.UNSPECIFIED.,.F.,.F.,.F.)
B_SPLINE_SURFACE_WITH_KNOTS((3,3),(3,3),(0.0719196290722831,0.186418220222903),
(1.5707963267949,3.14159265358979),.UNSPECIFIED.)
GEOMETRIC_REPRESENTATION_ITEM()
RATIONAL_B_SPLINE_SURFACE(((1.,0.707106781186547,1.),(0.998361706607752,
0.705948332819316,0.998361706607752),(1.,0.707106781186547,1.)))
REPRESENTATION_ITEM('')
SURFACE()
);
#86=(
BOUNDED_SURFACE()
B_SPLINE_SURFACE(2,2,((#8580,#8581,#8582),(#8583,#8584,#8585),(#8586,#8587,
#8588)),.UNSPECIFIED.,.F.,.F.,.F.)
B_SPLINE_SURFACE_WITH_KNOTS((3,3),(3,3),(-0.33298883464732,0.0719196290722831),
(0.,1.5707963267949),.UNSPECIFIED.)
GEOMETRIC_REPRESENTATION_ITEM()
RATIONAL_B_SPLINE_SURFACE(((1.,0.707106781186547,1.),(0.979576046135994,
0.692664864910668,0.979576046135994),(1.,0.707106781186547,1.)))
REPRESENTATION_ITEM('')
SURFACE()
);
#87=TOROIDAL_SURFACE('',#4972,4.4114185461808,0.2);
#88=TOROIDAL_SURFACE('',#4981,4.41141854618081,0.2);
#89=TOROIDAL_SURFACE('',#4985,4.41141854618081,0.2);
#90=TOROIDAL_SURFACE('',#4993,4.4114185461808,0.2);
#91=TOROIDAL_SURFACE('',#5019,4.411554195372,0.2);
#92=TOROIDAL_SURFACE('',#5023,4.411554195372,0.2);
#93=TOROIDAL_SURFACE('',#5031,4.411554195372,0.2);
#94=TOROIDAL_SURFACE('',#5035,4.411554195372,0.2);
#95=B_SPLINE_CURVE_WITH_KNOTS('',3,(#7416,#7417,#7418,#7419,#7420,#7421,
#7422,#7423,#7424,#7425,#7426,#7427,#7428,#7429,#7430,#7431,#7432,#7433,
#7434,#7435,#7436,#7437,#7438,#7439,#7440,#7441,#7442,#7443,#7444,#7445,
#7446,#7447,#7448,#7449,#7450,#7451,#7452,#7453,#7454,#7455),
 .UNSPECIFIED.,.F.,.F.,(4,3,3,3,3,3,3,3,3,3,3,3,3,4),(0.,0.0130685795357061,
0.0265249517080239,0.0390650858785138,0.0525093678153137,0.0658420438772133,
0.0781202272011834,0.0890981653992892,0.102340392703043,0.115735819887518,
0.117173415498009,0.130544869259695,0.143803751548051,0.155934103153133),
 .UNSPECIFIED.);
#96=B_SPLINE_CURVE_WITH_KNOTS('',3,(#7457,#7458,#7459,#7460),
 .UNSPECIFIED.,.F.,.F.,(4,4),(0.100147617650577,0.240168592411319),
 .UNSPECIFIED.);
#97=B_SPLINE_CURVE_WITH_KNOTS('',3,(#7462,#7463,#7464,#7465,#7466,#7467,
#7468,#7469,#7470,#7471,#7472,#7473,#7474,#7475,#7476,#7477,#7478,#7479,
#7480,#7481,#7482,#7483,#7484,#7485,#7486,#7487,#7488,#7489,#7490,#7491,
#7492,#7493,#7494,#7495,#7496,#7497,#7498,#7499,#7500,#7501,#7502,#7503,
#7504),.UNSPECIFIED.,.F.,.F.,(4,3,3,3,3,3,3,3,3,3,3,3,3,3,4),(0.,0.01317179189506,
0.0265743516469271,0.0390670392369051,0.0524620042331033,0.065708918055308,
0.0675268331744632,0.0781242468651947,0.0913685434055806,0.104843335805275,
0.117179347249107,0.130572661114227,0.137313685498561,0.150534700631459,
0.157450694210052),.UNSPECIFIED.);
#98=B_SPLINE_CURVE_WITH_KNOTS('',3,(#7505,#7506,#7507,#7508),
 .UNSPECIFIED.,.F.,.F.,(4,4),(-0.240168592411319,-0.100147617650052),
 .UNSPECIFIED.);
#99=B_SPLINE_CURVE_WITH_KNOTS('',3,(#7513,#7514,#7515,#7516),
 .UNSPECIFIED.,.F.,.F.,(4,4),(-0.160150339111078,-0.020124568675839),
 .UNSPECIFIED.);
#100=B_SPLINE_CURVE_WITH_KNOTS('',3,(#7540,#7541,#7542,#7543,#7544,#7545,
#7546,#7547,#7548,#7549,#7550,#7551,#7552,#7553,#7554,#7555,#7556,#7557,
#7558,#7559,#7560,#7561,#7562,#7563,#7564,#7565,#7566,#7567,#7568,#7569,
#7570,#7571,#7572,#7573,#7574,#7575,#7576,#7577,#7578,#7579),
 .UNSPECIFIED.,.F.,.F.,(4,3,3,3,3,3,3,3,3,3,3,3,3,4),(0.,0.0130642099041286,
0.0265215141912478,0.0390653029656344,0.0525102317713494,0.065849860198749,
0.0781204025828771,0.0900176212217313,0.103595477111252,0.117173333000772,
0.130542694672997,0.137311141403821,0.150597126325543,0.157450652602922),
 .UNSPECIFIED.);
#101=B_SPLINE_CURVE_WITH_KNOTS('',3,(#7581,#7582,#7583,#7584),
 .UNSPECIFIED.,.F.,.F.,(4,4),(0.100148443111323,0.240169417872065),
 .UNSPECIFIED.);
#102=B_SPLINE_CURVE_WITH_KNOTS('',3,(#7586,#7587,#7588,#7589,#7590,#7591,
#7592,#7593,#7594,#7595,#7596,#7597,#7598,#7599,#7600,#7601,#7602,#7603,
#7604,#7605,#7606,#7607,#7608,#7609,#7610,#7611,#7612,#7613,#7614,#7615,
#7616,#7617,#7618,#7619,#7620,#7621,#7622),.UNSPECIFIED.,.F.,.F.,(4,3,3,
3,3,3,3,3,3,3,3,3,4),(0.,0.0131752079549645,0.0265758758023527,0.0390667639711407,
0.0529521947297658,0.0668376254883908,0.0781239348286337,0.0913784422737179,
0.104848870771756,0.117179205710784,0.130648753651968,0.143817992464871,
0.155934104387307),.UNSPECIFIED.);
#103=B_SPLINE_CURVE_WITH_KNOTS('',3,(#7623,#7624,#7625,#7626),
 .UNSPECIFIED.,.F.,.F.,(4,4),(-0.24016941787259,-0.100148443111323),
 .UNSPECIFIED.);
#104=B_SPLINE_CURVE_WITH_KNOTS('',3,(#7631,#7632,#7633,#7634),
 .UNSPECIFIED.,.F.,.F.,(4,4),(0.0200067616347036,0.160032532069981),
 .UNSPECIFIED.);
#105=B_SPLINE_CURVE_WITH_KNOTS('',3,(#7658,#7659,#7660,#7661,#7662,#7663,
#7664,#7665,#7666,#7667,#7668,#7669,#7670,#7671,#7672,#7673,#7674,#7675,
#7676,#7677,#7678,#7679,#7680,#7681,#7682,#7683,#7684,#7685,#7686,#7687,
#7688,#7689,#7690,#7691,#7692,#7693,#7694,#7695,#7696,#7697),
 .UNSPECIFIED.,.F.,.F.,(4,3,3,3,3,3,3,3,3,3,3,3,3,4),(0.,0.0130685795356988,
0.0265249517080107,0.0390650858785153,0.0525093678153135,0.0658420438772091,
0.0781202272011879,0.0890981653992956,0.102340392703056,0.115735819887528,
0.117173415498017,0.13054486925969,0.14380375154803,0.155934103153146),
 .UNSPECIFIED.);
#106=B_SPLINE_CURVE_WITH_KNOTS('',3,(#7699,#7700,#7701,#7702),
 .UNSPECIFIED.,.F.,.F.,(4,4),(0.100147617846047,0.240168592606789),
 .UNSPECIFIED.);
#107=B_SPLINE_CURVE_WITH_KNOTS('',3,(#7704,#7705,#7706,#7707,#7708,#7709,
#7710,#7711,#7712,#7713,#7714,#7715,#7716,#7717,#7718,#7719,#7720,#7721,
#7722,#7723,#7724,#7725,#7726,#7727,#7728,#7729,#7730,#7731,#7732,#7733,
#7734,#7735,#7736,#7737,#7738,#7739,#7740,#7741,#7742,#7743,#7744,#7745,
#7746),.UNSPECIFIED.,.F.,.F.,(4,3,3,3,3,3,3,3,3,3,3,3,3,3,4),(0.,0.0131717918950112,
0.0265743516468394,0.0390670392369123,0.0524620042331224,0.0657089180553353,
0.0675268331744782,0.0781242468652115,0.0913685434056025,0.104843335805299,
0.117179347249132,0.130572661113858,0.137313685498587,0.150534700631589,
0.157450694210074),.UNSPECIFIED.);
#108=B_SPLINE_CURVE_WITH_KNOTS('',3,(#7747,#7748,#7749,#7750),
 .UNSPECIFIED.,.F.,.F.,(4,4),(-0.240168592606789,-0.100147617845522),
 .UNSPECIFIED.);
#109=B_SPLINE_CURVE_WITH_KNOTS('',3,(#7755,#7756,#7757,#7758),
 .UNSPECIFIED.,.F.,.F.,(4,4),(-0.160032532070101,-0.0200067616347061),
 .UNSPECIFIED.);
#110=B_SPLINE_CURVE_WITH_KNOTS('',3,(#7782,#7783,#7784,#7785,#7786,#7787,
#7788,#7789,#7790,#7791,#7792,#7793,#7794,#7795,#7796,#7797,#7798,#7799,
#7800,#7801,#7802,#7803,#7804,#7805,#7806,#7807,#7808,#7809,#7810,#7811,
#7812,#7813,#7814,#7815,#7816,#7817,#7818,#7819,#7820,#7821),
 .UNSPECIFIED.,.F.,.F.,(4,3,3,3,3,3,3,3,3,3,3,3,3,4),(0.,0.0130642099041458,
0.0265215141912817,0.0390653029656325,0.0525102317713375,0.0658498601987301,
0.0781204025828737,0.0900176212217281,0.103595477111248,0.117173333000769,
0.130542694673041,0.137311141403818,0.150597126325683,0.157450652602923),
 .UNSPECIFIED.);
#111=B_SPLINE_CURVE_WITH_KNOTS('',3,(#7823,#7824,#7825,#7826),
 .UNSPECIFIED.,.F.,.F.,(4,4),(0.100148442915851,0.240169417676593),
 .UNSPECIFIED.);
#112=B_SPLINE_CURVE_WITH_KNOTS('',3,(#7828,#7829,#7830,#7831,#7832,#7833,
#7834,#7835,#7836,#7837,#7838,#7839,#7840,#7841,#7842,#7843,#7844,#7845,
#7846,#7847,#7848,#7849,#7850,#7851,#7852,#7853,#7854,#7855,#7856,#7857,
#7858,#7859,#7860,#7861,#7862,#7863,#7864),.UNSPECIFIED.,.F.,.F.,(4,3,3,
3,3,3,3,3,3,3,3,3,4),(0.,0.0131752079549311,0.0265758758022981,0.0390667639711441,
0.0529521947297704,0.0668376254883968,0.0781239348286397,0.0913784422737195,
0.104848870771759,0.117179205710792,0.130648753651979,0.143817992464882,
0.155934104387318),.UNSPECIFIED.);
#113=B_SPLINE_CURVE_WITH_KNOTS('',3,(#7865,#7866,#7867,#7868),
 .UNSPECIFIED.,.F.,.F.,(4,4),(-0.240169417677118,-0.100148442915851),
 .UNSPECIFIED.);
#114=B_SPLINE_CURVE_WITH_KNOTS('',3,(#7873,#7874,#7875,#7876),
 .UNSPECIFIED.,.F.,.F.,(4,4),(0.0201245686758365,0.160150339110958),
 .UNSPECIFIED.);
#115=B_SPLINE_CURVE_WITH_KNOTS('',3,(#7998,#7999,#8000,#8001,#8002,#8003,
#8004,#8005,#8006,#8007,#8008,#8009,#8010,#8011,#8012,#8013,#8014,#8015,
#8016,#8017,#8018,#8019,#8020,#8021,#8022,#8023,#8024,#8025,#8026,#8027,
#8028,#8029,#8030,#8031),.UNSPECIFIED.,.F.,.F.,(4,3,3,3,3,3,3,3,3,3,3,4),
(0.,0.00399486193650985,0.00781422181788037,0.011824896466858,0.0156257943411575,
0.0167417642004347,0.0207451409496006,0.023436262194397,0.027449593009345,
0.0284527346028475,0.0324203207135599,0.033469548786832),.UNSPECIFIED.);
#116=B_SPLINE_CURVE_WITH_KNOTS('',3,(#8033,#8034,#8035,#8036,#8037,#8038,
#8039,#8040,#8041,#8042,#8043,#8044,#8045,#8046,#8047,#8048,#8049,#8050,
#8051,#8052,#8053,#8054,#8055,#8056,#8057,#8058,#8059,#8060,#8061,#8062,
#8063,#8064,#8065,#8066),.UNSPECIFIED.,.F.,.F.,(4,3,3,3,3,3,3,3,3,3,3,4),
(0.,0.00399515370810818,0.00781414719590981,0.0118241872690517,0.0156256683298254,
0.0166641867203437,0.0206674543281615,0.0234361128711936,0.0274486550607576,
0.0283747899482378,0.0323418349580936,0.0333137673644365),.UNSPECIFIED.);
#117=B_SPLINE_CURVE_WITH_KNOTS('',3,(#8067,#8068,#8069,#8070),
 .UNSPECIFIED.,.F.,.F.,(4,4),(-0.160150339110958,-0.0201245686758362),
 .UNSPECIFIED.);
#118=B_SPLINE_CURVE_WITH_KNOTS('',3,(#8092,#8093,#8094,#8095,#8096,#8097,
#8098,#8099,#8100,#8101,#8102,#8103,#8104,#8105,#8106,#8107,#8108,#8109,
#8110,#8111,#8112,#8113,#8114,#8115,#8116,#8117,#8118,#8119,#8120,#8121,
#8122,#8123,#8124,#8125),.UNSPECIFIED.,.F.,.F.,(4,3,3,3,3,3,3,3,3,3,3,4),
(0.,0.00399496129163525,0.00781418806071357,0.011824867449753,0.0156257185798955,
0.0167419547300211,0.0207453541043385,0.0234361423486077,0.0274494097619411,
0.0284526895098738,0.0324201689124121,0.0334695481206577),.UNSPECIFIED.);
#119=B_SPLINE_CURVE_WITH_KNOTS('',3,(#8127,#8128,#8129,#8130),
 .UNSPECIFIED.,.F.,.F.,(4,4),(0.0200067616347058,0.160032532070101),
 .UNSPECIFIED.);
#120=B_SPLINE_CURVE_WITH_KNOTS('',3,(#8131,#8132,#8133,#8134,#8135,#8136,
#8137,#8138,#8139,#8140,#8141,#8142,#8143,#8144,#8145,#8146,#8147,#8148,
#8149,#8150,#8151,#8152,#8153,#8154,#8155,#8156,#8157,#8158,#8159,#8160,
#8161,#8162,#8163,#8164),.UNSPECIFIED.,.F.,.F.,(4,3,3,3,3,3,3,3,3,3,3,4),
(0.,0.00399505667045458,0.00781418041765562,0.0118242167448956,0.0156257428103612,
0.0166640014703405,0.0206672477027251,0.0234362305902332,0.0274488356198851,
0.0283748347211177,0.0323419842898373,0.0333137680326555),.UNSPECIFIED.);
#121=B_SPLINE_CURVE_WITH_KNOTS('',3,(#8189,#8190,#8191,#8192,#8193,#8194,
#8195,#8196,#8197,#8198,#8199,#8200,#8201,#8202,#8203,#8204,#8205,#8206,
#8207,#8208,#8209,#8210,#8211,#8212,#8213,#8214,#8215,#8216,#8217,#8218,
#8219,#8220,#8221,#8222),.UNSPECIFIED.,.F.,.F.,(4,3,3,3,3,3,3,3,3,3,3,4),
(0.,0.00399496129164386,0.00781418806271525,0.0118248674517473,0.0156257185831669,
0.0167419547300465,0.0207453541043529,0.0234361423517179,0.0274494097650618,
0.0284526895121317,0.0324201689146749,0.0334695481206802),.UNSPECIFIED.);
#122=B_SPLINE_CURVE_WITH_KNOTS('',3,(#8224,#8225,#8226,#8227),
 .UNSPECIFIED.,.F.,.F.,(4,4),(0.0201245686758388,0.160150339111078),
 .UNSPECIFIED.);
#123=B_SPLINE_CURVE_WITH_KNOTS('',3,(#8228,#8229,#8230,#8231,#8232,#8233,
#8234,#8235,#8236,#8237,#8238,#8239,#8240,#8241,#8242,#8243,#8244,#8245,
#8246,#8247,#8248,#8249,#8250,#8251,#8252,#8253,#8254,#8255,#8256,#8257,
#8258,#8259,#8260,#8261),.UNSPECIFIED.,.F.,.F.,(4,3,3,3,3,3,3,3,3,3,3,4),
(0.,0.00399505667046121,0.00781418041961961,0.0118242167468354,0.0156257428135619,
0.0166640014703669,0.0206672477027447,0.0234362305932636,0.0274488356227689,
0.0283748347233054,0.0323419842919013,0.0333137680326748),.UNSPECIFIED.);
#124=B_SPLINE_CURVE_WITH_KNOTS('',3,(#8266,#8267,#8268,#8269),
 .UNSPECIFIED.,.F.,.F.,(4,4),(-0.160032532069981,-0.0200067616347034),
 .UNSPECIFIED.);
#125=B_SPLINE_CURVE_WITH_KNOTS('',3,(#8291,#8292,#8293,#8294,#8295,#8296,
#8297,#8298,#8299,#8300,#8301,#8302,#8303,#8304,#8305,#8306,#8307,#8308,
#8309,#8310,#8311,#8312,#8313,#8314,#8315,#8316,#8317,#8318,#8319,#8320,
#8321,#8322,#8323,#8324),.UNSPECIFIED.,.F.,.F.,(4,3,3,3,3,3,3,3,3,3,3,4),
(0.,0.00399486193649095,0.00781422181588012,0.0118248964648871,0.0156257943378871,
0.0167417642004099,0.020745140949613,0.0234362621912863,0.0274495930064668,
0.028452734600593,0.0324203207112192,0.0334695487868228),.UNSPECIFIED.);
#126=B_SPLINE_CURVE_WITH_KNOTS('',3,(#8325,#8326,#8327,#8328,#8329,#8330,
#8331,#8332,#8333,#8334,#8335,#8336,#8337,#8338,#8339,#8340,#8341,#8342,
#8343,#8344,#8345,#8346,#8347,#8348,#8349,#8350,#8351,#8352,#8353,#8354,
#8355,#8356,#8357,#8358),.UNSPECIFIED.,.F.,.F.,(4,3,3,3,3,3,3,3,3,3,3,4),
(0.,0.00399515370806589,0.00781414719394881,0.0118241872671225,0.015625668326632,
0.0166641867203251,0.0206674543281713,0.0234361128681762,0.0274486550578205,
0.0283747899460673,0.0323418349558288,0.0333137673644346),.UNSPECIFIED.);
#127=B_SPLINE_SURFACE_WITH_KNOTS('',3,3,((#7394,#7395,#7396,#7397),(#7398,
#7399,#7400,#7401),(#7402,#7403,#7404,#7405),(#7406,#7407,#7408,#7409),
(#7410,#7411,#7412,#7413)),.UNSPECIFIED.,.F.,.F.,.F.,(4,1,4),(4,4),(0.,
0.571428571428571,1.),(0.099444155773978,0.240168592411319),
 .UNSPECIFIED.);
#128=B_SPLINE_SURFACE_WITH_KNOTS('',3,3,((#7518,#7519,#7520,#7521),(#7522,
#7523,#7524,#7525),(#7526,#7527,#7528,#7529),(#7530,#7531,#7532,#7533),
(#7534,#7535,#7536,#7537)),.UNSPECIFIED.,.F.,.F.,.F.,(4,1,4),(4,4),(0.,
0.571428571428571,1.),(0.100148443111323,0.240872916274113),
 .UNSPECIFIED.);
#129=B_SPLINE_SURFACE_WITH_KNOTS('',3,3,((#7636,#7637,#7638,#7639),(#7640,
#7641,#7642,#7643),(#7644,#7645,#7646,#7647),(#7648,#7649,#7650,#7651),
(#7652,#7653,#7654,#7655)),.UNSPECIFIED.,.F.,.F.,.F.,(4,1,4),(4,4),(0.,
0.571428571428571,1.),(0.0994441559694479,0.240168592606789),
 .UNSPECIFIED.);
#130=B_SPLINE_SURFACE_WITH_KNOTS('',3,3,((#7760,#7761,#7762,#7763),(#7764,
#7765,#7766,#7767),(#7768,#7769,#7770,#7771),(#7772,#7773,#7774,#7775),
(#7776,#7777,#7778,#7779)),.UNSPECIFIED.,.F.,.F.,.F.,(4,1,4),(4,4),(0.,
0.571428571428571,1.),(0.100148442915851,0.240872916078641),
 .UNSPECIFIED.);
#131=B_SPLINE_SURFACE_WITH_KNOTS('',3,3,((#7977,#7978,#7979,#7980),(#7981,
#7982,#7983,#7984),(#7985,#7986,#7987,#7988),(#7989,#7990,#7991,#7992),
(#7993,#7994,#7995,#7996)),.UNSPECIFIED.,.F.,.F.,.F.,(4,1,4),(4,4),(0.,
0.5,1.),(0.0199508227140082,0.160150339110958),.UNSPECIFIED.);
#132=B_SPLINE_SURFACE_WITH_KNOTS('',3,3,((#8071,#8072,#8073,#8074),(#8075,
#8076,#8077,#8078),(#8079,#8080,#8081,#8082),(#8083,#8084,#8085,#8086),
(#8087,#8088,#8089,#8090)),.UNSPECIFIED.,.F.,.F.,.F.,(4,1,4),(4,4),(0.,
0.5,1.),(0.0198330151890489,0.160032532070101),.UNSPECIFIED.);
#133=B_SPLINE_SURFACE_WITH_KNOTS('',3,3,((#8168,#8169,#8170,#8171),(#8172,
#8173,#8174,#8175),(#8176,#8177,#8178,#8179),(#8180,#8181,#8182,#8183),
(#8184,#8185,#8186,#8187)),.UNSPECIFIED.,.F.,.F.,.F.,(4,1,4),(4,4),(0.,
0.5,1.),(0.0199508222301886,0.160150339111078),.UNSPECIFIED.);
#134=B_SPLINE_SURFACE_WITH_KNOTS('',3,3,((#8271,#8272,#8273,#8274),(#8275,
#8276,#8277,#8278),(#8279,#8280,#8281,#8282),(#8283,#8284,#8285,#8286),
(#8287,#8288,#8289,#8290)),.UNSPECIFIED.,.F.,.F.,.F.,(4,1,4),(4,4),(0.,
0.5,1.),(0.0198330156728687,0.160032532069981),.UNSPECIFIED.);
#135=SHAPE_REPRESENTATION_RELATIONSHIP('SRR','None',#8829,#139);
#136=SHAPE_REPRESENTATION_RELATIONSHIP('SRR','None',#8830,#140);
#137=SHAPE_REPRESENTATION_RELATIONSHIP('SRR','None',#8831,#141);
#138=SHAPE_REPRESENTATION_RELATIONSHIP('SRR','None',#8832,#142);
#139=ADVANCED_BREP_SHAPE_REPRESENTATION('',(#147),#8800);
#140=ADVANCED_BREP_SHAPE_REPRESENTATION('',(#148),#8801);
#141=ADVANCED_BREP_SHAPE_REPRESENTATION('',(#149),#8802);
#142=ADVANCED_BREP_SHAPE_REPRESENTATION('',(#150),#8803);
#143=STYLED_ITEM('',(#4596),#147);
#144=STYLED_ITEM('',(#4597),#148);
#145=STYLED_ITEM('',(#4598),#149);
#146=STYLED_ITEM('',(#4599),#150);
#147=MANIFOLD_SOLID_BREP('Solid1',#4543);
#148=MANIFOLD_SOLID_BREP('Solid1',#4544);
#149=MANIFOLD_SOLID_BREP('Solid1',#4545);
#150=MANIFOLD_SOLID_BREP('Solid1',#4546);
#151=FACE_BOUND('',#628,.T.);
#152=FACE_BOUND('',#630,.T.);
#153=FACE_BOUND('',#663,.T.);
#154=FACE_BOUND('',#683,.T.);
#155=FACE_BOUND('',#713,.T.);
#156=FACE_BOUND('',#714,.T.);
#157=FACE_BOUND('',#715,.T.);
#158=FACE_BOUND('',#717,.T.);
#159=FACE_BOUND('',#718,.T.);
#160=FACE_BOUND('',#719,.T.);
#161=FACE_BOUND('',#736,.T.);
#162=FACE_BOUND('',#737,.T.);
#163=FACE_BOUND('',#739,.T.);
#164=FACE_BOUND('',#740,.T.);
#165=FACE_BOUND('',#743,.T.);
#166=PLANE('',#4667);
#167=PLANE('',#4671);
#168=PLANE('',#4678);
#169=PLANE('',#4703);
#170=PLANE('',#4752);
#171=PLANE('',#4756);
#172=PLANE('',#4760);
#173=PLANE('',#4764);
#174=PLANE('',#4768);
#175=PLANE('',#4772);
#176=PLANE('',#4776);
#177=PLANE('',#4780);
#178=PLANE('',#4784);
#179=PLANE('',#4788);
#180=PLANE('',#4792);
#181=PLANE('',#4796);
#182=PLANE('',#4800);
#183=PLANE('',#4804);
#184=PLANE('',#4808);
#185=PLANE('',#4812);
#186=PLANE('',#4864);
#187=PLANE('',#4868);
#188=PLANE('',#4872);
#189=PLANE('',#4876);
#190=PLANE('',#4880);
#191=PLANE('',#4884);
#192=PLANE('',#4888);
#193=PLANE('',#4892);
#194=PLANE('',#4896);
#195=PLANE('',#4900);
#196=PLANE('',#4904);
#197=PLANE('',#4908);
#198=PLANE('',#4912);
#199=PLANE('',#4916);
#200=PLANE('',#4920);
#201=PLANE('',#4924);
#202=PLANE('',#4934);
#203=PLANE('',#4935);
#204=PLANE('',#4936);
#205=PLANE('',#4937);
#206=PLANE('',#4938);
#207=PLANE('',#4939);
#208=PLANE('',#4940);
#209=PLANE('',#4941);
#210=PLANE('',#4942);
#211=PLANE('',#4943);
#212=PLANE('',#4944);
#213=PLANE('',#4945);
#214=PLANE('',#4946);
#215=PLANE('',#4951);
#216=PLANE('',#4956);
#217=PLANE('',#4960);
#218=PLANE('',#4963);
#219=PLANE('',#4964);
#220=PLANE('',#4965);
#221=PLANE('',#4966);
#222=PLANE('',#4967);
#223=PLANE('',#4968);
#224=PLANE('',#4969);
#225=PLANE('',#4970);
#226=PLANE('',#4971);
#227=PLANE('',#5005);
#228=PLANE('',#5048);
#229=PLANE('',#5072);
#230=PLANE('',#5073);
#231=PLANE('',#5082);
#232=PLANE('',#5085);
#233=PLANE('',#5093);
#234=PLANE('',#5097);
#235=PLANE('',#5098);
#236=PLANE('',#5104);
#237=PLANE('',#5105);
#238=PLANE('',#5106);
#239=PLANE('',#5108);
#240=PLANE('',#5120);
#241=PLANE('',#5124);
#242=PLANE('',#5128);
#243=PLANE('',#5132);
#244=PLANE('',#5136);
#245=PLANE('',#5137);
#246=PLANE('',#5139);
#247=PLANE('',#5140);
#248=PLANE('',#5146);
#249=PLANE('',#5149);
#250=PLANE('',#5153);
#251=PLANE('',#5154);
#252=PLANE('',#5156);
#253=PLANE('',#5157);
#254=PLANE('',#5159);
#255=PLANE('',#5160);
#256=PLANE('',#5168);
#257=FACE_OUTER_BOUND('',#501,.T.);
#258=FACE_OUTER_BOUND('',#502,.T.);
#259=FACE_OUTER_BOUND('',#503,.T.);
#260=FACE_OUTER_BOUND('',#504,.T.);
#261=FACE_OUTER_BOUND('',#505,.T.);
#262=FACE_OUTER_BOUND('',#506,.T.);
#263=FACE_OUTER_BOUND('',#507,.T.);
#264=FACE_OUTER_BOUND('',#508,.T.);
#265=FACE_OUTER_BOUND('',#509,.T.);
#266=FACE_OUTER_BOUND('',#510,.T.);
#267=FACE_OUTER_BOUND('',#511,.T.);
#268=FACE_OUTER_BOUND('',#512,.T.);
#269=FACE_OUTER_BOUND('',#513,.T.);
#270=FACE_OUTER_BOUND('',#514,.T.);
#271=FACE_OUTER_BOUND('',#515,.T.);
#272=FACE_OUTER_BOUND('',#516,.T.);
#273=FACE_OUTER_BOUND('',#517,.T.);
#274=FACE_OUTER_BOUND('',#518,.T.);
#275=FACE_OUTER_BOUND('',#519,.T.);
#276=FACE_OUTER_BOUND('',#520,.T.);
#277=FACE_OUTER_BOUND('',#521,.T.);
#278=FACE_OUTER_BOUND('',#522,.T.);
#279=FACE_OUTER_BOUND('',#523,.T.);
#280=FACE_OUTER_BOUND('',#524,.T.);
#281=FACE_OUTER_BOUND('',#525,.T.);
#282=FACE_OUTER_BOUND('',#526,.T.);
#283=FACE_OUTER_BOUND('',#527,.T.);
#284=FACE_OUTER_BOUND('',#528,.T.);
#285=FACE_OUTER_BOUND('',#529,.T.);
#286=FACE_OUTER_BOUND('',#530,.T.);
#287=FACE_OUTER_BOUND('',#531,.T.);
#288=FACE_OUTER_BOUND('',#532,.T.);
#289=FACE_OUTER_BOUND('',#533,.T.);
#290=FACE_OUTER_BOUND('',#534,.T.);
#291=FACE_OUTER_BOUND('',#535,.T.);
#292=FACE_OUTER_BOUND('',#536,.T.);
#293=FACE_OUTER_BOUND('',#537,.T.);
#294=FACE_OUTER_BOUND('',#538,.T.);
#295=FACE_OUTER_BOUND('',#539,.T.);
#296=FACE_OUTER_BOUND('',#540,.T.);
#297=FACE_OUTER_BOUND('',#541,.T.);
#298=FACE_OUTER_BOUND('',#542,.T.);
#299=FACE_OUTER_BOUND('',#543,.T.);
#300=FACE_OUTER_BOUND('',#544,.T.);
#301=FACE_OUTER_BOUND('',#545,.T.);
#302=FACE_OUTER_BOUND('',#546,.T.);
#303=FACE_OUTER_BOUND('',#547,.T.);
#304=FACE_OUTER_BOUND('',#548,.T.);
#305=FACE_OUTER_BOUND('',#549,.T.);
#306=FACE_OUTER_BOUND('',#550,.T.);
#307=FACE_OUTER_BOUND('',#551,.T.);
#308=FACE_OUTER_BOUND('',#552,.T.);
#309=FACE_OUTER_BOUND('',#553,.T.);
#310=FACE_OUTER_BOUND('',#554,.T.);
#311=FACE_OUTER_BOUND('',#555,.T.);
#312=FACE_OUTER_BOUND('',#556,.T.);
#313=FACE_OUTER_BOUND('',#557,.T.);
#314=FACE_OUTER_BOUND('',#558,.T.);
#315=FACE_OUTER_BOUND('',#559,.T.);
#316=FACE_OUTER_BOUND('',#560,.T.);
#317=FACE_OUTER_BOUND('',#561,.T.);
#318=FACE_OUTER_BOUND('',#562,.T.);
#319=FACE_OUTER_BOUND('',#563,.T.);
#320=FACE_OUTER_BOUND('',#564,.T.);
#321=FACE_OUTER_BOUND('',#565,.T.);
#322=FACE_OUTER_BOUND('',#566,.T.);
#323=FACE_OUTER_BOUND('',#567,.T.);
#324=FACE_OUTER_BOUND('',#568,.T.);
#325=FACE_OUTER_BOUND('',#569,.T.);
#326=FACE_OUTER_BOUND('',#570,.T.);
#327=FACE_OUTER_BOUND('',#571,.T.);
#328=FACE_OUTER_BOUND('',#572,.T.);
#329=FACE_OUTER_BOUND('',#573,.T.);
#330=FACE_OUTER_BOUND('',#574,.T.);
#331=FACE_OUTER_BOUND('',#575,.T.);
#332=FACE_OUTER_BOUND('',#576,.T.);
#333=FACE_OUTER_BOUND('',#577,.T.);
#334=FACE_OUTER_BOUND('',#578,.T.);
#335=FACE_OUTER_BOUND('',#579,.T.);
#336=FACE_OUTER_BOUND('',#580,.T.);
#337=FACE_OUTER_BOUND('',#581,.T.);
#338=FACE_OUTER_BOUND('',#582,.T.);
#339=FACE_OUTER_BOUND('',#583,.T.);
#340=FACE_OUTER_BOUND('',#584,.T.);
#341=FACE_OUTER_BOUND('',#585,.T.);
#342=FACE_OUTER_BOUND('',#586,.T.);
#343=FACE_OUTER_BOUND('',#587,.T.);
#344=FACE_OUTER_BOUND('',#588,.T.);
#345=FACE_OUTER_BOUND('',#589,.T.);
#346=FACE_OUTER_BOUND('',#590,.T.);
#347=FACE_OUTER_BOUND('',#591,.T.);
#348=FACE_OUTER_BOUND('',#592,.T.);
#349=FACE_OUTER_BOUND('',#593,.T.);
#350=FACE_OUTER_BOUND('',#594,.T.);
#351=FACE_OUTER_BOUND('',#595,.T.);
#352=FACE_OUTER_BOUND('',#596,.T.);
#353=FACE_OUTER_BOUND('',#597,.T.);
#354=FACE_OUTER_BOUND('',#598,.T.);
#355=FACE_OUTER_BOUND('',#599,.T.);
#356=FACE_OUTER_BOUND('',#600,.T.);
#357=FACE_OUTER_BOUND('',#601,.T.);
#358=FACE_OUTER_BOUND('',#602,.T.);
#359=FACE_OUTER_BOUND('',#603,.T.);
#360=FACE_OUTER_BOUND('',#604,.T.);
#361=FACE_OUTER_BOUND('',#605,.T.);
#362=FACE_OUTER_BOUND('',#606,.T.);
#363=FACE_OUTER_BOUND('',#607,.T.);
#364=FACE_OUTER_BOUND('',#608,.T.);
#365=FACE_OUTER_BOUND('',#609,.T.);
#366=FACE_OUTER_BOUND('',#610,.T.);
#367=FACE_OUTER_BOUND('',#611,.T.);
#368=FACE_OUTER_BOUND('',#612,.T.);
#369=FACE_OUTER_BOUND('',#613,.T.);
#370=FACE_OUTER_BOUND('',#614,.T.);
#371=FACE_OUTER_BOUND('',#615,.T.);
#372=FACE_OUTER_BOUND('',#616,.T.);
#373=FACE_OUTER_BOUND('',#617,.T.);
#374=FACE_OUTER_BOUND('',#618,.T.);
#375=FACE_OUTER_BOUND('',#619,.T.);
#376=FACE_OUTER_BOUND('',#620,.T.);
#377=FACE_OUTER_BOUND('',#621,.T.);
#378=FACE_OUTER_BOUND('',#622,.T.);
#379=FACE_OUTER_BOUND('',#623,.T.);
#380=FACE_OUTER_BOUND('',#624,.T.);
#381=FACE_OUTER_BOUND('',#625,.T.);
#382=FACE_OUTER_BOUND('',#626,.T.);
#383=FACE_OUTER_BOUND('',#627,.T.);
#384=FACE_OUTER_BOUND('',#629,.T.);
#385=FACE_OUTER_BOUND('',#631,.T.);
#386=FACE_OUTER_BOUND('',#632,.T.);
#387=FACE_OUTER_BOUND('',#633,.T.);
#388=FACE_OUTER_BOUND('',#634,.T.);
#389=FACE_OUTER_BOUND('',#635,.T.);
#390=FACE_OUTER_BOUND('',#636,.T.);
#391=FACE_OUTER_BOUND('',#637,.T.);
#392=FACE_OUTER_BOUND('',#638,.T.);
#393=FACE_OUTER_BOUND('',#639,.T.);
#394=FACE_OUTER_BOUND('',#640,.T.);
#395=FACE_OUTER_BOUND('',#641,.T.);
#396=FACE_OUTER_BOUND('',#642,.T.);
#397=FACE_OUTER_BOUND('',#643,.T.);
#398=FACE_OUTER_BOUND('',#644,.T.);
#399=FACE_OUTER_BOUND('',#645,.T.);
#400=FACE_OUTER_BOUND('',#646,.T.);
#401=FACE_OUTER_BOUND('',#647,.T.);
#402=FACE_OUTER_BOUND('',#648,.T.);
#403=FACE_OUTER_BOUND('',#649,.T.);
#404=FACE_OUTER_BOUND('',#650,.T.);
#405=FACE_OUTER_BOUND('',#651,.T.);
#406=FACE_OUTER_BOUND('',#652,.T.);
#407=FACE_OUTER_BOUND('',#653,.T.);
#408=FACE_OUTER_BOUND('',#654,.T.);
#409=FACE_OUTER_BOUND('',#655,.T.);
#410=FACE_OUTER_BOUND('',#656,.T.);
#411=FACE_OUTER_BOUND('',#657,.T.);
#412=FACE_OUTER_BOUND('',#658,.T.);
#413=FACE_OUTER_BOUND('',#659,.T.);
#414=FACE_OUTER_BOUND('',#660,.T.);
#415=FACE_OUTER_BOUND('',#661,.T.);
#416=FACE_OUTER_BOUND('',#662,.T.);
#417=FACE_OUTER_BOUND('',#664,.T.);
#418=FACE_OUTER_BOUND('',#665,.T.);
#419=FACE_OUTER_BOUND('',#666,.T.);
#420=FACE_OUTER_BOUND('',#667,.T.);
#421=FACE_OUTER_BOUND('',#668,.T.);
#422=FACE_OUTER_BOUND('',#669,.T.);
#423=FACE_OUTER_BOUND('',#670,.T.);
#424=FACE_OUTER_BOUND('',#671,.T.);
#425=FACE_OUTER_BOUND('',#672,.T.);
#426=FACE_OUTER_BOUND('',#673,.T.);
#427=FACE_OUTER_BOUND('',#674,.T.);
#428=FACE_OUTER_BOUND('',#675,.T.);
#429=FACE_OUTER_BOUND('',#676,.T.);
#430=FACE_OUTER_BOUND('',#677,.T.);
#431=FACE_OUTER_BOUND('',#678,.T.);
#432=FACE_OUTER_BOUND('',#679,.T.);
#433=FACE_OUTER_BOUND('',#680,.T.);
#434=FACE_OUTER_BOUND('',#681,.T.);
#435=FACE_OUTER_BOUND('',#682,.T.);
#436=FACE_OUTER_BOUND('',#684,.T.);
#437=FACE_OUTER_BOUND('',#685,.T.);
#438=FACE_OUTER_BOUND('',#686,.T.);
#439=FACE_OUTER_BOUND('',#687,.T.);
#440=FACE_OUTER_BOUND('',#688,.T.);
#441=FACE_OUTER_BOUND('',#689,.T.);
#442=FACE_OUTER_BOUND('',#690,.T.);
#443=FACE_OUTER_BOUND('',#691,.T.);
#444=FACE_OUTER_BOUND('',#692,.T.);
#445=FACE_OUTER_BOUND('',#693,.T.);
#446=FACE_OUTER_BOUND('',#694,.T.);
#447=FACE_OUTER_BOUND('',#695,.T.);
#448=FACE_OUTER_BOUND('',#696,.T.);
#449=FACE_OUTER_BOUND('',#697,.T.);
#450=FACE_OUTER_BOUND('',#698,.T.);
#451=FACE_OUTER_BOUND('',#699,.T.);
#452=FACE_OUTER_BOUND('',#700,.T.);
#453=FACE_OUTER_BOUND('',#701,.T.);
#454=FACE_OUTER_BOUND('',#702,.T.);
#455=FACE_OUTER_BOUND('',#703,.T.);
#456=FACE_OUTER_BOUND('',#704,.T.);
#457=FACE_OUTER_BOUND('',#705,.T.);
#458=FACE_OUTER_BOUND('',#706,.T.);
#459=FACE_OUTER_BOUND('',#707,.T.);
#460=FACE_OUTER_BOUND('',#708,.T.);
#461=FACE_OUTER_BOUND('',#709,.T.);
#462=FACE_OUTER_BOUND('',#710,.T.);
#463=FACE_OUTER_BOUND('',#711,.T.);
#464=FACE_OUTER_BOUND('',#712,.T.);
#465=FACE_OUTER_BOUND('',#716,.T.);
#466=FACE_OUTER_BOUND('',#720,.T.);
#467=FACE_OUTER_BOUND('',#721,.T.);
#468=FACE_OUTER_BOUND('',#722,.T.);
#469=FACE_OUTER_BOUND('',#723,.T.);
#470=FACE_OUTER_BOUND('',#724,.T.);
#471=FACE_OUTER_BOUND('',#725,.T.);
#472=FACE_OUTER_BOUND('',#726,.T.);
#473=FACE_OUTER_BOUND('',#727,.T.);
#474=FACE_OUTER_BOUND('',#728,.T.);
#475=FACE_OUTER_BOUND('',#729,.T.);
#476=FACE_OUTER_BOUND('',#730,.T.);
#477=FACE_OUTER_BOUND('',#731,.T.);
#478=FACE_OUTER_BOUND('',#732,.T.);
#479=FACE_OUTER_BOUND('',#733,.T.);
#480=FACE_OUTER_BOUND('',#734,.T.);
#481=FACE_OUTER_BOUND('',#735,.T.);
#482=FACE_OUTER_BOUND('',#738,.T.);
#483=FACE_OUTER_BOUND('',#741,.T.);
#484=FACE_OUTER_BOUND('',#742,.T.);
#485=FACE_OUTER_BOUND('',#744,.T.);
#486=FACE_OUTER_BOUND('',#745,.T.);
#487=FACE_OUTER_BOUND('',#746,.T.);
#488=FACE_OUTER_BOUND('',#747,.T.);
#489=FACE_OUTER_BOUND('',#748,.T.);
#490=FACE_OUTER_BOUND('',#749,.T.);
#491=FACE_OUTER_BOUND('',#750,.T.);
#492=FACE_OUTER_BOUND('',#751,.T.);
#493=FACE_OUTER_BOUND('',#752,.T.);
#494=FACE_OUTER_BOUND('',#753,.T.);
#495=FACE_OUTER_BOUND('',#754,.T.);
#496=FACE_OUTER_BOUND('',#755,.T.);
#497=FACE_OUTER_BOUND('',#756,.T.);
#498=FACE_OUTER_BOUND('',#757,.T.);
#499=FACE_OUTER_BOUND('',#758,.T.);
#500=FACE_OUTER_BOUND('',#759,.T.);
#501=EDGE_LOOP('',(#2852,#2853,#2854,#2855));
#502=EDGE_LOOP('',(#2856,#2857,#2858,#2859));
#503=EDGE_LOOP('',(#2860,#2861,#2862,#2863));
#504=EDGE_LOOP('',(#2864,#2865,#2866,#2867));
#505=EDGE_LOOP('',(#2868,#2869,#2870,#2871));
#506=EDGE_LOOP('',(#2872,#2873,#2874,#2875));
#507=EDGE_LOOP('',(#2876,#2877,#2878,#2879));
#508=EDGE_LOOP('',(#2880,#2881,#2882,#2883));
#509=EDGE_LOOP('',(#2884,#2885,#2886,#2887));
#510=EDGE_LOOP('',(#2888,#2889,#2890,#2891));
#511=EDGE_LOOP('',(#2892,#2893,#2894,#2895));
#512=EDGE_LOOP('',(#2896,#2897,#2898,#2899));
#513=EDGE_LOOP('',(#2900,#2901,#2902,#2903));
#514=EDGE_LOOP('',(#2904,#2905,#2906,#2907));
#515=EDGE_LOOP('',(#2908,#2909,#2910,#2911));
#516=EDGE_LOOP('',(#2912,#2913,#2914,#2915));
#517=EDGE_LOOP('',(#2916,#2917,#2918,#2919));
#518=EDGE_LOOP('',(#2920,#2921,#2922,#2923));
#519=EDGE_LOOP('',(#2924,#2925,#2926,#2927));
#520=EDGE_LOOP('',(#2928,#2929,#2930,#2931));
#521=EDGE_LOOP('',(#2932,#2933,#2934,#2935));
#522=EDGE_LOOP('',(#2936,#2937,#2938,#2939));
#523=EDGE_LOOP('',(#2940,#2941,#2942,#2943));
#524=EDGE_LOOP('',(#2944,#2945,#2946,#2947));
#525=EDGE_LOOP('',(#2948,#2949,#2950,#2951));
#526=EDGE_LOOP('',(#2952,#2953,#2954,#2955));
#527=EDGE_LOOP('',(#2956,#2957,#2958,#2959));
#528=EDGE_LOOP('',(#2960,#2961,#2962,#2963));
#529=EDGE_LOOP('',(#2964,#2965,#2966,#2967));
#530=EDGE_LOOP('',(#2968,#2969,#2970,#2971));
#531=EDGE_LOOP('',(#2972,#2973,#2974,#2975));
#532=EDGE_LOOP('',(#2976,#2977,#2978,#2979));
#533=EDGE_LOOP('',(#2980,#2981,#2982,#2983));
#534=EDGE_LOOP('',(#2984,#2985,#2986,#2987));
#535=EDGE_LOOP('',(#2988,#2989,#2990,#2991));
#536=EDGE_LOOP('',(#2992,#2993,#2994,#2995));
#537=EDGE_LOOP('',(#2996,#2997,#2998,#2999));
#538=EDGE_LOOP('',(#3000,#3001,#3002,#3003));
#539=EDGE_LOOP('',(#3004,#3005,#3006,#3007));
#540=EDGE_LOOP('',(#3008,#3009,#3010,#3011));
#541=EDGE_LOOP('',(#3012,#3013,#3014,#3015));
#542=EDGE_LOOP('',(#3016,#3017,#3018,#3019));
#543=EDGE_LOOP('',(#3020,#3021,#3022,#3023));
#544=EDGE_LOOP('',(#3024,#3025,#3026,#3027));
#545=EDGE_LOOP('',(#3028,#3029,#3030,#3031));
#546=EDGE_LOOP('',(#3032,#3033,#3034,#3035));
#547=EDGE_LOOP('',(#3036,#3037,#3038,#3039));
#548=EDGE_LOOP('',(#3040,#3041,#3042,#3043));
#549=EDGE_LOOP('',(#3044,#3045,#3046,#3047));
#550=EDGE_LOOP('',(#3048,#3049,#3050,#3051));
#551=EDGE_LOOP('',(#3052,#3053,#3054,#3055));
#552=EDGE_LOOP('',(#3056,#3057,#3058,#3059));
#553=EDGE_LOOP('',(#3060,#3061,#3062,#3063));
#554=EDGE_LOOP('',(#3064,#3065,#3066,#3067));
#555=EDGE_LOOP('',(#3068,#3069,#3070,#3071));
#556=EDGE_LOOP('',(#3072,#3073,#3074,#3075));
#557=EDGE_LOOP('',(#3076,#3077,#3078,#3079));
#558=EDGE_LOOP('',(#3080,#3081,#3082,#3083));
#559=EDGE_LOOP('',(#3084,#3085,#3086,#3087));
#560=EDGE_LOOP('',(#3088,#3089,#3090,#3091));
#561=EDGE_LOOP('',(#3092,#3093,#3094,#3095));
#562=EDGE_LOOP('',(#3096,#3097,#3098,#3099));
#563=EDGE_LOOP('',(#3100,#3101,#3102,#3103));
#564=EDGE_LOOP('',(#3104,#3105,#3106,#3107));
#565=EDGE_LOOP('',(#3108,#3109,#3110,#3111));
#566=EDGE_LOOP('',(#3112,#3113,#3114,#3115));
#567=EDGE_LOOP('',(#3116,#3117,#3118,#3119));
#568=EDGE_LOOP('',(#3120,#3121,#3122,#3123));
#569=EDGE_LOOP('',(#3124,#3125,#3126,#3127));
#570=EDGE_LOOP('',(#3128,#3129,#3130,#3131));
#571=EDGE_LOOP('',(#3132,#3133,#3134,#3135));
#572=EDGE_LOOP('',(#3136,#3137,#3138,#3139));
#573=EDGE_LOOP('',(#3140,#3141,#3142,#3143));
#574=EDGE_LOOP('',(#3144,#3145,#3146,#3147));
#575=EDGE_LOOP('',(#3148,#3149,#3150,#3151));
#576=EDGE_LOOP('',(#3152,#3153,#3154,#3155));
#577=EDGE_LOOP('',(#3156,#3157,#3158,#3159));
#578=EDGE_LOOP('',(#3160,#3161,#3162,#3163));
#579=EDGE_LOOP('',(#3164,#3165,#3166,#3167));
#580=EDGE_LOOP('',(#3168,#3169,#3170,#3171));
#581=EDGE_LOOP('',(#3172,#3173,#3174,#3175));
#582=EDGE_LOOP('',(#3176,#3177,#3178,#3179));
#583=EDGE_LOOP('',(#3180,#3181,#3182,#3183));
#584=EDGE_LOOP('',(#3184,#3185,#3186,#3187));
#585=EDGE_LOOP('',(#3188,#3189,#3190,#3191));
#586=EDGE_LOOP('',(#3192,#3193,#3194,#3195));
#587=EDGE_LOOP('',(#3196,#3197,#3198,#3199));
#588=EDGE_LOOP('',(#3200,#3201,#3202,#3203));
#589=EDGE_LOOP('',(#3204,#3205,#3206,#3207));
#590=EDGE_LOOP('',(#3208,#3209,#3210,#3211));
#591=EDGE_LOOP('',(#3212,#3213,#3214,#3215));
#592=EDGE_LOOP('',(#3216,#3217,#3218,#3219));
#593=EDGE_LOOP('',(#3220,#3221,#3222,#3223));
#594=EDGE_LOOP('',(#3224,#3225,#3226,#3227));
#595=EDGE_LOOP('',(#3228,#3229,#3230,#3231));
#596=EDGE_LOOP('',(#3232,#3233,#3234,#3235));
#597=EDGE_LOOP('',(#3236,#3237,#3238,#3239));
#598=EDGE_LOOP('',(#3240,#3241,#3242,#3243));
#599=EDGE_LOOP('',(#3244,#3245,#3246,#3247));
#600=EDGE_LOOP('',(#3248,#3249,#3250,#3251));
#601=EDGE_LOOP('',(#3252,#3253,#3254,#3255));
#602=EDGE_LOOP('',(#3256,#3257,#3258,#3259));
#603=EDGE_LOOP('',(#3260,#3261,#3262,#3263));
#604=EDGE_LOOP('',(#3264,#3265,#3266,#3267));
#605=EDGE_LOOP('',(#3268,#3269,#3270,#3271));
#606=EDGE_LOOP('',(#3272,#3273,#3274,#3275));
#607=EDGE_LOOP('',(#3276,#3277,#3278,#3279));
#608=EDGE_LOOP('',(#3280,#3281,#3282,#3283));
#609=EDGE_LOOP('',(#3284,#3285,#3286,#3287));
#610=EDGE_LOOP('',(#3288,#3289,#3290,#3291));
#611=EDGE_LOOP('',(#3292,#3293,#3294,#3295));
#612=EDGE_LOOP('',(#3296,#3297,#3298,#3299));
#613=EDGE_LOOP('',(#3300,#3301,#3302,#3303));
#614=EDGE_LOOP('',(#3304,#3305,#3306,#3307));
#615=EDGE_LOOP('',(#3308,#3309,#3310,#3311));
#616=EDGE_LOOP('',(#3312,#3313,#3314,#3315));
#617=EDGE_LOOP('',(#3316,#3317,#3318,#3319));
#618=EDGE_LOOP('',(#3320,#3321,#3322,#3323));
#619=EDGE_LOOP('',(#3324,#3325,#3326,#3327));
#620=EDGE_LOOP('',(#3328,#3329,#3330,#3331));
#621=EDGE_LOOP('',(#3332,#3333,#3334,#3335));
#622=EDGE_LOOP('',(#3336,#3337,#3338,#3339));
#623=EDGE_LOOP('',(#3340,#3341,#3342,#3343));
#624=EDGE_LOOP('',(#3344,#3345,#3346,#3347));
#625=EDGE_LOOP('',(#3348,#3349,#3350,#3351));
#626=EDGE_LOOP('',(#3352,#3353,#3354,#3355));
#627=EDGE_LOOP('',(#3356,#3357,#3358,#3359,#3360,#3361,#3362,#3363,#3364,
#3365,#3366,#3367,#3368,#3369,#3370,#3371,#3372,#3373,#3374,#3375,#3376,
#3377,#3378,#3379,#3380,#3381,#3382,#3383,#3384,#3385,#3386,#3387));
#628=EDGE_LOOP('',(#3388,#3389,#3390,#3391,#3392,#3393,#3394,#3395,#3396,
#3397,#3398,#3399,#3400,#3401,#3402,#3403,#3404,#3405,#3406,#3407,#3408,
#3409,#3410,#3411,#3412,#3413,#3414,#3415,#3416,#3417,#3418,#3419,#3420,
#3421,#3422,#3423,#3424,#3425,#3426,#3427,#3428,#3429,#3430,#3431,#3432,
#3433,#3434,#3435,#3436,#3437,#3438,#3439,#3440,#3441,#3442,#3443,#3444,
#3445,#3446,#3447,#3448,#3449,#3450,#3451,#3452,#3453,#3454,#3455,#3456,
#3457,#3458,#3459,#3460,#3461,#3462,#3463,#3464,#3465,#3466,#3467,#3468,
#3469,#3470,#3471,#3472,#3473,#3474,#3475,#3476,#3477,#3478,#3479,#3480,
#3481,#3482,#3483,#3484,#3485,#3486,#3487));
#629=EDGE_LOOP('',(#3488,#3489,#3490,#3491,#3492,#3493,#3494,#3495,#3496,
#3497,#3498,#3499,#3500,#3501,#3502,#3503,#3504,#3505,#3506,#3507,#3508,
#3509,#3510,#3511,#3512,#3513,#3514,#3515,#3516,#3517,#3518,#3519));
#630=EDGE_LOOP('',(#3520,#3521,#3522,#3523,#3524,#3525,#3526,#3527,#3528,
#3529,#3530,#3531,#3532,#3533,#3534,#3535,#3536,#3537,#3538,#3539,#3540,
#3541,#3542,#3543,#3544,#3545,#3546,#3547,#3548,#3549,#3550,#3551,#3552,
#3553,#3554,#3555,#3556,#3557,#3558,#3559,#3560,#3561,#3562,#3563,#3564,
#3565,#3566,#3567,#3568,#3569,#3570,#3571,#3572,#3573,#3574,#3575,#3576,
#3577,#3578,#3579,#3580,#3581,#3582,#3583,#3584,#3585,#3586,#3587,#3588,
#3589,#3590,#3591,#3592,#3593,#3594,#3595,#3596,#3597,#3598,#3599,#3600,
#3601,#3602,#3603,#3604,#3605,#3606,#3607,#3608,#3609,#3610,#3611,#3612,
#3613,#3614,#3615,#3616,#3617,#3618,#3619));
#631=EDGE_LOOP('',(#3620,#3621,#3622,#3623));
#632=EDGE_LOOP('',(#3624,#3625,#3626,#3627));
#633=EDGE_LOOP('',(#3628,#3629,#3630,#3631));
#634=EDGE_LOOP('',(#3632,#3633,#3634,#3635));
#635=EDGE_LOOP('',(#3636,#3637,#3638,#3639));
#636=EDGE_LOOP('',(#3640,#3641,#3642,#3643));
#637=EDGE_LOOP('',(#3644,#3645,#3646));
#638=EDGE_LOOP('',(#3647,#3648,#3649,#3650));
#639=EDGE_LOOP('',(#3651,#3652,#3653));
#640=EDGE_LOOP('',(#3654,#3655,#3656,#3657));
#641=EDGE_LOOP('',(#3658,#3659,#3660,#3661));
#642=EDGE_LOOP('',(#3662,#3663,#3664,#3665));
#643=EDGE_LOOP('',(#3666,#3667,#3668,#3669));
#644=EDGE_LOOP('',(#3670,#3671,#3672,#3673));
#645=EDGE_LOOP('',(#3674,#3675,#3676,#3677));
#646=EDGE_LOOP('',(#3678,#3679,#3680,#3681));
#647=EDGE_LOOP('',(#3682,#3683,#3684,#3685));
#648=EDGE_LOOP('',(#3686,#3687,#3688,#3689));
#649=EDGE_LOOP('',(#3690,#3691,#3692,#3693));
#650=EDGE_LOOP('',(#3694,#3695,#3696,#3697));
#651=EDGE_LOOP('',(#3698,#3699,#3700,#3701));
#652=EDGE_LOOP('',(#3702,#3703,#3704,#3705));
#653=EDGE_LOOP('',(#3706,#3707,#3708,#3709));
#654=EDGE_LOOP('',(#3710,#3711,#3712,#3713));
#655=EDGE_LOOP('',(#3714,#3715,#3716,#3717));
#656=EDGE_LOOP('',(#3718,#3719,#3720,#3721));
#657=EDGE_LOOP('',(#3722,#3723,#3724,#3725));
#658=EDGE_LOOP('',(#3726,#3727,#3728,#3729));
#659=EDGE_LOOP('',(#3730,#3731,#3732,#3733));
#660=EDGE_LOOP('',(#3734,#3735,#3736,#3737));
#661=EDGE_LOOP('',(#3738,#3739,#3740,#3741));
#662=EDGE_LOOP('',(#3742,#3743,#3744,#3745,#3746,#3747,#3748,#3749));
#663=EDGE_LOOP('',(#3750,#3751,#3752,#3753,#3754,#3755,#3756,#3757));
#664=EDGE_LOOP('',(#3758,#3759,#3760,#3761));
#665=EDGE_LOOP('',(#3762,#3763,#3764,#3765));
#666=EDGE_LOOP('',(#3766,#3767,#3768,#3769));
#667=EDGE_LOOP('',(#3770,#3771,#3772,#3773));
#668=EDGE_LOOP('',(#3774,#3775,#3776,#3777));
#669=EDGE_LOOP('',(#3778,#3779,#3780,#3781));
#670=EDGE_LOOP('',(#3782,#3783,#3784,#3785));
#671=EDGE_LOOP('',(#3786,#3787,#3788,#3789));
#672=EDGE_LOOP('',(#3790,#3791,#3792,#3793));
#673=EDGE_LOOP('',(#3794,#3795,#3796,#3797));
#674=EDGE_LOOP('',(#3798,#3799,#3800,#3801));
#675=EDGE_LOOP('',(#3802,#3803,#3804,#3805));
#676=EDGE_LOOP('',(#3806,#3807,#3808,#3809));
#677=EDGE_LOOP('',(#3810,#3811,#3812,#3813));
#678=EDGE_LOOP('',(#3814,#3815,#3816,#3817));
#679=EDGE_LOOP('',(#3818,#3819,#3820,#3821));
#680=EDGE_LOOP('',(#3822,#3823,#3824,#3825));
#681=EDGE_LOOP('',(#3826,#3827,#3828,#3829));
#682=EDGE_LOOP('',(#3830,#3831,#3832,#3833,#3834,#3835,#3836,#3837));
#683=EDGE_LOOP('',(#3838,#3839,#3840,#3841,#3842,#3843,#3844,#3845));
#684=EDGE_LOOP('',(#3846,#3847,#3848,#3849));
#685=EDGE_LOOP('',(#3850,#3851,#3852,#3853));
#686=EDGE_LOOP('',(#3854,#3855,#3856,#3857));
#687=EDGE_LOOP('',(#3858,#3859,#3860,#3861));
#688=EDGE_LOOP('',(#3862,#3863,#3864,#3865));
#689=EDGE_LOOP('',(#3866,#3867,#3868,#3869));
#690=EDGE_LOOP('',(#3870,#3871,#3872,#3873));
#691=EDGE_LOOP('',(#3874,#3875,#3876,#3877));
#692=EDGE_LOOP('',(#3878,#3879,#3880,#3881));
#693=EDGE_LOOP('',(#3882,#3883,#3884,#3885));
#694=EDGE_LOOP('',(#3886,#3887,#3888,#3889));
#695=EDGE_LOOP('',(#3890,#3891,#3892,#3893));
#696=EDGE_LOOP('',(#3894,#3895,#3896,#3897));
#697=EDGE_LOOP('',(#3898,#3899,#3900,#3901));
#698=EDGE_LOOP('',(#3902,#3903,#3904,#3905));
#699=EDGE_LOOP('',(#3906,#3907,#3908,#3909));
#700=EDGE_LOOP('',(#3910,#3911,#3912,#3913));
#701=EDGE_LOOP('',(#3914,#3915,#3916,#3917));
#702=EDGE_LOOP('',(#3918,#3919,#3920,#3921));
#703=EDGE_LOOP('',(#3922,#3923,#3924,#3925));
#704=EDGE_LOOP('',(#3926,#3927,#3928,#3929));
#705=EDGE_LOOP('',(#3930,#3931,#3932,#3933));
#706=EDGE_LOOP('',(#3934,#3935,#3936,#3937));
#707=EDGE_LOOP('',(#3938,#3939,#3940,#3941));
#708=EDGE_LOOP('',(#3942,#3943,#3944,#3945));
#709=EDGE_LOOP('',(#3946,#3947,#3948,#3949));
#710=EDGE_LOOP('',(#3950,#3951,#3952,#3953));
#711=EDGE_LOOP('',(#3954,#3955,#3956,#3957));
#712=EDGE_LOOP('',(#3958,#3959,#3960,#3961,#3962,#3963,#3964,#3965));
#713=EDGE_LOOP('',(#3966));
#714=EDGE_LOOP('',(#3967));
#715=EDGE_LOOP('',(#3968,#3969,#3970,#3971,#3972,#3973,#3974,#3975,#3976,
#3977,#3978,#3979,#3980,#3981,#3982,#3983,#3984,#3985,#3986,#3987,#3988,
#3989));
#716=EDGE_LOOP('',(#3990,#3991,#3992,#3993,#3994,#3995,#3996,#3997));
#717=EDGE_LOOP('',(#3998));
#718=EDGE_LOOP('',(#3999));
#719=EDGE_LOOP('',(#4000,#4001,#4002,#4003,#4004,#4005,#4006,#4007,#4008,
#4009,#4010,#4011,#4012,#4013,#4014,#4015,#4016,#4017,#4018,#4019,#4020,
#4021,#4022,#4023));
#720=EDGE_LOOP('',(#4024,#4025,#4026,#4027));
#721=EDGE_LOOP('',(#4028,#4029,#4030,#4031));
#722=EDGE_LOOP('',(#4032,#4033,#4034,#4035));
#723=EDGE_LOOP('',(#4036,#4037,#4038,#4039));
#724=EDGE_LOOP('',(#4040,#4041,#4042,#4043));
#725=EDGE_LOOP('',(#4044,#4045,#4046,#4047));
#726=EDGE_LOOP('',(#4048,#4049,#4050,#4051));
#727=EDGE_LOOP('',(#4052,#4053,#4054,#4055));
#728=EDGE_LOOP('',(#4056,#4057,#4058,#4059));
#729=EDGE_LOOP('',(#4060,#4061,#4062,#4063));
#730=EDGE_LOOP('',(#4064,#4065,#4066,#4067));
#731=EDGE_LOOP('',(#4068,#4069,#4070,#4071));
#732=EDGE_LOOP('',(#4072,#4073,#4074,#4075));
#733=EDGE_LOOP('',(#4076,#4077,#4078,#4079));
#734=EDGE_LOOP('',(#4080,#4081,#4082,#4083));
#735=EDGE_LOOP('',(#4084,#4085,#4086,#4087,#4088,#4089,#4090,#4091));
#736=EDGE_LOOP('',(#4092));
#737=EDGE_LOOP('',(#4093));
#738=EDGE_LOOP('',(#4094,#4095,#4096,#4097,#4098,#4099,#4100,#4101));
#739=EDGE_LOOP('',(#4102));
#740=EDGE_LOOP('',(#4103));
#741=EDGE_LOOP('',(#4104,#4105,#4106,#4107));
#742=EDGE_LOOP('',(#4108));
#743=EDGE_LOOP('',(#4109,#4110,#4111,#4112,#4113,#4114,#4115,#4116,#4117,
#4118,#4119,#4120));
#744=EDGE_LOOP('',(#4121,#4122,#4123,#4124));
#745=EDGE_LOOP('',(#4125,#4126,#4127,#4128));
#746=EDGE_LOOP('',(#4129,#4130,#4131,#4132,#4133,#4134,#4135,#4136,#4137,
#4138,#4139,#4140));
#747=EDGE_LOOP('',(#4141,#4142,#4143,#4144));
#748=EDGE_LOOP('',(#4145,#4146,#4147,#4148));
#749=EDGE_LOOP('',(#4149,#4150,#4151,#4152));
#750=EDGE_LOOP('',(#4153,#4154,#4155,#4156));
#751=EDGE_LOOP('',(#4157,#4158,#4159,#4160));
#752=EDGE_LOOP('',(#4161,#4162,#4163,#4164));
#753=EDGE_LOOP('',(#4165,#4166,#4167,#4168));
#754=EDGE_LOOP('',(#4169,#4170,#4171,#4172));
#755=EDGE_LOOP('',(#4173,#4174,#4175,#4176));
#756=EDGE_LOOP('',(#4177,#4178,#4179,#4180));
#757=EDGE_LOOP('',(#4181,#4182,#4183,#4184,#4185));
#758=EDGE_LOOP('',(#4186));
#759=EDGE_LOOP('',(#4187,#4188,#4189,#4190,#4191));
#760=LINE('',#6575,#1115);
#761=LINE('',#6578,#1116);
#762=LINE('',#6581,#1117);
#763=LINE('',#6583,#1118);
#764=LINE('',#6584,#1119);
#765=LINE('',#6590,#1120);
#766=LINE('',#6593,#1121);
#767=LINE('',#6596,#1122);
#768=LINE('',#6598,#1123);
#769=LINE('',#6599,#1124);
#770=LINE('',#6605,#1125);
#771=LINE('',#6608,#1126);
#772=LINE('',#6614,#1127);
#773=LINE('',#6617,#1128);
#774=LINE('',#6619,#1129);
#775=LINE('',#6620,#1130);
#776=LINE('',#6626,#1131);
#777=LINE('',#6629,#1132);
#778=LINE('',#6635,#1133);
#779=LINE('',#6638,#1134);
#780=LINE('',#6644,#1135);
#781=LINE('',#6647,#1136);
#782=LINE('',#6653,#1137);
#783=LINE('',#6656,#1138);
#784=LINE('',#6662,#1139);
#785=LINE('',#6665,#1140);
#786=LINE('',#6671,#1141);
#787=LINE('',#6674,#1142);
#788=LINE('',#6680,#1143);
#789=LINE('',#6683,#1144);
#790=LINE('',#6689,#1145);
#791=LINE('',#6692,#1146);
#792=LINE('',#6696,#1147);
#793=LINE('',#6698,#1148);
#794=LINE('',#6700,#1149);
#795=LINE('',#6701,#1150);
#796=LINE('',#6707,#1151);
#797=LINE('',#6712,#1152);
#798=LINE('',#6719,#1153);
#799=LINE('',#6722,#1154);
#800=LINE('',#6728,#1155);
#801=LINE('',#6734,#1156);
#802=LINE('',#6740,#1157);
#803=LINE('',#6746,#1158);
#804=LINE('',#6752,#1159);
#805=LINE('',#6758,#1160);
#806=LINE('',#6764,#1161);
#807=LINE('',#6770,#1162);
#808=LINE('',#6776,#1163);
#809=LINE('',#6782,#1164);
#810=LINE('',#6788,#1165);
#811=LINE('',#6794,#1166);
#812=LINE('',#6800,#1167);
#813=LINE('',#6803,#1168);
#814=LINE('',#6805,#1169);
#815=LINE('',#6806,#1170);
#816=LINE('',#6812,#1171);
#817=LINE('',#6815,#1172);
#818=LINE('',#6817,#1173);
#819=LINE('',#6818,#1174);
#820=LINE('',#6824,#1175);
#821=LINE('',#6827,#1176);
#822=LINE('',#6829,#1177);
#823=LINE('',#6830,#1178);
#824=LINE('',#6836,#1179);
#825=LINE('',#6839,#1180);
#826=LINE('',#6841,#1181);
#827=LINE('',#6842,#1182);
#828=LINE('',#6848,#1183);
#829=LINE('',#6851,#1184);
#830=LINE('',#6853,#1185);
#831=LINE('',#6854,#1186);
#832=LINE('',#6860,#1187);
#833=LINE('',#6863,#1188);
#834=LINE('',#6865,#1189);
#835=LINE('',#6866,#1190);
#836=LINE('',#6872,#1191);
#837=LINE('',#6875,#1192);
#838=LINE('',#6877,#1193);
#839=LINE('',#6878,#1194);
#840=LINE('',#6884,#1195);
#841=LINE('',#6886,#1196);
#842=LINE('',#6887,#1197);
#843=LINE('',#6893,#1198);
#844=LINE('',#6896,#1199);
#845=LINE('',#6898,#1200);
#846=LINE('',#6899,#1201);
#847=LINE('',#6905,#1202);
#848=LINE('',#6908,#1203);
#849=LINE('',#6910,#1204);
#850=LINE('',#6911,#1205);
#851=LINE('',#6917,#1206);
#852=LINE('',#6920,#1207);
#853=LINE('',#6922,#1208);
#854=LINE('',#6923,#1209);
#855=LINE('',#6929,#1210);
#856=LINE('',#6932,#1211);
#857=LINE('',#6934,#1212);
#858=LINE('',#6935,#1213);
#859=LINE('',#6941,#1214);
#860=LINE('',#6944,#1215);
#861=LINE('',#6946,#1216);
#862=LINE('',#6947,#1217);
#863=LINE('',#6953,#1218);
#864=LINE('',#6956,#1219);
#865=LINE('',#6958,#1220);
#866=LINE('',#6959,#1221);
#867=LINE('',#6965,#1222);
#868=LINE('',#6968,#1223);
#869=LINE('',#6970,#1224);
#870=LINE('',#6971,#1225);
#871=LINE('',#6977,#1226);
#872=LINE('',#6980,#1227);
#873=LINE('',#6982,#1228);
#874=LINE('',#6983,#1229);
#875=LINE('',#6989,#1230);
#876=LINE('',#6995,#1231);
#877=LINE('',#7001,#1232);
#878=LINE('',#7007,#1233);
#879=LINE('',#7010,#1234);
#880=LINE('',#7016,#1235);
#881=LINE('',#7022,#1236);
#882=LINE('',#7028,#1237);
#883=LINE('',#7034,#1238);
#884=LINE('',#7040,#1239);
#885=LINE('',#7046,#1240);
#886=LINE('',#7052,#1241);
#887=LINE('',#7058,#1242);
#888=LINE('',#7064,#1243);
#889=LINE('',#7070,#1244);
#890=LINE('',#7079,#1245);
#891=LINE('',#7085,#1246);
#892=LINE('',#7088,#1247);
#893=LINE('',#7090,#1248);
#894=LINE('',#7091,#1249);
#895=LINE('',#7097,#1250);
#896=LINE('',#7100,#1251);
#897=LINE('',#7102,#1252);
#898=LINE('',#7103,#1253);
#899=LINE('',#7109,#1254);
#900=LINE('',#7112,#1255);
#901=LINE('',#7114,#1256);
#902=LINE('',#7115,#1257);
#903=LINE('',#7121,#1258);
#904=LINE('',#7124,#1259);
#905=LINE('',#7126,#1260);
#906=LINE('',#7127,#1261);
#907=LINE('',#7133,#1262);
#908=LINE('',#7136,#1263);
#909=LINE('',#7138,#1264);
#910=LINE('',#7139,#1265);
#911=LINE('',#7145,#1266);
#912=LINE('',#7148,#1267);
#913=LINE('',#7150,#1268);
#914=LINE('',#7151,#1269);
#915=LINE('',#7157,#1270);
#916=LINE('',#7160,#1271);
#917=LINE('',#7162,#1272);
#918=LINE('',#7163,#1273);
#919=LINE('',#7169,#1274);
#920=LINE('',#7172,#1275);
#921=LINE('',#7174,#1276);
#922=LINE('',#7175,#1277);
#923=LINE('',#7181,#1278);
#924=LINE('',#7183,#1279);
#925=LINE('',#7184,#1280);
#926=LINE('',#7190,#1281);
#927=LINE('',#7193,#1282);
#928=LINE('',#7195,#1283);
#929=LINE('',#7196,#1284);
#930=LINE('',#7202,#1285);
#931=LINE('',#7205,#1286);
#932=LINE('',#7207,#1287);
#933=LINE('',#7208,#1288);
#934=LINE('',#7214,#1289);
#935=LINE('',#7217,#1290);
#936=LINE('',#7219,#1291);
#937=LINE('',#7220,#1292);
#938=LINE('',#7226,#1293);
#939=LINE('',#7229,#1294);
#940=LINE('',#7231,#1295);
#941=LINE('',#7232,#1296);
#942=LINE('',#7238,#1297);
#943=LINE('',#7241,#1298);
#944=LINE('',#7243,#1299);
#945=LINE('',#7244,#1300);
#946=LINE('',#7250,#1301);
#947=LINE('',#7253,#1302);
#948=LINE('',#7255,#1303);
#949=LINE('',#7256,#1304);
#950=LINE('',#7262,#1305);
#951=LINE('',#7265,#1306);
#952=LINE('',#7267,#1307);
#953=LINE('',#7268,#1308);
#954=LINE('',#7274,#1309);
#955=LINE('',#7280,#1310);
#956=LINE('',#7286,#1311);
#957=LINE('',#7288,#1312);
#958=LINE('',#7289,#1313);
#959=LINE('',#7292,#1314);
#960=LINE('',#7294,#1315);
#961=LINE('',#7295,#1316);
#962=LINE('',#7298,#1317);
#963=LINE('',#7300,#1318);
#964=LINE('',#7301,#1319);
#965=LINE('',#7304,#1320);
#966=LINE('',#7306,#1321);
#967=LINE('',#7307,#1322);
#968=LINE('',#7309,#1323);
#969=LINE('',#7310,#1324);
#970=LINE('',#7312,#1325);
#971=LINE('',#7313,#1326);
#972=LINE('',#7315,#1327);
#973=LINE('',#7316,#1328);
#974=LINE('',#7318,#1329);
#975=LINE('',#7319,#1330);
#976=LINE('',#7322,#1331);
#977=LINE('',#7324,#1332);
#978=LINE('',#7325,#1333);
#979=LINE('',#7328,#1334);
#980=LINE('',#7330,#1335);
#981=LINE('',#7331,#1336);
#982=LINE('',#7333,#1337);
#983=LINE('',#7334,#1338);
#984=LINE('',#7337,#1339);
#985=LINE('',#7339,#1340);
#986=LINE('',#7340,#1341);
#987=LINE('',#7345,#1342);
#988=LINE('',#7347,#1343);
#989=LINE('',#7351,#1344);
#990=LINE('',#7354,#1345);
#991=LINE('',#7358,#1346);
#992=LINE('',#7368,#1347);
#993=LINE('',#7370,#1348);
#994=LINE('',#7371,#1349);
#995=LINE('',#7375,#1350);
#996=LINE('',#7376,#1351);
#997=LINE('',#7377,#1352);
#998=LINE('',#7380,#1353);
#999=LINE('',#7381,#1354);
#1000=LINE('',#7384,#1355);
#1001=LINE('',#7386,#1356);
#1002=LINE('',#7387,#1357);
#1003=LINE('',#7390,#1358);
#1004=LINE('',#7392,#1359);
#1005=LINE('',#7393,#1360);
#1006=LINE('',#7511,#1361);
#1007=LINE('',#7517,#1362);
#1008=LINE('',#7629,#1363);
#1009=LINE('',#7635,#1364);
#1010=LINE('',#7753,#1365);
#1011=LINE('',#7759,#1366);
#1012=LINE('',#7871,#1367);
#1013=LINE('',#7877,#1368);
#1014=LINE('',#7891,#1369);
#1015=LINE('',#7892,#1370);
#1016=LINE('',#7897,#1371);
#1017=LINE('',#7898,#1372);
#1018=LINE('',#7915,#1373);
#1019=LINE('',#7916,#1374);
#1020=LINE('',#7921,#1375);
#1021=LINE('',#7922,#1376);
#1022=LINE('',#7930,#1377);
#1023=LINE('',#7947,#1378);
#1024=LINE('',#7965,#1379);
#1025=LINE('',#7969,#1380);
#1026=LINE('',#7973,#1381);
#1027=LINE('',#7976,#1382);
#1028=LINE('',#8364,#1383);
#1029=LINE('',#8367,#1384);
#1030=LINE('',#8384,#1385);
#1031=LINE('',#8385,#1386);
#1032=LINE('',#8390,#1387);
#1033=LINE('',#8391,#1388);
#1034=LINE('',#8405,#1389);
#1035=LINE('',#8406,#1390);
#1036=LINE('',#8423,#1391);
#1037=LINE('',#8439,#1392);
#1038=LINE('',#8443,#1393);
#1039=LINE('',#8447,#1394);
#1040=LINE('',#8451,#1395);
#1041=LINE('',#8457,#1396);
#1042=LINE('',#8463,#1397);
#1043=LINE('',#8469,#1398);
#1044=LINE('',#8475,#1399);
#1045=LINE('',#8479,#1400);
#1046=LINE('',#8481,#1401);
#1047=LINE('',#8485,#1402);
#1048=LINE('',#8488,#1403);
#1049=LINE('',#8494,#1404);
#1050=LINE('',#8495,#1405);
#1051=LINE('',#8498,#1406);
#1052=LINE('',#8499,#1407);
#1053=LINE('',#8502,#1408);
#1054=LINE('',#8517,#1409);
#1055=LINE('',#8523,#1410);
#1056=LINE('',#8524,#1411);
#1057=LINE('',#8529,#1412);
#1058=LINE('',#8530,#1413);
#1059=LINE('',#8533,#1414);
#1060=LINE('',#8560,#1415);
#1061=LINE('',#8563,#1416);
#1062=LINE('',#8564,#1417);
#1063=LINE('',#8566,#1418);
#1064=LINE('',#8571,#1419);
#1065=LINE('',#8572,#1420);
#1066=LINE('',#8574,#1421);
#1067=LINE('',#8575,#1422);
#1068=LINE('',#8578,#1423);
#1069=LINE('',#8593,#1424);
#1070=LINE('',#8595,#1425);
#1071=LINE('',#8597,#1426);
#1072=LINE('',#8606,#1427);
#1073=LINE('',#8610,#1428);
#1074=LINE('',#8616,#1429);
#1075=LINE('',#8620,#1430);
#1076=LINE('',#8625,#1431);
#1077=LINE('',#8627,#1432);
#1078=LINE('',#8629,#1433);
#1079=LINE('',#8630,#1434);
#1080=LINE('',#8635,#1435);
#1081=LINE('',#8639,#1436);
#1082=LINE('',#8641,#1437);
#1083=LINE('',#8642,#1438);
#1084=LINE('',#8647,#1439);
#1085=LINE('',#8651,#1440);
#1086=LINE('',#8653,#1441);
#1087=LINE('',#8654,#1442);
#1088=LINE('',#8659,#1443);
#1089=LINE('',#8663,#1444);
#1090=LINE('',#8665,#1445);
#1091=LINE('',#8666,#1446);
#1092=LINE('',#8676,#1447);
#1093=LINE('',#8682,#1448);
#1094=LINE('',#8683,#1449);
#1095=LINE('',#8689,#1450);
#1096=LINE('',#8691,#1451);
#1097=LINE('',#8695,#1452);
#1098=LINE('',#8697,#1453);
#1099=LINE('',#8700,#1454);
#1100=LINE('',#8704,#1455);
#1101=LINE('',#8706,#1456);
#1102=LINE('',#8711,#1457);
#1103=LINE('',#8712,#1458);
#1104=LINE('',#8722,#1459);
#1105=LINE('',#8725,#1460);
#1106=LINE('',#8727,#1461);
#1107=LINE('',#8731,#1462);
#1108=LINE('',#8733,#1463);
#1109=LINE('',#8736,#1464);
#1110=LINE('',#8741,#1465);
#1111=LINE('',#8752,#1466);
#1112=LINE('',#8773,#1467);
#1113=LINE('',#8777,#1468);
#1114=LINE('',#8783,#1469);
#1115=VECTOR('',#5187,10.);
#1116=VECTOR('',#5190,10.);
#1117=VECTOR('',#5193,10.);
#1118=VECTOR('',#5194,10.);
#1119=VECTOR('',#5195,10.);
#1120=VECTOR('',#5200,10.);
#1121=VECTOR('',#5203,10.);
#1122=VECTOR('',#5206,10.);
#1123=VECTOR('',#5207,10.);
#1124=VECTOR('',#5208,10.);
#1125=VECTOR('',#5213,10.);
#1126=VECTOR('',#5216,10.);
#1127=VECTOR('',#5221,10.);
#1128=VECTOR('',#5224,10.);
#1129=VECTOR('',#5227,10.);
#1130=VECTOR('',#5228,10.);
#1131=VECTOR('',#5233,10.);
#1132=VECTOR('',#5236,10.);
#1133=VECTOR('',#5241,10.);
#1134=VECTOR('',#5244,10.);
#1135=VECTOR('',#5249,10.);
#1136=VECTOR('',#5252,10.);
#1137=VECTOR('',#5257,10.);
#1138=VECTOR('',#5260,10.);
#1139=VECTOR('',#5265,10.);
#1140=VECTOR('',#5268,10.);
#1141=VECTOR('',#5273,10.);
#1142=VECTOR('',#5276,10.);
#1143=VECTOR('',#5281,10.);
#1144=VECTOR('',#5284,10.);
#1145=VECTOR('',#5289,10.);
#1146=VECTOR('',#5292,10.);
#1147=VECTOR('',#5295,10.);
#1148=VECTOR('',#5296,10.);
#1149=VECTOR('',#5297,10.);
#1150=VECTOR('',#5298,10.);
#1151=VECTOR('',#5305,10.);
#1152=VECTOR('',#5310,10.);
#1153=VECTOR('',#5317,10.);
#1154=VECTOR('',#5320,10.);
#1155=VECTOR('',#5327,10.);
#1156=VECTOR('',#5334,10.);
#1157=VECTOR('',#5341,10.);
#1158=VECTOR('',#5348,10.);
#1159=VECTOR('',#5355,10.);
#1160=VECTOR('',#5362,10.);
#1161=VECTOR('',#5369,10.);
#1162=VECTOR('',#5376,10.);
#1163=VECTOR('',#5383,10.);
#1164=VECTOR('',#5390,10.);
#1165=VECTOR('',#5397,10.);
#1166=VECTOR('',#5404,10.);
#1167=VECTOR('',#5411,10.);
#1168=VECTOR('',#5414,10.);
#1169=VECTOR('',#5415,10.);
#1170=VECTOR('',#5416,10.);
#1171=VECTOR('',#5423,10.);
#1172=VECTOR('',#5426,10.);
#1173=VECTOR('',#5427,10.);
#1174=VECTOR('',#5428,10.);
#1175=VECTOR('',#5435,10.);
#1176=VECTOR('',#5438,10.);
#1177=VECTOR('',#5439,10.);
#1178=VECTOR('',#5440,10.);
#1179=VECTOR('',#5447,10.);
#1180=VECTOR('',#5450,10.);
#1181=VECTOR('',#5451,10.);
#1182=VECTOR('',#5452,10.);
#1183=VECTOR('',#5459,10.);
#1184=VECTOR('',#5462,10.);
#1185=VECTOR('',#5463,10.);
#1186=VECTOR('',#5464,10.);
#1187=VECTOR('',#5471,10.);
#1188=VECTOR('',#5474,10.);
#1189=VECTOR('',#5475,10.);
#1190=VECTOR('',#5476,10.);
#1191=VECTOR('',#5483,10.);
#1192=VECTOR('',#5486,10.);
#1193=VECTOR('',#5487,10.);
#1194=VECTOR('',#5488,10.);
#1195=VECTOR('',#5495,10.);
#1196=VECTOR('',#5498,10.);
#1197=VECTOR('',#5499,10.);
#1198=VECTOR('',#5506,10.);
#1199=VECTOR('',#5509,10.);
#1200=VECTOR('',#5510,10.);
#1201=VECTOR('',#5511,10.);
#1202=VECTOR('',#5518,10.);
#1203=VECTOR('',#5521,10.);
#1204=VECTOR('',#5522,10.);
#1205=VECTOR('',#5523,10.);
#1206=VECTOR('',#5530,10.);
#1207=VECTOR('',#5533,10.);
#1208=VECTOR('',#5534,10.);
#1209=VECTOR('',#5535,10.);
#1210=VECTOR('',#5542,10.);
#1211=VECTOR('',#5545,10.);
#1212=VECTOR('',#5546,10.);
#1213=VECTOR('',#5547,10.);
#1214=VECTOR('',#5554,10.);
#1215=VECTOR('',#5557,10.);
#1216=VECTOR('',#5558,10.);
#1217=VECTOR('',#5559,10.);
#1218=VECTOR('',#5566,10.);
#1219=VECTOR('',#5569,10.);
#1220=VECTOR('',#5570,10.);
#1221=VECTOR('',#5571,10.);
#1222=VECTOR('',#5578,10.);
#1223=VECTOR('',#5581,10.);
#1224=VECTOR('',#5582,10.);
#1225=VECTOR('',#5583,10.);
#1226=VECTOR('',#5590,10.);
#1227=VECTOR('',#5593,10.);
#1228=VECTOR('',#5594,10.);
#1229=VECTOR('',#5595,10.);
#1230=VECTOR('',#5602,10.);
#1231=VECTOR('',#5609,10.);
#1232=VECTOR('',#5616,10.);
#1233=VECTOR('',#5621,10.);
#1234=VECTOR('',#5624,10.);
#1235=VECTOR('',#5631,10.);
#1236=VECTOR('',#5638,10.);
#1237=VECTOR('',#5645,10.);
#1238=VECTOR('',#5652,10.);
#1239=VECTOR('',#5659,10.);
#1240=VECTOR('',#5666,10.);
#1241=VECTOR('',#5673,10.);
#1242=VECTOR('',#5680,10.);
#1243=VECTOR('',#5687,10.);
#1244=VECTOR('',#5694,10.);
#1245=VECTOR('',#5707,10.);
#1246=VECTOR('',#5714,10.);
#1247=VECTOR('',#5717,10.);
#1248=VECTOR('',#5718,10.);
#1249=VECTOR('',#5719,10.);
#1250=VECTOR('',#5726,10.);
#1251=VECTOR('',#5729,10.);
#1252=VECTOR('',#5730,10.);
#1253=VECTOR('',#5731,10.);
#1254=VECTOR('',#5738,10.);
#1255=VECTOR('',#5741,10.);
#1256=VECTOR('',#5742,10.);
#1257=VECTOR('',#5743,10.);
#1258=VECTOR('',#5750,10.);
#1259=VECTOR('',#5753,10.);
#1260=VECTOR('',#5754,10.);
#1261=VECTOR('',#5755,10.);
#1262=VECTOR('',#5762,10.);
#1263=VECTOR('',#5765,10.);
#1264=VECTOR('',#5766,10.);
#1265=VECTOR('',#5767,10.);
#1266=VECTOR('',#5774,10.);
#1267=VECTOR('',#5777,10.);
#1268=VECTOR('',#5778,10.);
#1269=VECTOR('',#5779,10.);
#1270=VECTOR('',#5786,10.);
#1271=VECTOR('',#5789,10.);
#1272=VECTOR('',#5790,10.);
#1273=VECTOR('',#5791,10.);
#1274=VECTOR('',#5798,10.);
#1275=VECTOR('',#5801,10.);
#1276=VECTOR('',#5802,10.);
#1277=VECTOR('',#5803,10.);
#1278=VECTOR('',#5810,10.);
#1279=VECTOR('',#5813,10.);
#1280=VECTOR('',#5814,10.);
#1281=VECTOR('',#5821,10.);
#1282=VECTOR('',#5824,10.);
#1283=VECTOR('',#5825,10.);
#1284=VECTOR('',#5826,10.);
#1285=VECTOR('',#5833,10.);
#1286=VECTOR('',#5836,10.);
#1287=VECTOR('',#5837,10.);
#1288=VECTOR('',#5838,10.);
#1289=VECTOR('',#5845,10.);
#1290=VECTOR('',#5848,10.);
#1291=VECTOR('',#5849,10.);
#1292=VECTOR('',#5850,10.);
#1293=VECTOR('',#5857,10.);
#1294=VECTOR('',#5860,10.);
#1295=VECTOR('',#5861,10.);
#1296=VECTOR('',#5862,10.);
#1297=VECTOR('',#5869,10.);
#1298=VECTOR('',#5872,10.);
#1299=VECTOR('',#5873,10.);
#1300=VECTOR('',#5874,10.);
#1301=VECTOR('',#5881,10.);
#1302=VECTOR('',#5884,10.);
#1303=VECTOR('',#5885,10.);
#1304=VECTOR('',#5886,10.);
#1305=VECTOR('',#5893,10.);
#1306=VECTOR('',#5896,10.);
#1307=VECTOR('',#5897,10.);
#1308=VECTOR('',#5898,10.);
#1309=VECTOR('',#5905,10.);
#1310=VECTOR('',#5912,10.);
#1311=VECTOR('',#5921,10.);
#1312=VECTOR('',#5922,10.);
#1313=VECTOR('',#5923,10.);
#1314=VECTOR('',#5926,10.);
#1315=VECTOR('',#5927,10.);
#1316=VECTOR('',#5928,10.);
#1317=VECTOR('',#5931,10.);
#1318=VECTOR('',#5932,10.);
#1319=VECTOR('',#5933,10.);
#1320=VECTOR('',#5936,10.);
#1321=VECTOR('',#5937,10.);
#1322=VECTOR('',#5938,10.);
#1323=VECTOR('',#5941,10.);
#1324=VECTOR('',#5942,10.);
#1325=VECTOR('',#5945,10.);
#1326=VECTOR('',#5946,10.);
#1327=VECTOR('',#5949,10.);
#1328=VECTOR('',#5950,10.);
#1329=VECTOR('',#5953,10.);
#1330=VECTOR('',#5954,10.);
#1331=VECTOR('',#5957,10.);
#1332=VECTOR('',#5958,10.);
#1333=VECTOR('',#5959,10.);
#1334=VECTOR('',#5962,10.);
#1335=VECTOR('',#5963,10.);
#1336=VECTOR('',#5964,10.);
#1337=VECTOR('',#5967,10.);
#1338=VECTOR('',#5968,10.);
#1339=VECTOR('',#5971,10.);
#1340=VECTOR('',#5972,10.);
#1341=VECTOR('',#5973,10.);
#1342=VECTOR('',#5980,10.);
#1343=VECTOR('',#5983,10.);
#1344=VECTOR('',#5990,10.);
#1345=VECTOR('',#5993,10.);
#1346=VECTOR('',#6000,10.);
#1347=VECTOR('',#6015,10.);
#1348=VECTOR('',#6016,10.);
#1349=VECTOR('',#6017,10.);
#1350=VECTOR('',#6020,10.);
#1351=VECTOR('',#6021,10.);
#1352=VECTOR('',#6022,10.);
#1353=VECTOR('',#6025,10.);
#1354=VECTOR('',#6026,10.);
#1355=VECTOR('',#6029,10.);
#1356=VECTOR('',#6030,10.);
#1357=VECTOR('',#6031,10.);
#1358=VECTOR('',#6034,10.);
#1359=VECTOR('',#6035,10.);
#1360=VECTOR('',#6036,10.);
#1361=VECTOR('',#6039,10.);
#1362=VECTOR('',#6040,10.);
#1363=VECTOR('',#6043,10.);
#1364=VECTOR('',#6044,10.);
#1365=VECTOR('',#6047,10.);
#1366=VECTOR('',#6048,10.);
#1367=VECTOR('',#6051,10.);
#1368=VECTOR('',#6052,10.);
#1369=VECTOR('',#6067,10.);
#1370=VECTOR('',#6068,10.);
#1371=VECTOR('',#6073,10.);
#1372=VECTOR('',#6074,10.);
#1373=VECTOR('',#6095,10.);
#1374=VECTOR('',#6096,10.);
#1375=VECTOR('',#6101,10.);
#1376=VECTOR('',#6102,10.);
#1377=VECTOR('',#6113,10.);
#1378=VECTOR('',#6124,10.);
#1379=VECTOR('',#6133,10.);
#1380=VECTOR('',#6136,10.);
#1381=VECTOR('',#6139,10.);
#1382=VECTOR('',#6142,10.);
#1383=VECTOR('',#6159,10.);
#1384=VECTOR('',#6162,10.);
#1385=VECTOR('',#6183,10.);
#1386=VECTOR('',#6184,10.);
#1387=VECTOR('',#6189,10.);
#1388=VECTOR('',#6190,10.);
#1389=VECTOR('',#6209,10.);
#1390=VECTOR('',#6210,10.);
#1391=VECTOR('',#6221,10.);
#1392=VECTOR('',#6230,10.);
#1393=VECTOR('',#6233,10.);
#1394=VECTOR('',#6236,10.);
#1395=VECTOR('',#6239,10.);
#1396=VECTOR('',#6246,1.905);
#1397=VECTOR('',#6253,1.905);
#1398=VECTOR('',#6260,10.);
#1399=VECTOR('',#6267,10.);
#1400=VECTOR('',#6272,10.);
#1401=VECTOR('',#6273,10.);
#1402=VECTOR('',#6278,10.);
#1403=VECTOR('',#6281,10.);
#1404=VECTOR('',#6290,10.);
#1405=VECTOR('',#6291,10.);
#1406=VECTOR('',#6294,10.);
#1407=VECTOR('',#6295,10.);
#1408=VECTOR('',#6298,10.);
#1409=VECTOR('',#6307,10.);
#1410=VECTOR('',#6316,10.);
#1411=VECTOR('',#6317,10.);
#1412=VECTOR('',#6324,10.);
#1413=VECTOR('',#6325,10.);
#1414=VECTOR('',#6328,10.);
#1415=VECTOR('',#6341,10.);
#1416=VECTOR('',#6344,10.);
#1417=VECTOR('',#6345,10.);
#1418=VECTOR('',#6348,10.);
#1419=VECTOR('',#6355,10.);
#1420=VECTOR('',#6356,10.);
#1421=VECTOR('',#6359,10.);
#1422=VECTOR('',#6360,10.);
#1423=VECTOR('',#6363,10.);
#1424=VECTOR('',#6372,10.);
#1425=VECTOR('',#6375,10.);
#1426=VECTOR('',#6378,10.);
#1427=VECTOR('',#6391,0.09875);
#1428=VECTOR('',#6396,0.0825);
#1429=VECTOR('',#6403,0.09875);
#1430=VECTOR('',#6408,0.0825);
#1431=VECTOR('',#6413,0.393700787401575);
#1432=VECTOR('',#6414,0.393700787401575);
#1433=VECTOR('',#6415,0.393700787401575);
#1434=VECTOR('',#6416,0.393700787401575);
#1435=VECTOR('',#6421,0.393700787401575);
#1436=VECTOR('',#6426,0.393700787401575);
#1437=VECTOR('',#6427,0.393700787401575);
#1438=VECTOR('',#6428,0.393700787401575);
#1439=VECTOR('',#6433,0.393700787401575);
#1440=VECTOR('',#6438,0.393700787401575);
#1441=VECTOR('',#6439,0.393700787401575);
#1442=VECTOR('',#6440,0.393700787401575);
#1443=VECTOR('',#6445,0.393700787401575);
#1444=VECTOR('',#6450,0.393700787401575);
#1445=VECTOR('',#6451,0.393700787401575);
#1446=VECTOR('',#6452,0.393700787401575);
#1447=VECTOR('',#6467,10.);
#1448=VECTOR('',#6468,10.);
#1449=VECTOR('',#6469,10.);
#1450=VECTOR('',#6474,10.);
#1451=VECTOR('',#6475,10.);
#1452=VECTOR('',#6478,10.);
#1453=VECTOR('',#6479,10.);
#1454=VECTOR('',#6482,10.);
#1455=VECTOR('',#6485,10.);
#1456=VECTOR('',#6486,10.);
#1457=VECTOR('',#6491,10.);
#1458=VECTOR('',#6492,10.);
#1459=VECTOR('',#6499,10.);
#1460=VECTOR('',#6502,10.);
#1461=VECTOR('',#6503,10.);
#1462=VECTOR('',#6506,10.);
#1463=VECTOR('',#6507,10.);
#1464=VECTOR('',#6510,10.);
#1465=VECTOR('',#6513,10.);
#1466=VECTOR('',#6520,10.);
#1467=VECTOR('',#6535,1.5);
#1468=VECTOR('',#6540,1.75);
#1469=VECTOR('',#6549,2.75);
#1470=CIRCLE('',#4665,0.25);
#1471=CIRCLE('',#4666,0.25);
#1472=CIRCLE('',#4669,0.25);
#1473=CIRCLE('',#4670,0.25);
#1474=CIRCLE('',#4673,0.300000000000002);
#1475=CIRCLE('',#4674,0.300000000000002);
#1476=CIRCLE('',#4676,0.299999999999998);
#1477=CIRCLE('',#4677,0.299999999999998);
#1478=CIRCLE('',#4680,0.3);
#1479=CIRCLE('',#4681,0.3);
#1480=CIRCLE('',#4683,0.3);
#1481=CIRCLE('',#4684,0.3);
#1482=CIRCLE('',#4686,0.3);
#1483=CIRCLE('',#4687,0.3);
#1484=CIRCLE('',#4689,0.3);
#1485=CIRCLE('',#4690,0.3);
#1486=CIRCLE('',#4692,0.3);
#1487=CIRCLE('',#4693,0.3);
#1488=CIRCLE('',#4695,0.3);
#1489=CIRCLE('',#4696,0.3);
#1490=CIRCLE('',#4698,0.3);
#1491=CIRCLE('',#4699,0.3);
#1492=CIRCLE('',#4701,0.3);
#1493=CIRCLE('',#4702,0.3);
#1494=CIRCLE('',#4705,0.300000000000002);
#1495=CIRCLE('',#4706,0.300000000000002);
#1496=CIRCLE('',#4708,0.300000000000002);
#1497=CIRCLE('',#4709,0.300000000000002);
#1498=CIRCLE('',#4711,0.43);
#1499=CIRCLE('',#4712,0.43);
#1500=CIRCLE('',#4714,1.78);
#1501=CIRCLE('',#4715,1.78);
#1502=CIRCLE('',#4717,0.43);
#1503=CIRCLE('',#4718,0.43);
#1504=CIRCLE('',#4720,0.51);
#1505=CIRCLE('',#4721,0.51);
#1506=CIRCLE('',#4723,0.43);
#1507=CIRCLE('',#4724,0.43);
#1508=CIRCLE('',#4726,1.78);
#1509=CIRCLE('',#4727,1.78);
#1510=CIRCLE('',#4729,0.43);
#1511=CIRCLE('',#4730,0.43);
#1512=CIRCLE('',#4732,0.51);
#1513=CIRCLE('',#4733,0.51);
#1514=CIRCLE('',#4735,0.43);
#1515=CIRCLE('',#4736,0.43);
#1516=CIRCLE('',#4738,1.78);
#1517=CIRCLE('',#4739,1.78);
#1518=CIRCLE('',#4741,0.43);
#1519=CIRCLE('',#4742,0.43);
#1520=CIRCLE('',#4744,0.51);
#1521=CIRCLE('',#4745,0.51);
#1522=CIRCLE('',#4747,0.78);
#1523=CIRCLE('',#4748,0.78);
#1524=CIRCLE('',#4750,2.92);
#1525=CIRCLE('',#4751,2.92);
#1526=CIRCLE('',#4754,0.249999999999999);
#1527=CIRCLE('',#4755,0.249999999999999);
#1528=CIRCLE('',#4758,0.25);
#1529=CIRCLE('',#4759,0.25);
#1530=CIRCLE('',#4762,0.249999999999999);
#1531=CIRCLE('',#4763,0.249999999999999);
#1532=CIRCLE('',#4766,0.249999999999999);
#1533=CIRCLE('',#4767,0.249999999999999);
#1534=CIRCLE('',#4770,0.249999999999999);
#1535=CIRCLE('',#4771,0.249999999999999);
#1536=CIRCLE('',#4774,0.249999999999999);
#1537=CIRCLE('',#4775,0.249999999999999);
#1538=CIRCLE('',#4778,0.249999999999999);
#1539=CIRCLE('',#4779,0.249999999999999);
#1540=CIRCLE('',#4782,0.249999999999998);
#1541=CIRCLE('',#4783,0.249999999999998);
#1542=CIRCLE('',#4786,0.249999999999999);
#1543=CIRCLE('',#4787,0.249999999999999);
#1544=CIRCLE('',#4790,0.249999999999999);
#1545=CIRCLE('',#4791,0.249999999999999);
#1546=CIRCLE('',#4794,0.249999999999999);
#1547=CIRCLE('',#4795,0.249999999999999);
#1548=CIRCLE('',#4798,0.249999999999999);
#1549=CIRCLE('',#4799,0.249999999999999);
#1550=CIRCLE('',#4802,0.249999999999999);
#1551=CIRCLE('',#4803,0.249999999999999);
#1552=CIRCLE('',#4806,0.25);
#1553=CIRCLE('',#4807,0.25);
#1554=CIRCLE('',#4810,0.249999999999999);
#1555=CIRCLE('',#4811,0.249999999999999);
#1556=CIRCLE('',#4814,2.92);
#1557=CIRCLE('',#4815,2.92);
#1558=CIRCLE('',#4817,0.78);
#1559=CIRCLE('',#4818,0.78);
#1560=CIRCLE('',#4820,0.51);
#1561=CIRCLE('',#4821,0.51);
#1562=CIRCLE('',#4823,0.51);
#1563=CIRCLE('',#4824,0.51);
#1564=CIRCLE('',#4826,0.43);
#1565=CIRCLE('',#4827,0.43);
#1566=CIRCLE('',#4829,1.78);
#1567=CIRCLE('',#4830,1.78);
#1568=CIRCLE('',#4832,0.43);
#1569=CIRCLE('',#4833,0.43);
#1570=CIRCLE('',#4835,0.51);
#1571=CIRCLE('',#4836,0.51);
#1572=CIRCLE('',#4838,0.43);
#1573=CIRCLE('',#4839,0.43);
#1574=CIRCLE('',#4841,1.78);
#1575=CIRCLE('',#4842,1.78);
#1576=CIRCLE('',#4844,0.43);
#1577=CIRCLE('',#4845,0.43);
#1578=CIRCLE('',#4847,0.51);
#1579=CIRCLE('',#4848,0.51);
#1580=CIRCLE('',#4850,0.43);
#1581=CIRCLE('',#4851,0.43);
#1582=CIRCLE('',#4853,1.78);
#1583=CIRCLE('',#4854,1.78);
#1584=CIRCLE('',#4856,0.43);
#1585=CIRCLE('',#4857,0.43);
#1586=CIRCLE('',#4859,0.78);
#1587=CIRCLE('',#4860,0.78);
#1588=CIRCLE('',#4862,2.92);
#1589=CIRCLE('',#4863,2.92);
#1590=CIRCLE('',#4866,0.249999999999998);
#1591=CIRCLE('',#4867,0.249999999999998);
#1592=CIRCLE('',#4870,0.249999999999999);
#1593=CIRCLE('',#4871,0.249999999999999);
#1594=CIRCLE('',#4874,0.25);
#1595=CIRCLE('',#4875,0.25);
#1596=CIRCLE('',#4878,0.249999999999999);
#1597=CIRCLE('',#4879,0.249999999999999);
#1598=CIRCLE('',#4882,0.249999999999999);
#1599=CIRCLE('',#4883,0.249999999999999);
#1600=CIRCLE('',#4886,0.249999999999999);
#1601=CIRCLE('',#4887,0.249999999999999);
#1602=CIRCLE('',#4890,0.249999999999999);
#1603=CIRCLE('',#4891,0.249999999999999);
#1604=CIRCLE('',#4894,0.249999999999997);
#1605=CIRCLE('',#4895,0.249999999999997);
#1606=CIRCLE('',#4898,0.249999999999999);
#1607=CIRCLE('',#4899,0.249999999999999);
#1608=CIRCLE('',#4902,0.249999999999999);
#1609=CIRCLE('',#4903,0.249999999999999);
#1610=CIRCLE('',#4906,0.249999999999999);
#1611=CIRCLE('',#4907,0.249999999999999);
#1612=CIRCLE('',#4910,0.249999999999999);
#1613=CIRCLE('',#4911,0.249999999999999);
#1614=CIRCLE('',#4914,0.249999999999999);
#1615=CIRCLE('',#4915,0.249999999999999);
#1616=CIRCLE('',#4918,0.249999999999999);
#1617=CIRCLE('',#4919,0.249999999999999);
#1618=CIRCLE('',#4922,0.249999999999998);
#1619=CIRCLE('',#4923,0.249999999999998);
#1620=CIRCLE('',#4926,2.92);
#1621=CIRCLE('',#4927,2.92);
#1622=CIRCLE('',#4929,0.78);
#1623=CIRCLE('',#4930,0.78);
#1624=CIRCLE('',#4932,0.51);
#1625=CIRCLE('',#4933,0.51);
#1626=CIRCLE('',#4947,4.);
#1627=CIRCLE('',#4948,3.99999999999999);
#1628=CIRCLE('',#4949,4.);
#1629=CIRCLE('',#4950,4.);
#1630=CIRCLE('',#4952,4.);
#1631=CIRCLE('',#4953,4.);
#1632=CIRCLE('',#4954,3.99999999999999);
#1633=CIRCLE('',#4955,4.);
#1634=CIRCLE('',#4973,0.200000000000004);
#1635=CIRCLE('',#4974,4.4114185461808);
#1636=CIRCLE('',#4975,0.2);
#1637=CIRCLE('',#4976,4.60043246785724);
#1638=CIRCLE('',#4978,0.200000000000007);
#1639=CIRCLE('',#4980,0.2);
#1640=CIRCLE('',#4982,0.199999999999995);
#1641=CIRCLE('',#4983,4.41141854618081);
#1642=CIRCLE('',#4984,4.60043246785725);
#1643=CIRCLE('',#4986,0.2);
#1644=CIRCLE('',#4987,4.60043246785725);
#1645=CIRCLE('',#4988,4.41141854618081);
#1646=CIRCLE('',#4990,0.2);
#1647=CIRCLE('',#4992,0.2);
#1648=CIRCLE('',#4994,4.60043246785724);
#1649=CIRCLE('',#4995,4.41141854618081);
#1650=CIRCLE('',#4997,7.18630884026508);
#1651=CIRCLE('',#4998,7.18630884026508);
#1652=CIRCLE('',#4999,7.18630884026508);
#1653=CIRCLE('',#5000,4.97660188565358);
#1654=CIRCLE('',#5002,7.18630884026508);
#1655=CIRCLE('',#5003,7.18630884026508);
#1656=CIRCLE('',#5004,4.97660188565358);
#1657=CIRCLE('',#5006,4.05236519478465);
#1658=CIRCLE('',#5007,4.05236519478465);
#1659=CIRCLE('',#5008,4.05236519478465);
#1660=CIRCLE('',#5009,4.05236519478464);
#1661=CIRCLE('',#5011,3.2744333690122);
#1662=CIRCLE('',#5012,3.25);
#1663=CIRCLE('',#5014,3.25);
#1664=CIRCLE('',#5015,3.2744333690122);
#1665=CIRCLE('',#5017,0.200000000000001);
#1666=CIRCLE('',#5018,0.200000000000002);
#1667=CIRCLE('',#5020,0.2);
#1668=CIRCLE('',#5021,4.60808907247407);
#1669=CIRCLE('',#5022,4.411554195372);
#1670=CIRCLE('',#5024,0.200000000000009);
#1671=CIRCLE('',#5025,4.411554195372);
#1672=CIRCLE('',#5026,4.60808907247406);
#1673=CIRCLE('',#5028,0.200000000000001);
#1674=CIRCLE('',#5030,0.2);
#1675=CIRCLE('',#5032,0.2);
#1676=CIRCLE('',#5033,4.60808907247407);
#1677=CIRCLE('',#5034,4.411554195372);
#1678=CIRCLE('',#5036,0.200000000000004);
#1679=CIRCLE('',#5037,4.411554195372);
#1680=CIRCLE('',#5038,4.60808907247407);
#1681=CIRCLE('',#5040,25.);
#1682=CIRCLE('',#5041,4.97660188565358);
#1683=CIRCLE('',#5042,25.);
#1684=CIRCLE('',#5044,25.);
#1685=CIRCLE('',#5045,25.);
#1686=CIRCLE('',#5047,25.);
#1687=CIRCLE('',#5049,4.07679856379684);
#1688=CIRCLE('',#5050,4.07679856379685);
#1689=CIRCLE('',#5051,4.07679856379685);
#1690=CIRCLE('',#5052,4.07679856379685);
#1691=CIRCLE('',#5054,1.905);
#1692=CIRCLE('',#5055,1.905);
#1693=CIRCLE('',#5057,1.905);
#1694=CIRCLE('',#5058,1.905);
#1695=CIRCLE('',#5060,2.5);
#1696=CIRCLE('',#5061,2.52443336901219);
#1697=CIRCLE('',#5063,2.52443336901219);
#1698=CIRCLE('',#5064,2.5);
#1699=CIRCLE('',#5066,4.02443336901219);
#1700=CIRCLE('',#5068,4.02443336901219);
#1701=CIRCLE('',#5070,2.52443336901219);
#1702=CIRCLE('',#5071,2.49999999999999);
#1703=CIRCLE('',#5075,4.0244333690122);
#1704=CIRCLE('',#5076,25.);
#1705=CIRCLE('',#5078,4.0244333690122);
#1706=CIRCLE('',#5080,2.5);
#1707=CIRCLE('',#5081,2.5244333690122);
#1708=CIRCLE('',#5084,25.);
#1709=CIRCLE('',#5087,4.02443336901219);
#1710=CIRCLE('',#5088,4.97660188565358);
#1711=CIRCLE('',#5089,7.18630884026508);
#1712=CIRCLE('',#5090,25.);
#1713=CIRCLE('',#5092,4.02443336901219);
#1714=CIRCLE('',#5095,7.18630884026508);
#1715=CIRCLE('',#5100,4.0244333690122);
#1716=CIRCLE('',#5101,7.18630884026508);
#1717=CIRCLE('',#5103,4.0244333690122);
#1718=CIRCLE('',#5111,0.115);
#1719=CIRCLE('',#5112,0.0825);
#1720=CIRCLE('',#5114,0.0825);
#1721=CIRCLE('',#5116,0.115);
#1722=CIRCLE('',#5117,0.0825);
#1723=CIRCLE('',#5119,0.0825);
#1724=CIRCLE('',#5122,0.153543307086614);
#1725=CIRCLE('',#5123,0.153543307086614);
#1726=CIRCLE('',#5126,0.153543307086614);
#1727=CIRCLE('',#5127,0.153543307086614);
#1728=CIRCLE('',#5130,0.153543307086614);
#1729=CIRCLE('',#5131,0.153543307086614);
#1730=CIRCLE('',#5134,0.153543307086614);
#1731=CIRCLE('',#5135,0.153543307086614);
#1732=CIRCLE('',#5141,2.75);
#1733=CIRCLE('',#5142,1.5);
#1734=CIRCLE('',#5143,1.5);
#1735=CIRCLE('',#5144,1.5);
#1736=CIRCLE('',#5145,1.5);
#1737=CIRCLE('',#5148,0.772059531467596);
#1738=CIRCLE('',#5150,0.772059531467596);
#1739=CIRCLE('',#5151,0.772059531467596);
#1740=CIRCLE('',#5152,0.772059531467596);
#1741=CIRCLE('',#5163,1.75);
#1742=CIRCLE('',#5164,1.25);
#1743=CIRCLE('',#5166,1.75);
#1744=CIRCLE('',#5167,1.75);
#1745=VERTEX_POINT('',#6571);
#1746=VERTEX_POINT('',#6572);
#1747=VERTEX_POINT('',#6574);
#1748=VERTEX_POINT('',#6576);
#1749=VERTEX_POINT('',#6580);
#1750=VERTEX_POINT('',#6582);
#1751=VERTEX_POINT('',#6586);
#1752=VERTEX_POINT('',#6587);
#1753=VERTEX_POINT('',#6589);
#1754=VERTEX_POINT('',#6591);
#1755=VERTEX_POINT('',#6595);
#1756=VERTEX_POINT('',#6597);
#1757=VERTEX_POINT('',#6601);
#1758=VERTEX_POINT('',#6602);
#1759=VERTEX_POINT('',#6604);
#1760=VERTEX_POINT('',#6606);
#1761=VERTEX_POINT('',#6610);
#1762=VERTEX_POINT('',#6611);
#1763=VERTEX_POINT('',#6613);
#1764=VERTEX_POINT('',#6615);
#1765=VERTEX_POINT('',#6622);
#1766=VERTEX_POINT('',#6623);
#1767=VERTEX_POINT('',#6625);
#1768=VERTEX_POINT('',#6627);
#1769=VERTEX_POINT('',#6631);
#1770=VERTEX_POINT('',#6632);
#1771=VERTEX_POINT('',#6634);
#1772=VERTEX_POINT('',#6636);
#1773=VERTEX_POINT('',#6640);
#1774=VERTEX_POINT('',#6641);
#1775=VERTEX_POINT('',#6643);
#1776=VERTEX_POINT('',#6645);
#1777=VERTEX_POINT('',#6649);
#1778=VERTEX_POINT('',#6650);
#1779=VERTEX_POINT('',#6652);
#1780=VERTEX_POINT('',#6654);
#1781=VERTEX_POINT('',#6658);
#1782=VERTEX_POINT('',#6659);
#1783=VERTEX_POINT('',#6661);
#1784=VERTEX_POINT('',#6663);
#1785=VERTEX_POINT('',#6667);
#1786=VERTEX_POINT('',#6668);
#1787=VERTEX_POINT('',#6670);
#1788=VERTEX_POINT('',#6672);
#1789=VERTEX_POINT('',#6676);
#1790=VERTEX_POINT('',#6677);
#1791=VERTEX_POINT('',#6679);
#1792=VERTEX_POINT('',#6681);
#1793=VERTEX_POINT('',#6685);
#1794=VERTEX_POINT('',#6686);
#1795=VERTEX_POINT('',#6688);
#1796=VERTEX_POINT('',#6690);
#1797=VERTEX_POINT('',#6694);
#1798=VERTEX_POINT('',#6695);
#1799=VERTEX_POINT('',#6697);
#1800=VERTEX_POINT('',#6699);
#1801=VERTEX_POINT('',#6703);
#1802=VERTEX_POINT('',#6705);
#1803=VERTEX_POINT('',#6709);
#1804=VERTEX_POINT('',#6711);
#1805=VERTEX_POINT('',#6715);
#1806=VERTEX_POINT('',#6716);
#1807=VERTEX_POINT('',#6718);
#1808=VERTEX_POINT('',#6720);
#1809=VERTEX_POINT('',#6724);
#1810=VERTEX_POINT('',#6726);
#1811=VERTEX_POINT('',#6730);
#1812=VERTEX_POINT('',#6732);
#1813=VERTEX_POINT('',#6736);
#1814=VERTEX_POINT('',#6738);
#1815=VERTEX_POINT('',#6742);
#1816=VERTEX_POINT('',#6744);
#1817=VERTEX_POINT('',#6748);
#1818=VERTEX_POINT('',#6750);
#1819=VERTEX_POINT('',#6754);
#1820=VERTEX_POINT('',#6756);
#1821=VERTEX_POINT('',#6760);
#1822=VERTEX_POINT('',#6762);
#1823=VERTEX_POINT('',#6766);
#1824=VERTEX_POINT('',#6768);
#1825=VERTEX_POINT('',#6772);
#1826=VERTEX_POINT('',#6774);
#1827=VERTEX_POINT('',#6778);
#1828=VERTEX_POINT('',#6780);
#1829=VERTEX_POINT('',#6784);
#1830=VERTEX_POINT('',#6786);
#1831=VERTEX_POINT('',#6790);
#1832=VERTEX_POINT('',#6792);
#1833=VERTEX_POINT('',#6796);
#1834=VERTEX_POINT('',#6798);
#1835=VERTEX_POINT('',#6802);
#1836=VERTEX_POINT('',#6804);
#1837=VERTEX_POINT('',#6808);
#1838=VERTEX_POINT('',#6810);
#1839=VERTEX_POINT('',#6814);
#1840=VERTEX_POINT('',#6816);
#1841=VERTEX_POINT('',#6820);
#1842=VERTEX_POINT('',#6822);
#1843=VERTEX_POINT('',#6826);
#1844=VERTEX_POINT('',#6828);
#1845=VERTEX_POINT('',#6832);
#1846=VERTEX_POINT('',#6834);
#1847=VERTEX_POINT('',#6838);
#1848=VERTEX_POINT('',#6840);
#1849=VERTEX_POINT('',#6844);
#1850=VERTEX_POINT('',#6846);
#1851=VERTEX_POINT('',#6850);
#1852=VERTEX_POINT('',#6852);
#1853=VERTEX_POINT('',#6856);
#1854=VERTEX_POINT('',#6858);
#1855=VERTEX_POINT('',#6862);
#1856=VERTEX_POINT('',#6864);
#1857=VERTEX_POINT('',#6868);
#1858=VERTEX_POINT('',#6870);
#1859=VERTEX_POINT('',#6874);
#1860=VERTEX_POINT('',#6876);
#1861=VERTEX_POINT('',#6880);
#1862=VERTEX_POINT('',#6882);
#1863=VERTEX_POINT('',#6889);
#1864=VERTEX_POINT('',#6891);
#1865=VERTEX_POINT('',#6895);
#1866=VERTEX_POINT('',#6897);
#1867=VERTEX_POINT('',#6901);
#1868=VERTEX_POINT('',#6903);
#1869=VERTEX_POINT('',#6907);
#1870=VERTEX_POINT('',#6909);
#1871=VERTEX_POINT('',#6913);
#1872=VERTEX_POINT('',#6915);
#1873=VERTEX_POINT('',#6919);
#1874=VERTEX_POINT('',#6921);
#1875=VERTEX_POINT('',#6925);
#1876=VERTEX_POINT('',#6927);
#1877=VERTEX_POINT('',#6931);
#1878=VERTEX_POINT('',#6933);
#1879=VERTEX_POINT('',#6937);
#1880=VERTEX_POINT('',#6939);
#1881=VERTEX_POINT('',#6943);
#1882=VERTEX_POINT('',#6945);
#1883=VERTEX_POINT('',#6949);
#1884=VERTEX_POINT('',#6951);
#1885=VERTEX_POINT('',#6955);
#1886=VERTEX_POINT('',#6957);
#1887=VERTEX_POINT('',#6961);
#1888=VERTEX_POINT('',#6963);
#1889=VERTEX_POINT('',#6967);
#1890=VERTEX_POINT('',#6969);
#1891=VERTEX_POINT('',#6973);
#1892=VERTEX_POINT('',#6975);
#1893=VERTEX_POINT('',#6979);
#1894=VERTEX_POINT('',#6981);
#1895=VERTEX_POINT('',#6985);
#1896=VERTEX_POINT('',#6987);
#1897=VERTEX_POINT('',#6991);
#1898=VERTEX_POINT('',#6993);
#1899=VERTEX_POINT('',#6997);
#1900=VERTEX_POINT('',#6999);
#1901=VERTEX_POINT('',#7003);
#1902=VERTEX_POINT('',#7004);
#1903=VERTEX_POINT('',#7006);
#1904=VERTEX_POINT('',#7008);
#1905=VERTEX_POINT('',#7012);
#1906=VERTEX_POINT('',#7014);
#1907=VERTEX_POINT('',#7018);
#1908=VERTEX_POINT('',#7020);
#1909=VERTEX_POINT('',#7024);
#1910=VERTEX_POINT('',#7026);
#1911=VERTEX_POINT('',#7030);
#1912=VERTEX_POINT('',#7032);
#1913=VERTEX_POINT('',#7036);
#1914=VERTEX_POINT('',#7038);
#1915=VERTEX_POINT('',#7042);
#1916=VERTEX_POINT('',#7044);
#1917=VERTEX_POINT('',#7048);
#1918=VERTEX_POINT('',#7050);
#1919=VERTEX_POINT('',#7054);
#1920=VERTEX_POINT('',#7056);
#1921=VERTEX_POINT('',#7060);
#1922=VERTEX_POINT('',#7062);
#1923=VERTEX_POINT('',#7066);
#1924=VERTEX_POINT('',#7068);
#1925=VERTEX_POINT('',#7075);
#1926=VERTEX_POINT('',#7077);
#1927=VERTEX_POINT('',#7081);
#1928=VERTEX_POINT('',#7083);
#1929=VERTEX_POINT('',#7087);
#1930=VERTEX_POINT('',#7089);
#1931=VERTEX_POINT('',#7093);
#1932=VERTEX_POINT('',#7095);
#1933=VERTEX_POINT('',#7099);
#1934=VERTEX_POINT('',#7101);
#1935=VERTEX_POINT('',#7105);
#1936=VERTEX_POINT('',#7107);
#1937=VERTEX_POINT('',#7111);
#1938=VERTEX_POINT('',#7113);
#1939=VERTEX_POINT('',#7117);
#1940=VERTEX_POINT('',#7119);
#1941=VERTEX_POINT('',#7123);
#1942=VERTEX_POINT('',#7125);
#1943=VERTEX_POINT('',#7129);
#1944=VERTEX_POINT('',#7131);
#1945=VERTEX_POINT('',#7135);
#1946=VERTEX_POINT('',#7137);
#1947=VERTEX_POINT('',#7141);
#1948=VERTEX_POINT('',#7143);
#1949=VERTEX_POINT('',#7147);
#1950=VERTEX_POINT('',#7149);
#1951=VERTEX_POINT('',#7153);
#1952=VERTEX_POINT('',#7155);
#1953=VERTEX_POINT('',#7159);
#1954=VERTEX_POINT('',#7161);
#1955=VERTEX_POINT('',#7165);
#1956=VERTEX_POINT('',#7167);
#1957=VERTEX_POINT('',#7171);
#1958=VERTEX_POINT('',#7173);
#1959=VERTEX_POINT('',#7177);
#1960=VERTEX_POINT('',#7179);
#1961=VERTEX_POINT('',#7186);
#1962=VERTEX_POINT('',#7188);
#1963=VERTEX_POINT('',#7192);
#1964=VERTEX_POINT('',#7194);
#1965=VERTEX_POINT('',#7198);
#1966=VERTEX_POINT('',#7200);
#1967=VERTEX_POINT('',#7204);
#1968=VERTEX_POINT('',#7206);
#1969=VERTEX_POINT('',#7210);
#1970=VERTEX_POINT('',#7212);
#1971=VERTEX_POINT('',#7216);
#1972=VERTEX_POINT('',#7218);
#1973=VERTEX_POINT('',#7222);
#1974=VERTEX_POINT('',#7224);
#1975=VERTEX_POINT('',#7228);
#1976=VERTEX_POINT('',#7230);
#1977=VERTEX_POINT('',#7234);
#1978=VERTEX_POINT('',#7236);
#1979=VERTEX_POINT('',#7240);
#1980=VERTEX_POINT('',#7242);
#1981=VERTEX_POINT('',#7246);
#1982=VERTEX_POINT('',#7248);
#1983=VERTEX_POINT('',#7252);
#1984=VERTEX_POINT('',#7254);
#1985=VERTEX_POINT('',#7258);
#1986=VERTEX_POINT('',#7260);
#1987=VERTEX_POINT('',#7264);
#1988=VERTEX_POINT('',#7266);
#1989=VERTEX_POINT('',#7270);
#1990=VERTEX_POINT('',#7272);
#1991=VERTEX_POINT('',#7276);
#1992=VERTEX_POINT('',#7278);
#1993=VERTEX_POINT('',#7285);
#1994=VERTEX_POINT('',#7287);
#1995=VERTEX_POINT('',#7291);
#1996=VERTEX_POINT('',#7293);
#1997=VERTEX_POINT('',#7297);
#1998=VERTEX_POINT('',#7299);
#1999=VERTEX_POINT('',#7303);
#2000=VERTEX_POINT('',#7305);
#2001=VERTEX_POINT('',#7321);
#2002=VERTEX_POINT('',#7323);
#2003=VERTEX_POINT('',#7327);
#2004=VERTEX_POINT('',#7329);
#2005=VERTEX_POINT('',#7336);
#2006=VERTEX_POINT('',#7338);
#2007=VERTEX_POINT('',#7344);
#2008=VERTEX_POINT('',#7352);
#2009=VERTEX_POINT('',#7366);
#2010=VERTEX_POINT('',#7367);
#2011=VERTEX_POINT('',#7369);
#2012=VERTEX_POINT('',#7373);
#2013=VERTEX_POINT('',#7374);
#2014=VERTEX_POINT('',#7379);
#2015=VERTEX_POINT('',#7383);
#2016=VERTEX_POINT('',#7385);
#2017=VERTEX_POINT('',#7389);
#2018=VERTEX_POINT('',#7391);
#2019=VERTEX_POINT('',#7414);
#2020=VERTEX_POINT('',#7415);
#2021=VERTEX_POINT('',#7456);
#2022=VERTEX_POINT('',#7461);
#2023=VERTEX_POINT('',#7510);
#2024=VERTEX_POINT('',#7512);
#2025=VERTEX_POINT('',#7538);
#2026=VERTEX_POINT('',#7539);
#2027=VERTEX_POINT('',#7580);
#2028=VERTEX_POINT('',#7585);
#2029=VERTEX_POINT('',#7628);
#2030=VERTEX_POINT('',#7630);
#2031=VERTEX_POINT('',#7656);
#2032=VERTEX_POINT('',#7657);
#2033=VERTEX_POINT('',#7698);
#2034=VERTEX_POINT('',#7703);
#2035=VERTEX_POINT('',#7752);
#2036=VERTEX_POINT('',#7754);
#2037=VERTEX_POINT('',#7780);
#2038=VERTEX_POINT('',#7781);
#2039=VERTEX_POINT('',#7822);
#2040=VERTEX_POINT('',#7827);
#2041=VERTEX_POINT('',#7870);
#2042=VERTEX_POINT('',#7872);
#2043=VERTEX_POINT('',#7879);
#2044=VERTEX_POINT('',#7880);
#2045=VERTEX_POINT('',#7882);
#2046=VERTEX_POINT('',#7884);
#2047=VERTEX_POINT('',#7888);
#2048=VERTEX_POINT('',#7889);
#2049=VERTEX_POINT('',#7894);
#2050=VERTEX_POINT('',#7895);
#2051=VERTEX_POINT('',#7900);
#2052=VERTEX_POINT('',#7901);
#2053=VERTEX_POINT('',#7906);
#2054=VERTEX_POINT('',#7907);
#2055=VERTEX_POINT('',#7912);
#2056=VERTEX_POINT('',#7913);
#2057=VERTEX_POINT('',#7918);
#2058=VERTEX_POINT('',#7919);
#2059=VERTEX_POINT('',#7927);
#2060=VERTEX_POINT('',#7929);
#2061=VERTEX_POINT('',#7941);
#2062=VERTEX_POINT('',#7945);
#2063=VERTEX_POINT('',#7957);
#2064=VERTEX_POINT('',#7961);
#2065=VERTEX_POINT('',#7962);
#2066=VERTEX_POINT('',#7964);
#2067=VERTEX_POINT('',#7966);
#2068=VERTEX_POINT('',#7968);
#2069=VERTEX_POINT('',#7970);
#2070=VERTEX_POINT('',#7972);
#2071=VERTEX_POINT('',#7974);
#2072=VERTEX_POINT('',#7997);
#2073=VERTEX_POINT('',#8032);
#2074=VERTEX_POINT('',#8091);
#2075=VERTEX_POINT('',#8126);
#2076=VERTEX_POINT('',#8188);
#2077=VERTEX_POINT('',#8223);
#2078=VERTEX_POINT('',#8263);
#2079=VERTEX_POINT('',#8265);
#2080=VERTEX_POINT('',#8360);
#2081=VERTEX_POINT('',#8361);
#2082=VERTEX_POINT('',#8363);
#2083=VERTEX_POINT('',#8365);
#2084=VERTEX_POINT('',#8369);
#2085=VERTEX_POINT('',#8370);
#2086=VERTEX_POINT('',#8375);
#2087=VERTEX_POINT('',#8376);
#2088=VERTEX_POINT('',#8381);
#2089=VERTEX_POINT('',#8382);
#2090=VERTEX_POINT('',#8387);
#2091=VERTEX_POINT('',#8388);
#2092=VERTEX_POINT('',#8393);
#2093=VERTEX_POINT('',#8394);
#2094=VERTEX_POINT('',#8399);
#2095=VERTEX_POINT('',#8400);
#2096=VERTEX_POINT('',#8416);
#2097=VERTEX_POINT('',#8418);
#2098=VERTEX_POINT('',#8437);
#2099=VERTEX_POINT('',#8438);
#2100=VERTEX_POINT('',#8440);
#2101=VERTEX_POINT('',#8442);
#2102=VERTEX_POINT('',#8444);
#2103=VERTEX_POINT('',#8446);
#2104=VERTEX_POINT('',#8448);
#2105=VERTEX_POINT('',#8450);
#2106=VERTEX_POINT('',#8454);
#2107=VERTEX_POINT('',#8456);
#2108=VERTEX_POINT('',#8460);
#2109=VERTEX_POINT('',#8462);
#2110=VERTEX_POINT('',#8466);
#2111=VERTEX_POINT('',#8468);
#2112=VERTEX_POINT('',#8472);
#2113=VERTEX_POINT('',#8474);
#2114=VERTEX_POINT('',#8478);
#2115=VERTEX_POINT('',#8480);
#2116=VERTEX_POINT('',#8484);
#2117=VERTEX_POINT('',#8486);
#2118=VERTEX_POINT('',#8493);
#2119=VERTEX_POINT('',#8497);
#2120=VERTEX_POINT('',#8501);
#2121=VERTEX_POINT('',#8515);
#2122=VERTEX_POINT('',#8522);
#2123=VERTEX_POINT('',#8528);
#2124=VERTEX_POINT('',#8532);
#2125=VERTEX_POINT('',#8544);
#2126=VERTEX_POINT('',#8558);
#2127=VERTEX_POINT('',#8562);
#2128=VERTEX_POINT('',#8570);
#2129=VERTEX_POINT('',#8577);
#2130=VERTEX_POINT('',#8591);
#2131=VERTEX_POINT('',#8603);
#2132=VERTEX_POINT('',#8605);
#2133=VERTEX_POINT('',#8609);
#2134=VERTEX_POINT('',#8613);
#2135=VERTEX_POINT('',#8615);
#2136=VERTEX_POINT('',#8619);
#2137=VERTEX_POINT('',#8623);
#2138=VERTEX_POINT('',#8624);
#2139=VERTEX_POINT('',#8626);
#2140=VERTEX_POINT('',#8628);
#2141=VERTEX_POINT('',#8632);
#2142=VERTEX_POINT('',#8634);
#2143=VERTEX_POINT('',#8638);
#2144=VERTEX_POINT('',#8640);
#2145=VERTEX_POINT('',#8644);
#2146=VERTEX_POINT('',#8646);
#2147=VERTEX_POINT('',#8650);
#2148=VERTEX_POINT('',#8652);
#2149=VERTEX_POINT('',#8656);
#2150=VERTEX_POINT('',#8658);
#2151=VERTEX_POINT('',#8662);
#2152=VERTEX_POINT('',#8664);
#2153=VERTEX_POINT('',#8674);
#2154=VERTEX_POINT('',#8675);
#2155=VERTEX_POINT('',#8677);
#2156=VERTEX_POINT('',#8681);
#2157=VERTEX_POINT('',#8685);
#2158=VERTEX_POINT('',#8687);
#2159=VERTEX_POINT('',#8688);
#2160=VERTEX_POINT('',#8690);
#2161=VERTEX_POINT('',#8692);
#2162=VERTEX_POINT('',#8694);
#2163=VERTEX_POINT('',#8696);
#2164=VERTEX_POINT('',#8698);
#2165=VERTEX_POINT('',#8701);
#2166=VERTEX_POINT('',#8703);
#2167=VERTEX_POINT('',#8705);
#2168=VERTEX_POINT('',#8709);
#2169=VERTEX_POINT('',#8710);
#2170=VERTEX_POINT('',#8720);
#2171=VERTEX_POINT('',#8721);
#2172=VERTEX_POINT('',#8723);
#2173=VERTEX_POINT('',#8726);
#2174=VERTEX_POINT('',#8728);
#2175=VERTEX_POINT('',#8730);
#2176=VERTEX_POINT('',#8732);
#2177=VERTEX_POINT('',#8734);
#2178=VERTEX_POINT('',#8770);
#2179=VERTEX_POINT('',#8772);
#2180=VERTEX_POINT('',#8776);
#2181=VERTEX_POINT('',#8778);
#2182=EDGE_CURVE('',#1745,#1746,#1470,.T.);
#2183=EDGE_CURVE('',#1746,#1747,#760,.T.);
#2184=EDGE_CURVE('',#1747,#1748,#1471,.T.);
#2185=EDGE_CURVE('',#1748,#1745,#761,.T.);
#2186=EDGE_CURVE('',#1749,#1746,#762,.T.);
#2187=EDGE_CURVE('',#1749,#1750,#763,.T.);
#2188=EDGE_CURVE('',#1747,#1750,#764,.T.);
#2189=EDGE_CURVE('',#1751,#1752,#1472,.T.);
#2190=EDGE_CURVE('',#1752,#1753,#765,.T.);
#2191=EDGE_CURVE('',#1753,#1754,#1473,.T.);
#2192=EDGE_CURVE('',#1754,#1751,#766,.T.);
#2193=EDGE_CURVE('',#1755,#1752,#767,.T.);
#2194=EDGE_CURVE('',#1755,#1756,#768,.T.);
#2195=EDGE_CURVE('',#1753,#1756,#769,.T.);
#2196=EDGE_CURVE('',#1757,#1758,#1474,.T.);
#2197=EDGE_CURVE('',#1759,#1757,#770,.T.);
#2198=EDGE_CURVE('',#1760,#1759,#1475,.T.);
#2199=EDGE_CURVE('',#1758,#1760,#771,.T.);
#2200=EDGE_CURVE('',#1761,#1762,#1476,.T.);
#2201=EDGE_CURVE('',#1763,#1761,#772,.T.);
#2202=EDGE_CURVE('',#1764,#1763,#1477,.T.);
#2203=EDGE_CURVE('',#1764,#1762,#773,.T.);
#2204=EDGE_CURVE('',#1762,#1757,#774,.T.);
#2205=EDGE_CURVE('',#1759,#1764,#775,.T.);
#2206=EDGE_CURVE('',#1765,#1766,#1478,.T.);
#2207=EDGE_CURVE('',#1767,#1765,#776,.T.);
#2208=EDGE_CURVE('',#1768,#1767,#1479,.T.);
#2209=EDGE_CURVE('',#1766,#1768,#777,.T.);
#2210=EDGE_CURVE('',#1769,#1770,#1480,.T.);
#2211=EDGE_CURVE('',#1771,#1769,#778,.T.);
#2212=EDGE_CURVE('',#1772,#1771,#1481,.T.);
#2213=EDGE_CURVE('',#1770,#1772,#779,.T.);
#2214=EDGE_CURVE('',#1773,#1774,#1482,.T.);
#2215=EDGE_CURVE('',#1775,#1773,#780,.T.);
#2216=EDGE_CURVE('',#1776,#1775,#1483,.T.);
#2217=EDGE_CURVE('',#1774,#1776,#781,.T.);
#2218=EDGE_CURVE('',#1777,#1778,#1484,.T.);
#2219=EDGE_CURVE('',#1779,#1777,#782,.T.);
#2220=EDGE_CURVE('',#1780,#1779,#1485,.T.);
#2221=EDGE_CURVE('',#1778,#1780,#783,.T.);
#2222=EDGE_CURVE('',#1781,#1782,#1486,.T.);
#2223=EDGE_CURVE('',#1783,#1781,#784,.T.);
#2224=EDGE_CURVE('',#1784,#1783,#1487,.T.);
#2225=EDGE_CURVE('',#1782,#1784,#785,.T.);
#2226=EDGE_CURVE('',#1785,#1786,#1488,.T.);
#2227=EDGE_CURVE('',#1787,#1785,#786,.T.);
#2228=EDGE_CURVE('',#1788,#1787,#1489,.T.);
#2229=EDGE_CURVE('',#1786,#1788,#787,.T.);
#2230=EDGE_CURVE('',#1789,#1790,#1490,.T.);
#2231=EDGE_CURVE('',#1791,#1789,#788,.T.);
#2232=EDGE_CURVE('',#1792,#1791,#1491,.T.);
#2233=EDGE_CURVE('',#1790,#1792,#789,.T.);
#2234=EDGE_CURVE('',#1793,#1794,#1492,.T.);
#2235=EDGE_CURVE('',#1795,#1793,#790,.T.);
#2236=EDGE_CURVE('',#1796,#1795,#1493,.T.);
#2237=EDGE_CURVE('',#1794,#1796,#791,.T.);
#2238=EDGE_CURVE('',#1797,#1798,#792,.T.);
#2239=EDGE_CURVE('',#1799,#1797,#793,.T.);
#2240=EDGE_CURVE('',#1800,#1799,#794,.T.);
#2241=EDGE_CURVE('',#1800,#1798,#795,.T.);
#2242=EDGE_CURVE('',#1798,#1801,#1494,.T.);
#2243=EDGE_CURVE('',#1802,#1800,#1495,.T.);
#2244=EDGE_CURVE('',#1801,#1802,#796,.T.);
#2245=EDGE_CURVE('',#1803,#1797,#1496,.T.);
#2246=EDGE_CURVE('',#1804,#1803,#797,.T.);
#2247=EDGE_CURVE('',#1799,#1804,#1497,.T.);
#2248=EDGE_CURVE('',#1805,#1806,#1498,.T.);
#2249=EDGE_CURVE('',#1807,#1805,#798,.T.);
#2250=EDGE_CURVE('',#1808,#1807,#1499,.T.);
#2251=EDGE_CURVE('',#1808,#1806,#799,.T.);
#2252=EDGE_CURVE('',#1806,#1809,#1500,.T.);
#2253=EDGE_CURVE('',#1810,#1808,#1501,.T.);
#2254=EDGE_CURVE('',#1810,#1809,#800,.T.);
#2255=EDGE_CURVE('',#1809,#1811,#1502,.T.);
#2256=EDGE_CURVE('',#1812,#1810,#1503,.T.);
#2257=EDGE_CURVE('',#1812,#1811,#801,.T.);
#2258=EDGE_CURVE('',#1811,#1813,#1504,.T.);
#2259=EDGE_CURVE('',#1814,#1812,#1505,.T.);
#2260=EDGE_CURVE('',#1814,#1813,#802,.T.);
#2261=EDGE_CURVE('',#1813,#1815,#1506,.T.);
#2262=EDGE_CURVE('',#1816,#1814,#1507,.T.);
#2263=EDGE_CURVE('',#1816,#1815,#803,.T.);
#2264=EDGE_CURVE('',#1815,#1817,#1508,.T.);
#2265=EDGE_CURVE('',#1818,#1816,#1509,.T.);
#2266=EDGE_CURVE('',#1818,#1817,#804,.T.);
#2267=EDGE_CURVE('',#1817,#1819,#1510,.T.);
#2268=EDGE_CURVE('',#1820,#1818,#1511,.T.);
#2269=EDGE_CURVE('',#1820,#1819,#805,.T.);
#2270=EDGE_CURVE('',#1819,#1821,#1512,.T.);
#2271=EDGE_CURVE('',#1822,#1820,#1513,.T.);
#2272=EDGE_CURVE('',#1822,#1821,#806,.T.);
#2273=EDGE_CURVE('',#1821,#1823,#1514,.T.);
#2274=EDGE_CURVE('',#1824,#1822,#1515,.T.);
#2275=EDGE_CURVE('',#1824,#1823,#807,.T.);
#2276=EDGE_CURVE('',#1823,#1825,#1516,.T.);
#2277=EDGE_CURVE('',#1826,#1824,#1517,.T.);
#2278=EDGE_CURVE('',#1826,#1825,#808,.T.);
#2279=EDGE_CURVE('',#1825,#1827,#1518,.T.);
#2280=EDGE_CURVE('',#1828,#1826,#1519,.T.);
#2281=EDGE_CURVE('',#1828,#1827,#809,.T.);
#2282=EDGE_CURVE('',#1827,#1829,#1520,.T.);
#2283=EDGE_CURVE('',#1830,#1828,#1521,.T.);
#2284=EDGE_CURVE('',#1830,#1829,#810,.T.);
#2285=EDGE_CURVE('',#1829,#1831,#1522,.T.);
#2286=EDGE_CURVE('',#1832,#1830,#1523,.T.);
#2287=EDGE_CURVE('',#1832,#1831,#811,.T.);
#2288=EDGE_CURVE('',#1831,#1833,#1524,.T.);
#2289=EDGE_CURVE('',#1834,#1832,#1525,.T.);
#2290=EDGE_CURVE('',#1834,#1833,#812,.T.);
#2291=EDGE_CURVE('',#1833,#1835,#813,.T.);
#2292=EDGE_CURVE('',#1836,#1834,#814,.T.);
#2293=EDGE_CURVE('',#1836,#1835,#815,.T.);
#2294=EDGE_CURVE('',#1835,#1837,#1526,.T.);
#2295=EDGE_CURVE('',#1838,#1836,#1527,.T.);
#2296=EDGE_CURVE('',#1838,#1837,#816,.T.);
#2297=EDGE_CURVE('',#1837,#1839,#817,.T.);
#2298=EDGE_CURVE('',#1840,#1838,#818,.T.);
#2299=EDGE_CURVE('',#1840,#1839,#819,.T.);
#2300=EDGE_CURVE('',#1839,#1841,#1528,.T.);
#2301=EDGE_CURVE('',#1842,#1840,#1529,.T.);
#2302=EDGE_CURVE('',#1842,#1841,#820,.T.);
#2303=EDGE_CURVE('',#1841,#1843,#821,.T.);
#2304=EDGE_CURVE('',#1844,#1842,#822,.T.);
#2305=EDGE_CURVE('',#1844,#1843,#823,.T.);
#2306=EDGE_CURVE('',#1843,#1845,#1530,.T.);
#2307=EDGE_CURVE('',#1846,#1844,#1531,.T.);
#2308=EDGE_CURVE('',#1846,#1845,#824,.T.);
#2309=EDGE_CURVE('',#1845,#1847,#825,.T.);
#2310=EDGE_CURVE('',#1848,#1846,#826,.T.);
#2311=EDGE_CURVE('',#1848,#1847,#827,.T.);
#2312=EDGE_CURVE('',#1847,#1849,#1532,.T.);
#2313=EDGE_CURVE('',#1850,#1848,#1533,.T.);
#2314=EDGE_CURVE('',#1850,#1849,#828,.T.);
#2315=EDGE_CURVE('',#1849,#1851,#829,.T.);
#2316=EDGE_CURVE('',#1852,#1850,#830,.T.);
#2317=EDGE_CURVE('',#1852,#1851,#831,.T.);
#2318=EDGE_CURVE('',#1851,#1853,#1534,.T.);
#2319=EDGE_CURVE('',#1854,#1852,#1535,.T.);
#2320=EDGE_CURVE('',#1854,#1853,#832,.T.);
#2321=EDGE_CURVE('',#1853,#1855,#833,.T.);
#2322=EDGE_CURVE('',#1856,#1854,#834,.T.);
#2323=EDGE_CURVE('',#1856,#1855,#835,.T.);
#2324=EDGE_CURVE('',#1855,#1857,#1536,.T.);
#2325=EDGE_CURVE('',#1858,#1856,#1537,.T.);
#2326=EDGE_CURVE('',#1858,#1857,#836,.T.);
#2327=EDGE_CURVE('',#1857,#1859,#837,.T.);
#2328=EDGE_CURVE('',#1860,#1858,#838,.T.);
#2329=EDGE_CURVE('',#1860,#1859,#839,.T.);
#2330=EDGE_CURVE('',#1859,#1861,#1538,.T.);
#2331=EDGE_CURVE('',#1862,#1860,#1539,.T.);
#2332=EDGE_CURVE('',#1862,#1861,#840,.T.);
#2333=EDGE_CURVE('',#1861,#1754,#841,.T.);
#2334=EDGE_CURVE('',#1751,#1862,#842,.T.);
#2335=EDGE_CURVE('',#1756,#1863,#1540,.T.);
#2336=EDGE_CURVE('',#1864,#1755,#1541,.T.);
#2337=EDGE_CURVE('',#1864,#1863,#843,.T.);
#2338=EDGE_CURVE('',#1863,#1865,#844,.T.);
#2339=EDGE_CURVE('',#1866,#1864,#845,.T.);
#2340=EDGE_CURVE('',#1866,#1865,#846,.T.);
#2341=EDGE_CURVE('',#1865,#1867,#1542,.T.);
#2342=EDGE_CURVE('',#1868,#1866,#1543,.T.);
#2343=EDGE_CURVE('',#1868,#1867,#847,.T.);
#2344=EDGE_CURVE('',#1867,#1869,#848,.T.);
#2345=EDGE_CURVE('',#1870,#1868,#849,.T.);
#2346=EDGE_CURVE('',#1870,#1869,#850,.T.);
#2347=EDGE_CURVE('',#1869,#1871,#1544,.T.);
#2348=EDGE_CURVE('',#1872,#1870,#1545,.T.);
#2349=EDGE_CURVE('',#1872,#1871,#851,.T.);
#2350=EDGE_CURVE('',#1871,#1873,#852,.T.);
#2351=EDGE_CURVE('',#1874,#1872,#853,.T.);
#2352=EDGE_CURVE('',#1874,#1873,#854,.T.);
#2353=EDGE_CURVE('',#1873,#1875,#1546,.T.);
#2354=EDGE_CURVE('',#1876,#1874,#1547,.T.);
#2355=EDGE_CURVE('',#1876,#1875,#855,.T.);
#2356=EDGE_CURVE('',#1875,#1877,#856,.T.);
#2357=EDGE_CURVE('',#1878,#1876,#857,.T.);
#2358=EDGE_CURVE('',#1878,#1877,#858,.T.);
#2359=EDGE_CURVE('',#1877,#1879,#1548,.T.);
#2360=EDGE_CURVE('',#1880,#1878,#1549,.T.);
#2361=EDGE_CURVE('',#1880,#1879,#859,.T.);
#2362=EDGE_CURVE('',#1879,#1881,#860,.T.);
#2363=EDGE_CURVE('',#1882,#1880,#861,.T.);
#2364=EDGE_CURVE('',#1882,#1881,#862,.T.);
#2365=EDGE_CURVE('',#1881,#1883,#1550,.T.);
#2366=EDGE_CURVE('',#1884,#1882,#1551,.T.);
#2367=EDGE_CURVE('',#1884,#1883,#863,.T.);
#2368=EDGE_CURVE('',#1883,#1885,#864,.T.);
#2369=EDGE_CURVE('',#1886,#1884,#865,.T.);
#2370=EDGE_CURVE('',#1886,#1885,#866,.T.);
#2371=EDGE_CURVE('',#1885,#1887,#1552,.T.);
#2372=EDGE_CURVE('',#1888,#1886,#1553,.T.);
#2373=EDGE_CURVE('',#1888,#1887,#867,.T.);
#2374=EDGE_CURVE('',#1887,#1889,#868,.T.);
#2375=EDGE_CURVE('',#1890,#1888,#869,.T.);
#2376=EDGE_CURVE('',#1890,#1889,#870,.T.);
#2377=EDGE_CURVE('',#1889,#1891,#1554,.T.);
#2378=EDGE_CURVE('',#1892,#1890,#1555,.T.);
#2379=EDGE_CURVE('',#1892,#1891,#871,.T.);
#2380=EDGE_CURVE('',#1891,#1893,#872,.T.);
#2381=EDGE_CURVE('',#1894,#1892,#873,.T.);
#2382=EDGE_CURVE('',#1894,#1893,#874,.T.);
#2383=EDGE_CURVE('',#1893,#1895,#1556,.T.);
#2384=EDGE_CURVE('',#1896,#1894,#1557,.T.);
#2385=EDGE_CURVE('',#1896,#1895,#875,.T.);
#2386=EDGE_CURVE('',#1895,#1897,#1558,.T.);
#2387=EDGE_CURVE('',#1898,#1896,#1559,.T.);
#2388=EDGE_CURVE('',#1898,#1897,#876,.T.);
#2389=EDGE_CURVE('',#1897,#1899,#1560,.T.);
#2390=EDGE_CURVE('',#1900,#1898,#1561,.T.);
#2391=EDGE_CURVE('',#1900,#1899,#877,.T.);
#2392=EDGE_CURVE('',#1901,#1902,#1562,.T.);
#2393=EDGE_CURVE('',#1903,#1901,#878,.T.);
#2394=EDGE_CURVE('',#1904,#1903,#1563,.T.);
#2395=EDGE_CURVE('',#1904,#1902,#879,.T.);
#2396=EDGE_CURVE('',#1899,#1905,#1564,.T.);
#2397=EDGE_CURVE('',#1906,#1900,#1565,.T.);
#2398=EDGE_CURVE('',#1906,#1905,#880,.T.);
#2399=EDGE_CURVE('',#1905,#1907,#1566,.T.);
#2400=EDGE_CURVE('',#1908,#1906,#1567,.T.);
#2401=EDGE_CURVE('',#1908,#1907,#881,.T.);
#2402=EDGE_CURVE('',#1907,#1909,#1568,.T.);
#2403=EDGE_CURVE('',#1910,#1908,#1569,.T.);
#2404=EDGE_CURVE('',#1910,#1909,#882,.T.);
#2405=EDGE_CURVE('',#1909,#1911,#1570,.T.);
#2406=EDGE_CURVE('',#1912,#1910,#1571,.T.);
#2407=EDGE_CURVE('',#1912,#1911,#883,.T.);
#2408=EDGE_CURVE('',#1911,#1913,#1572,.T.);
#2409=EDGE_CURVE('',#1914,#1912,#1573,.T.);
#2410=EDGE_CURVE('',#1914,#1913,#884,.T.);
#2411=EDGE_CURVE('',#1913,#1915,#1574,.T.);
#2412=EDGE_CURVE('',#1916,#1914,#1575,.T.);
#2413=EDGE_CURVE('',#1916,#1915,#885,.T.);
#2414=EDGE_CURVE('',#1915,#1917,#1576,.T.);
#2415=EDGE_CURVE('',#1918,#1916,#1577,.T.);
#2416=EDGE_CURVE('',#1918,#1917,#886,.T.);
#2417=EDGE_CURVE('',#1917,#1919,#1578,.T.);
#2418=EDGE_CURVE('',#1920,#1918,#1579,.T.);
#2419=EDGE_CURVE('',#1920,#1919,#887,.T.);
#2420=EDGE_CURVE('',#1919,#1921,#1580,.T.);
#2421=EDGE_CURVE('',#1922,#1920,#1581,.T.);
#2422=EDGE_CURVE('',#1922,#1921,#888,.T.);
#2423=EDGE_CURVE('',#1921,#1923,#1582,.T.);
#2424=EDGE_CURVE('',#1924,#1922,#1583,.T.);
#2425=EDGE_CURVE('',#1924,#1923,#889,.T.);
#2426=EDGE_CURVE('',#1923,#1901,#1584,.T.);
#2427=EDGE_CURVE('',#1903,#1924,#1585,.T.);
#2428=EDGE_CURVE('',#1902,#1925,#1586,.T.);
#2429=EDGE_CURVE('',#1926,#1904,#1587,.T.);
#2430=EDGE_CURVE('',#1926,#1925,#890,.T.);
#2431=EDGE_CURVE('',#1925,#1927,#1588,.T.);
#2432=EDGE_CURVE('',#1928,#1926,#1589,.T.);
#2433=EDGE_CURVE('',#1928,#1927,#891,.T.);
#2434=EDGE_CURVE('',#1927,#1929,#892,.T.);
#2435=EDGE_CURVE('',#1930,#1928,#893,.T.);
#2436=EDGE_CURVE('',#1930,#1929,#894,.T.);
#2437=EDGE_CURVE('',#1929,#1931,#1590,.T.);
#2438=EDGE_CURVE('',#1932,#1930,#1591,.T.);
#2439=EDGE_CURVE('',#1932,#1931,#895,.T.);
#2440=EDGE_CURVE('',#1931,#1933,#896,.T.);
#2441=EDGE_CURVE('',#1934,#1932,#897,.T.);
#2442=EDGE_CURVE('',#1934,#1933,#898,.T.);
#2443=EDGE_CURVE('',#1933,#1935,#1592,.T.);
#2444=EDGE_CURVE('',#1936,#1934,#1593,.T.);
#2445=EDGE_CURVE('',#1936,#1935,#899,.T.);
#2446=EDGE_CURVE('',#1935,#1937,#900,.T.);
#2447=EDGE_CURVE('',#1938,#1936,#901,.T.);
#2448=EDGE_CURVE('',#1938,#1937,#902,.T.);
#2449=EDGE_CURVE('',#1937,#1939,#1594,.T.);
#2450=EDGE_CURVE('',#1940,#1938,#1595,.T.);
#2451=EDGE_CURVE('',#1940,#1939,#903,.T.);
#2452=EDGE_CURVE('',#1939,#1941,#904,.T.);
#2453=EDGE_CURVE('',#1942,#1940,#905,.T.);
#2454=EDGE_CURVE('',#1942,#1941,#906,.T.);
#2455=EDGE_CURVE('',#1941,#1943,#1596,.T.);
#2456=EDGE_CURVE('',#1944,#1942,#1597,.T.);
#2457=EDGE_CURVE('',#1944,#1943,#907,.T.);
#2458=EDGE_CURVE('',#1943,#1945,#908,.T.);
#2459=EDGE_CURVE('',#1946,#1944,#909,.T.);
#2460=EDGE_CURVE('',#1946,#1945,#910,.T.);
#2461=EDGE_CURVE('',#1945,#1947,#1598,.T.);
#2462=EDGE_CURVE('',#1948,#1946,#1599,.T.);
#2463=EDGE_CURVE('',#1948,#1947,#911,.T.);
#2464=EDGE_CURVE('',#1947,#1949,#912,.T.);
#2465=EDGE_CURVE('',#1950,#1948,#913,.T.);
#2466=EDGE_CURVE('',#1950,#1949,#914,.T.);
#2467=EDGE_CURVE('',#1949,#1951,#1600,.T.);
#2468=EDGE_CURVE('',#1952,#1950,#1601,.T.);
#2469=EDGE_CURVE('',#1952,#1951,#915,.T.);
#2470=EDGE_CURVE('',#1951,#1953,#916,.T.);
#2471=EDGE_CURVE('',#1954,#1952,#917,.T.);
#2472=EDGE_CURVE('',#1954,#1953,#918,.T.);
#2473=EDGE_CURVE('',#1953,#1955,#1602,.T.);
#2474=EDGE_CURVE('',#1956,#1954,#1603,.T.);
#2475=EDGE_CURVE('',#1956,#1955,#919,.T.);
#2476=EDGE_CURVE('',#1955,#1957,#920,.T.);
#2477=EDGE_CURVE('',#1958,#1956,#921,.T.);
#2478=EDGE_CURVE('',#1958,#1957,#922,.T.);
#2479=EDGE_CURVE('',#1957,#1959,#1604,.T.);
#2480=EDGE_CURVE('',#1960,#1958,#1605,.T.);
#2481=EDGE_CURVE('',#1960,#1959,#923,.T.);
#2482=EDGE_CURVE('',#1959,#1748,#924,.T.);
#2483=EDGE_CURVE('',#1745,#1960,#925,.T.);
#2484=EDGE_CURVE('',#1750,#1961,#1606,.T.);
#2485=EDGE_CURVE('',#1962,#1749,#1607,.T.);
#2486=EDGE_CURVE('',#1962,#1961,#926,.T.);
#2487=EDGE_CURVE('',#1961,#1963,#927,.T.);
#2488=EDGE_CURVE('',#1964,#1962,#928,.T.);
#2489=EDGE_CURVE('',#1964,#1963,#929,.T.);
#2490=EDGE_CURVE('',#1963,#1965,#1608,.T.);
#2491=EDGE_CURVE('',#1966,#1964,#1609,.T.);
#2492=EDGE_CURVE('',#1966,#1965,#930,.T.);
#2493=EDGE_CURVE('',#1965,#1967,#931,.T.);
#2494=EDGE_CURVE('',#1968,#1966,#932,.T.);
#2495=EDGE_CURVE('',#1968,#1967,#933,.T.);
#2496=EDGE_CURVE('',#1967,#1969,#1610,.T.);
#2497=EDGE_CURVE('',#1970,#1968,#1611,.T.);
#2498=EDGE_CURVE('',#1970,#1969,#934,.T.);
#2499=EDGE_CURVE('',#1969,#1971,#935,.T.);
#2500=EDGE_CURVE('',#1972,#1970,#936,.T.);
#2501=EDGE_CURVE('',#1972,#1971,#937,.T.);
#2502=EDGE_CURVE('',#1971,#1973,#1612,.T.);
#2503=EDGE_CURVE('',#1974,#1972,#1613,.T.);
#2504=EDGE_CURVE('',#1974,#1973,#938,.T.);
#2505=EDGE_CURVE('',#1973,#1975,#939,.T.);
#2506=EDGE_CURVE('',#1976,#1974,#940,.T.);
#2507=EDGE_CURVE('',#1976,#1975,#941,.T.);
#2508=EDGE_CURVE('',#1975,#1977,#1614,.T.);
#2509=EDGE_CURVE('',#1978,#1976,#1615,.T.);
#2510=EDGE_CURVE('',#1978,#1977,#942,.T.);
#2511=EDGE_CURVE('',#1977,#1979,#943,.T.);
#2512=EDGE_CURVE('',#1980,#1978,#944,.T.);
#2513=EDGE_CURVE('',#1980,#1979,#945,.T.);
#2514=EDGE_CURVE('',#1979,#1981,#1616,.T.);
#2515=EDGE_CURVE('',#1982,#1980,#1617,.T.);
#2516=EDGE_CURVE('',#1982,#1981,#946,.T.);
#2517=EDGE_CURVE('',#1981,#1983,#947,.T.);
#2518=EDGE_CURVE('',#1984,#1982,#948,.T.);
#2519=EDGE_CURVE('',#1984,#1983,#949,.T.);
#2520=EDGE_CURVE('',#1983,#1985,#1618,.T.);
#2521=EDGE_CURVE('',#1986,#1984,#1619,.T.);
#2522=EDGE_CURVE('',#1986,#1985,#950,.T.);
#2523=EDGE_CURVE('',#1985,#1987,#951,.T.);
#2524=EDGE_CURVE('',#1988,#1986,#952,.T.);
#2525=EDGE_CURVE('',#1988,#1987,#953,.T.);
#2526=EDGE_CURVE('',#1987,#1989,#1620,.T.);
#2527=EDGE_CURVE('',#1990,#1988,#1621,.T.);
#2528=EDGE_CURVE('',#1990,#1989,#954,.T.);
#2529=EDGE_CURVE('',#1989,#1991,#1622,.T.);
#2530=EDGE_CURVE('',#1992,#1990,#1623,.T.);
#2531=EDGE_CURVE('',#1992,#1991,#955,.T.);
#2532=EDGE_CURVE('',#1991,#1805,#1624,.T.);
#2533=EDGE_CURVE('',#1807,#1992,#1625,.T.);
#2534=EDGE_CURVE('',#1761,#1993,#956,.T.);
#2535=EDGE_CURVE('',#1993,#1994,#957,.T.);
#2536=EDGE_CURVE('',#1994,#1763,#958,.T.);
#2537=EDGE_CURVE('',#1760,#1995,#959,.T.);
#2538=EDGE_CURVE('',#1996,#1995,#960,.T.);
#2539=EDGE_CURVE('',#1996,#1758,#961,.T.);
#2540=EDGE_CURVE('',#1777,#1997,#962,.T.);
#2541=EDGE_CURVE('',#1997,#1998,#963,.T.);
#2542=EDGE_CURVE('',#1998,#1779,#964,.T.);
#2543=EDGE_CURVE('',#1792,#1999,#965,.T.);
#2544=EDGE_CURVE('',#2000,#1999,#966,.T.);
#2545=EDGE_CURVE('',#2000,#1790,#967,.T.);
#2546=EDGE_CURVE('',#1773,#1786,#968,.T.);
#2547=EDGE_CURVE('',#1788,#1775,#969,.T.);
#2548=EDGE_CURVE('',#1780,#1787,#970,.T.);
#2549=EDGE_CURVE('',#1785,#1778,#971,.T.);
#2550=EDGE_CURVE('',#1781,#1794,#972,.T.);
#2551=EDGE_CURVE('',#1796,#1783,#973,.T.);
#2552=EDGE_CURVE('',#1769,#1782,#974,.T.);
#2553=EDGE_CURVE('',#1784,#1771,#975,.T.);
#2554=EDGE_CURVE('',#1772,#2001,#976,.T.);
#2555=EDGE_CURVE('',#2002,#2001,#977,.T.);
#2556=EDGE_CURVE('',#2002,#1770,#978,.T.);
#2557=EDGE_CURVE('',#1765,#2003,#979,.T.);
#2558=EDGE_CURVE('',#2003,#2004,#980,.T.);
#2559=EDGE_CURVE('',#2004,#1767,#981,.T.);
#2560=EDGE_CURVE('',#1768,#1795,#982,.T.);
#2561=EDGE_CURVE('',#1793,#1766,#983,.T.);
#2562=EDGE_CURVE('',#1802,#2005,#984,.T.);
#2563=EDGE_CURVE('',#2006,#2005,#985,.T.);
#2564=EDGE_CURVE('',#2006,#1801,#986,.T.);
#2565=EDGE_CURVE('',#2001,#1994,#1626,.T.);
#2566=EDGE_CURVE('',#2005,#2004,#1627,.T.);
#2567=EDGE_CURVE('',#2007,#1804,#987,.T.);
#2568=EDGE_CURVE('',#1999,#2007,#1628,.T.);
#2569=EDGE_CURVE('',#1776,#1791,#988,.T.);
#2570=EDGE_CURVE('',#1995,#1998,#1629,.T.);
#2571=EDGE_CURVE('',#1997,#1996,#1630,.T.);
#2572=EDGE_CURVE('',#1789,#1774,#989,.T.);
#2573=EDGE_CURVE('',#2008,#2000,#1631,.T.);
#2574=EDGE_CURVE('',#1803,#2008,#990,.T.);
#2575=EDGE_CURVE('',#2003,#2006,#1632,.T.);
#2576=EDGE_CURVE('',#1993,#2002,#1633,.T.);
#2577=EDGE_CURVE('',#2007,#2008,#991,.T.);
#2578=EDGE_CURVE('',#2009,#2010,#992,.T.);
#2579=EDGE_CURVE('',#2011,#2009,#993,.T.);
#2580=EDGE_CURVE('',#2010,#2011,#994,.T.);
#2581=EDGE_CURVE('',#2012,#2013,#995,.T.);
#2582=EDGE_CURVE('',#2013,#2011,#996,.T.);
#2583=EDGE_CURVE('',#2009,#2012,#997,.T.);
#2584=EDGE_CURVE('',#2013,#2014,#998,.T.);
#2585=EDGE_CURVE('',#2014,#2012,#999,.T.);
#2586=EDGE_CURVE('',#2011,#2015,#1000,.T.);
#2587=EDGE_CURVE('',#2015,#2016,#1001,.T.);
#2588=EDGE_CURVE('',#2010,#2016,#1002,.T.);
#2589=EDGE_CURVE('',#2017,#2014,#1003,.T.);
#2590=EDGE_CURVE('',#2018,#2017,#1004,.T.);
#2591=EDGE_CURVE('',#2018,#2013,#1005,.T.);
#2592=EDGE_CURVE('',#2019,#2020,#95,.T.);
#2593=EDGE_CURVE('',#2020,#2021,#96,.T.);
#2594=EDGE_CURVE('',#2021,#2022,#97,.T.);
#2595=EDGE_CURVE('',#2022,#2019,#98,.T.);
#2596=EDGE_CURVE('',#2020,#2023,#1006,.T.);
#2597=EDGE_CURVE('',#2024,#2023,#99,.T.);
#2598=EDGE_CURVE('',#2024,#2021,#1007,.T.);
#2599=EDGE_CURVE('',#2025,#2026,#100,.T.);
#2600=EDGE_CURVE('',#2026,#2027,#101,.T.);
#2601=EDGE_CURVE('',#2027,#2028,#102,.T.);
#2602=EDGE_CURVE('',#2028,#2025,#103,.T.);
#2603=EDGE_CURVE('',#2026,#2029,#1008,.T.);
#2604=EDGE_CURVE('',#2030,#2029,#104,.T.);
#2605=EDGE_CURVE('',#2030,#2027,#1009,.T.);
#2606=EDGE_CURVE('',#2031,#2032,#105,.T.);
#2607=EDGE_CURVE('',#2032,#2033,#106,.T.);
#2608=EDGE_CURVE('',#2033,#2034,#107,.T.);
#2609=EDGE_CURVE('',#2034,#2031,#108,.T.);
#2610=EDGE_CURVE('',#2035,#2032,#1010,.T.);
#2611=EDGE_CURVE('',#2036,#2035,#109,.T.);
#2612=EDGE_CURVE('',#2036,#2033,#1011,.T.);
#2613=EDGE_CURVE('',#2037,#2038,#110,.T.);
#2614=EDGE_CURVE('',#2038,#2039,#111,.T.);
#2615=EDGE_CURVE('',#2039,#2040,#112,.T.);
#2616=EDGE_CURVE('',#2040,#2037,#113,.T.);
#2617=EDGE_CURVE('',#2038,#2041,#1012,.T.);
#2618=EDGE_CURVE('',#2042,#2041,#114,.T.);
#2619=EDGE_CURVE('',#2039,#2042,#1013,.T.);
#2620=EDGE_CURVE('',#2043,#2044,#1634,.T.);
#2621=EDGE_CURVE('',#2044,#2045,#1635,.T.);
#2622=EDGE_CURVE('',#2045,#2046,#1636,.T.);
#2623=EDGE_CURVE('',#2046,#2043,#1637,.T.);
#2624=EDGE_CURVE('',#2047,#2048,#1638,.T.);
#2625=EDGE_CURVE('',#2048,#2044,#1014,.T.);
#2626=EDGE_CURVE('',#2043,#2047,#1015,.T.);
#2627=EDGE_CURVE('',#2049,#2050,#1639,.T.);
#2628=EDGE_CURVE('',#2050,#2046,#1016,.T.);
#2629=EDGE_CURVE('',#2045,#2049,#1017,.T.);
#2630=EDGE_CURVE('',#2051,#2052,#1640,.T.);
#2631=EDGE_CURVE('',#2052,#2048,#1641,.T.);
#2632=EDGE_CURVE('',#2047,#2051,#1642,.T.);
#2633=EDGE_CURVE('',#2053,#2054,#1643,.T.);
#2634=EDGE_CURVE('',#2054,#2050,#1644,.T.);
#2635=EDGE_CURVE('',#2049,#2053,#1645,.T.);
#2636=EDGE_CURVE('',#2055,#2056,#1646,.T.);
#2637=EDGE_CURVE('',#2056,#2052,#1018,.T.);
#2638=EDGE_CURVE('',#2051,#2055,#1019,.T.);
#2639=EDGE_CURVE('',#2057,#2058,#1647,.T.);
#2640=EDGE_CURVE('',#2058,#2054,#1020,.T.);
#2641=EDGE_CURVE('',#2053,#2057,#1021,.T.);
#2642=EDGE_CURVE('',#2055,#2058,#1648,.T.);
#2643=EDGE_CURVE('',#2057,#2056,#1649,.T.);
#2644=EDGE_CURVE('',#2051,#2059,#1650,.T.);
#2645=EDGE_CURVE('',#2060,#2059,#1022,.T.);
#2646=EDGE_CURVE('',#2055,#2060,#1651,.T.);
#2647=EDGE_CURVE('',#2047,#2061,#1652,.T.);
#2648=EDGE_CURVE('',#2059,#2061,#1653,.T.);
#2649=EDGE_CURVE('',#2043,#2062,#1654,.T.);
#2650=EDGE_CURVE('',#2061,#2062,#1023,.T.);
#2651=EDGE_CURVE('',#2063,#2046,#1655,.T.);
#2652=EDGE_CURVE('',#2062,#2063,#1656,.T.);
#2653=EDGE_CURVE('',#2064,#2065,#1657,.T.);
#2654=EDGE_CURVE('',#2065,#2066,#1024,.T.);
#2655=EDGE_CURVE('',#2066,#2067,#1658,.T.);
#2656=EDGE_CURVE('',#2067,#2068,#1025,.T.);
#2657=EDGE_CURVE('',#2068,#2069,#1659,.T.);
#2658=EDGE_CURVE('',#2069,#2070,#1026,.T.);
#2659=EDGE_CURVE('',#2070,#2071,#1660,.T.);
#2660=EDGE_CURVE('',#2071,#2064,#1027,.T.);
#2661=EDGE_CURVE('',#2072,#2042,#115,.T.);
#2662=EDGE_CURVE('',#2041,#2073,#116,.T.);
#2663=EDGE_CURVE('',#2073,#2072,#117,.T.);
#2664=EDGE_CURVE('',#2035,#2074,#118,.T.);
#2665=EDGE_CURVE('',#2074,#2075,#119,.T.);
#2666=EDGE_CURVE('',#2075,#2036,#120,.T.);
#2667=EDGE_CURVE('',#2073,#2075,#1661,.T.);
#2668=EDGE_CURVE('',#2072,#2074,#1662,.T.);
#2669=EDGE_CURVE('',#2023,#2076,#121,.T.);
#2670=EDGE_CURVE('',#2076,#2077,#122,.T.);
#2671=EDGE_CURVE('',#2077,#2024,#123,.T.);
#2672=EDGE_CURVE('',#2076,#2078,#1663,.T.);
#2673=EDGE_CURVE('',#2079,#2078,#124,.T.);
#2674=EDGE_CURVE('',#2079,#2077,#1664,.T.);
#2675=EDGE_CURVE('',#2078,#2030,#125,.T.);
#2676=EDGE_CURVE('',#2029,#2079,#126,.T.);
#2677=EDGE_CURVE('',#2080,#2081,#1665,.T.);
#2678=EDGE_CURVE('',#2081,#2082,#1028,.T.);
#2679=EDGE_CURVE('',#2082,#2083,#1666,.T.);
#2680=EDGE_CURVE('',#2083,#2080,#1029,.T.);
#2681=EDGE_CURVE('',#2084,#2085,#1667,.T.);
#2682=EDGE_CURVE('',#2085,#2081,#1668,.T.);
#2683=EDGE_CURVE('',#2080,#2084,#1669,.T.);
#2684=EDGE_CURVE('',#2086,#2087,#1670,.T.);
#2685=EDGE_CURVE('',#2087,#2083,#1671,.T.);
#2686=EDGE_CURVE('',#2082,#2086,#1672,.T.);
#2687=EDGE_CURVE('',#2088,#2089,#1673,.T.);
#2688=EDGE_CURVE('',#2089,#2085,#1030,.T.);
#2689=EDGE_CURVE('',#2084,#2088,#1031,.T.);
#2690=EDGE_CURVE('',#2090,#2091,#1674,.T.);
#2691=EDGE_CURVE('',#2091,#2087,#1032,.T.);
#2692=EDGE_CURVE('',#2086,#2090,#1033,.T.);
#2693=EDGE_CURVE('',#2092,#2093,#1675,.T.);
#2694=EDGE_CURVE('',#2093,#2089,#1676,.T.);
#2695=EDGE_CURVE('',#2088,#2092,#1677,.T.);
#2696=EDGE_CURVE('',#2094,#2095,#1678,.T.);
#2697=EDGE_CURVE('',#2095,#2091,#1679,.T.);
#2698=EDGE_CURVE('',#2090,#2094,#1680,.T.);
#2699=EDGE_CURVE('',#2092,#2095,#1034,.T.);
#2700=EDGE_CURVE('',#2094,#2093,#1035,.T.);
#2701=EDGE_CURVE('',#2096,#2090,#1681,.T.);
#2702=EDGE_CURVE('',#2096,#2097,#1682,.T.);
#2703=EDGE_CURVE('',#2097,#2094,#1683,.T.);
#2704=EDGE_CURVE('',#2086,#2063,#1684,.T.);
#2705=EDGE_CURVE('',#2063,#2096,#1036,.T.);
#2706=EDGE_CURVE('',#2062,#2082,#1685,.T.);
#2707=EDGE_CURVE('',#2061,#2081,#1686,.T.);
#2708=EDGE_CURVE('',#2098,#2099,#1037,.T.);
#2709=EDGE_CURVE('',#2100,#2098,#1687,.T.);
#2710=EDGE_CURVE('',#2101,#2100,#1038,.T.);
#2711=EDGE_CURVE('',#2102,#2101,#1688,.T.);
#2712=EDGE_CURVE('',#2103,#2102,#1039,.T.);
#2713=EDGE_CURVE('',#2104,#2103,#1689,.T.);
#2714=EDGE_CURVE('',#2105,#2104,#1040,.T.);
#2715=EDGE_CURVE('',#2099,#2105,#1690,.T.);
#2716=EDGE_CURVE('',#2106,#2106,#1691,.T.);
#2717=EDGE_CURVE('',#2106,#2107,#1041,.T.);
#2718=EDGE_CURVE('',#2107,#2107,#1692,.T.);
#2719=EDGE_CURVE('',#2108,#2108,#1693,.T.);
#2720=EDGE_CURVE('',#2108,#2109,#1042,.T.);
#2721=EDGE_CURVE('',#2109,#2109,#1694,.T.);
#2722=EDGE_CURVE('',#2022,#2110,#1695,.T.);
#2723=EDGE_CURVE('',#2110,#2111,#1043,.T.);
#2724=EDGE_CURVE('',#2019,#2111,#1696,.T.);
#2725=EDGE_CURVE('',#2112,#2040,#1697,.T.);
#2726=EDGE_CURVE('',#2113,#2112,#1044,.T.);
#2727=EDGE_CURVE('',#2113,#2037,#1698,.T.);
#2728=EDGE_CURVE('',#2071,#2114,#1045,.T.);
#2729=EDGE_CURVE('',#2115,#2070,#1046,.T.);
#2730=EDGE_CURVE('',#2115,#2114,#1699,.T.);
#2731=EDGE_CURVE('',#2116,#2098,#1047,.T.);
#2732=EDGE_CURVE('',#2117,#2116,#1700,.T.);
#2733=EDGE_CURVE('',#2100,#2117,#1048,.T.);
#2734=EDGE_CURVE('',#2016,#2028,#1701,.T.);
#2735=EDGE_CURVE('',#2015,#2025,#1702,.T.);
#2736=EDGE_CURVE('',#2118,#2069,#1049,.T.);
#2737=EDGE_CURVE('',#2118,#2115,#1050,.T.);
#2738=EDGE_CURVE('',#2119,#2117,#1051,.T.);
#2739=EDGE_CURVE('',#2101,#2119,#1052,.T.);
#2740=EDGE_CURVE('',#2120,#2068,#1053,.T.);
#2741=EDGE_CURVE('',#2120,#2118,#1703,.T.);
#2742=EDGE_CURVE('',#2059,#2085,#1704,.T.);
#2743=EDGE_CURVE('',#2121,#2119,#1705,.T.);
#2744=EDGE_CURVE('',#2102,#2121,#1054,.T.);
#2745=EDGE_CURVE('',#2034,#2018,#1706,.T.);
#2746=EDGE_CURVE('',#2031,#2017,#1707,.T.);
#2747=EDGE_CURVE('',#2122,#2067,#1055,.T.);
#2748=EDGE_CURVE('',#2122,#2120,#1056,.T.);
#2749=EDGE_CURVE('',#2060,#2089,#1708,.T.);
#2750=EDGE_CURVE('',#2123,#2121,#1057,.T.);
#2751=EDGE_CURVE('',#2103,#2123,#1058,.T.);
#2752=EDGE_CURVE('',#2124,#2066,#1059,.T.);
#2753=EDGE_CURVE('',#2124,#2122,#1709,.T.);
#2754=EDGE_CURVE('',#2125,#2060,#1710,.T.);
#2755=EDGE_CURVE('',#2058,#2125,#1711,.T.);
#2756=EDGE_CURVE('',#2125,#2093,#1712,.T.);
#2757=EDGE_CURVE('',#2126,#2123,#1713,.T.);
#2758=EDGE_CURVE('',#2104,#2126,#1060,.T.);
#2759=EDGE_CURVE('',#2127,#2065,#1061,.T.);
#2760=EDGE_CURVE('',#2127,#2124,#1062,.T.);
#2761=EDGE_CURVE('',#2097,#2125,#1063,.T.);
#2762=EDGE_CURVE('',#2054,#2097,#1714,.T.);
#2763=EDGE_CURVE('',#2128,#2126,#1064,.T.);
#2764=EDGE_CURVE('',#2105,#2128,#1065,.T.);
#2765=EDGE_CURVE('',#2111,#2112,#1066,.T.);
#2766=EDGE_CURVE('',#2110,#2113,#1067,.T.);
#2767=EDGE_CURVE('',#2129,#2064,#1068,.T.);
#2768=EDGE_CURVE('',#2129,#2127,#1715,.T.);
#2769=EDGE_CURVE('',#2050,#2096,#1716,.T.);
#2770=EDGE_CURVE('',#2130,#2128,#1717,.T.);
#2771=EDGE_CURVE('',#2099,#2130,#1069,.T.);
#2772=EDGE_CURVE('',#2116,#2130,#1070,.T.);
#2773=EDGE_CURVE('',#2114,#2129,#1071,.T.);
#2774=EDGE_CURVE('',#2131,#2131,#1718,.T.);
#2775=EDGE_CURVE('',#2131,#2132,#1072,.T.);
#2776=EDGE_CURVE('',#2132,#2132,#1719,.T.);
#2777=EDGE_CURVE('',#2132,#2133,#1073,.T.);
#2778=EDGE_CURVE('',#2133,#2133,#1720,.T.);
#2779=EDGE_CURVE('',#2134,#2134,#1721,.T.);
#2780=EDGE_CURVE('',#2134,#2135,#1074,.T.);
#2781=EDGE_CURVE('',#2135,#2135,#1722,.T.);
#2782=EDGE_CURVE('',#2135,#2136,#1075,.T.);
#2783=EDGE_CURVE('',#2136,#2136,#1723,.T.);
#2784=EDGE_CURVE('',#2137,#2138,#1076,.T.);
#2785=EDGE_CURVE('',#2139,#2138,#1077,.T.);
#2786=EDGE_CURVE('',#2140,#2139,#1078,.T.);
#2787=EDGE_CURVE('',#2140,#2137,#1079,.T.);
#2788=EDGE_CURVE('',#2138,#2141,#1724,.T.);
#2789=EDGE_CURVE('',#2142,#2141,#1080,.T.);
#2790=EDGE_CURVE('',#2139,#2142,#1725,.T.);
#2791=EDGE_CURVE('',#2141,#2143,#1081,.T.);
#2792=EDGE_CURVE('',#2144,#2143,#1082,.T.);
#2793=EDGE_CURVE('',#2142,#2144,#1083,.T.);
#2794=EDGE_CURVE('',#2143,#2145,#1726,.T.);
#2795=EDGE_CURVE('',#2146,#2145,#1084,.T.);
#2796=EDGE_CURVE('',#2144,#2146,#1727,.T.);
#2797=EDGE_CURVE('',#2145,#2147,#1085,.T.);
#2798=EDGE_CURVE('',#2148,#2147,#1086,.T.);
#2799=EDGE_CURVE('',#2146,#2148,#1087,.T.);
#2800=EDGE_CURVE('',#2147,#2149,#1728,.T.);
#2801=EDGE_CURVE('',#2150,#2149,#1088,.T.);
#2802=EDGE_CURVE('',#2148,#2150,#1729,.T.);
#2803=EDGE_CURVE('',#2149,#2151,#1089,.T.);
#2804=EDGE_CURVE('',#2152,#2151,#1090,.T.);
#2805=EDGE_CURVE('',#2150,#2152,#1091,.T.);
#2806=EDGE_CURVE('',#2151,#2137,#1730,.T.);
#2807=EDGE_CURVE('',#2152,#2140,#1731,.T.);
#2808=EDGE_CURVE('',#2153,#2154,#1092,.T.);
#2809=EDGE_CURVE('',#2155,#2153,#47,.F.);
#2810=EDGE_CURVE('',#2156,#2155,#1093,.T.);
#2811=EDGE_CURVE('',#2156,#2154,#1094,.T.);
#2812=EDGE_CURVE('',#2157,#2157,#1732,.T.);
#2813=EDGE_CURVE('',#2158,#2159,#1095,.T.);
#2814=EDGE_CURVE('',#2159,#2160,#1096,.T.);
#2815=EDGE_CURVE('',#2160,#2161,#1733,.T.);
#2816=EDGE_CURVE('',#2161,#2162,#1097,.T.);
#2817=EDGE_CURVE('',#2162,#2163,#1098,.T.);
#2818=EDGE_CURVE('',#2163,#2164,#1734,.T.);
#2819=EDGE_CURVE('',#2164,#2156,#1099,.T.);
#2820=EDGE_CURVE('',#2155,#2165,#1735,.T.);
#2821=EDGE_CURVE('',#2165,#2166,#1100,.T.);
#2822=EDGE_CURVE('',#2166,#2167,#1101,.T.);
#2823=EDGE_CURVE('',#2167,#2158,#1736,.T.);
#2824=EDGE_CURVE('',#2168,#2169,#1102,.T.);
#2825=EDGE_CURVE('',#2166,#2168,#1103,.T.);
#2826=EDGE_CURVE('',#2165,#2169,#48,.T.);
#2827=EDGE_CURVE('',#2169,#2153,#1737,.T.);
#2828=EDGE_CURVE('',#2170,#2171,#1104,.T.);
#2829=EDGE_CURVE('',#2171,#2172,#1738,.T.);
#2830=EDGE_CURVE('',#2172,#2168,#1105,.T.);
#2831=EDGE_CURVE('',#2154,#2173,#1106,.T.);
#2832=EDGE_CURVE('',#2173,#2174,#1739,.T.);
#2833=EDGE_CURVE('',#2174,#2175,#1107,.T.);
#2834=EDGE_CURVE('',#2175,#2176,#1108,.T.);
#2835=EDGE_CURVE('',#2176,#2177,#1740,.T.);
#2836=EDGE_CURVE('',#2177,#2170,#1109,.T.);
#2837=EDGE_CURVE('',#2163,#2174,#49,.F.);
#2838=EDGE_CURVE('',#2162,#2175,#1110,.T.);
#2839=EDGE_CURVE('',#2164,#2173,#50,.T.);
#2840=EDGE_CURVE('',#2160,#2177,#51,.F.);
#2841=EDGE_CURVE('',#2159,#2170,#1111,.T.);
#2842=EDGE_CURVE('',#2161,#2176,#52,.T.);
#2843=EDGE_CURVE('',#2167,#2172,#53,.F.);
#2844=EDGE_CURVE('',#2158,#2171,#54,.T.);
#2845=EDGE_CURVE('',#2178,#2178,#1741,.T.);
#2846=EDGE_CURVE('',#2178,#2179,#1112,.T.);
#2847=EDGE_CURVE('',#2179,#2179,#1742,.T.);
#2848=EDGE_CURVE('',#2178,#2180,#1113,.T.);
#2849=EDGE_CURVE('',#2181,#2180,#1743,.T.);
#2850=EDGE_CURVE('',#2180,#2181,#1744,.T.);
#2851=EDGE_CURVE('',#2181,#2157,#1114,.T.);
#2852=ORIENTED_EDGE('',*,*,#2182,.T.);
#2853=ORIENTED_EDGE('',*,*,#2183,.T.);
#2854=ORIENTED_EDGE('',*,*,#2184,.T.);
#2855=ORIENTED_EDGE('',*,*,#2185,.T.);
#2856=ORIENTED_EDGE('',*,*,#2183,.F.);
#2857=ORIENTED_EDGE('',*,*,#2186,.F.);
#2858=ORIENTED_EDGE('',*,*,#2187,.T.);
#2859=ORIENTED_EDGE('',*,*,#2188,.F.);
#2860=ORIENTED_EDGE('',*,*,#2189,.T.);
#2861=ORIENTED_EDGE('',*,*,#2190,.T.);
#2862=ORIENTED_EDGE('',*,*,#2191,.T.);
#2863=ORIENTED_EDGE('',*,*,#2192,.T.);
#2864=ORIENTED_EDGE('',*,*,#2190,.F.);
#2865=ORIENTED_EDGE('',*,*,#2193,.F.);
#2866=ORIENTED_EDGE('',*,*,#2194,.T.);
#2867=ORIENTED_EDGE('',*,*,#2195,.F.);
#2868=ORIENTED_EDGE('',*,*,#2196,.F.);
#2869=ORIENTED_EDGE('',*,*,#2197,.F.);
#2870=ORIENTED_EDGE('',*,*,#2198,.F.);
#2871=ORIENTED_EDGE('',*,*,#2199,.F.);
#2872=ORIENTED_EDGE('',*,*,#2200,.F.);
#2873=ORIENTED_EDGE('',*,*,#2201,.F.);
#2874=ORIENTED_EDGE('',*,*,#2202,.F.);
#2875=ORIENTED_EDGE('',*,*,#2203,.T.);
#2876=ORIENTED_EDGE('',*,*,#2204,.F.);
#2877=ORIENTED_EDGE('',*,*,#2203,.F.);
#2878=ORIENTED_EDGE('',*,*,#2205,.F.);
#2879=ORIENTED_EDGE('',*,*,#2197,.T.);
#2880=ORIENTED_EDGE('',*,*,#2206,.F.);
#2881=ORIENTED_EDGE('',*,*,#2207,.F.);
#2882=ORIENTED_EDGE('',*,*,#2208,.F.);
#2883=ORIENTED_EDGE('',*,*,#2209,.F.);
#2884=ORIENTED_EDGE('',*,*,#2210,.F.);
#2885=ORIENTED_EDGE('',*,*,#2211,.F.);
#2886=ORIENTED_EDGE('',*,*,#2212,.F.);
#2887=ORIENTED_EDGE('',*,*,#2213,.F.);
#2888=ORIENTED_EDGE('',*,*,#2214,.F.);
#2889=ORIENTED_EDGE('',*,*,#2215,.F.);
#2890=ORIENTED_EDGE('',*,*,#2216,.F.);
#2891=ORIENTED_EDGE('',*,*,#2217,.F.);
#2892=ORIENTED_EDGE('',*,*,#2218,.F.);
#2893=ORIENTED_EDGE('',*,*,#2219,.F.);
#2894=ORIENTED_EDGE('',*,*,#2220,.F.);
#2895=ORIENTED_EDGE('',*,*,#2221,.F.);
#2896=ORIENTED_EDGE('',*,*,#2222,.F.);
#2897=ORIENTED_EDGE('',*,*,#2223,.F.);
#2898=ORIENTED_EDGE('',*,*,#2224,.F.);
#2899=ORIENTED_EDGE('',*,*,#2225,.F.);
#2900=ORIENTED_EDGE('',*,*,#2226,.F.);
#2901=ORIENTED_EDGE('',*,*,#2227,.F.);
#2902=ORIENTED_EDGE('',*,*,#2228,.F.);
#2903=ORIENTED_EDGE('',*,*,#2229,.F.);
#2904=ORIENTED_EDGE('',*,*,#2230,.F.);
#2905=ORIENTED_EDGE('',*,*,#2231,.F.);
#2906=ORIENTED_EDGE('',*,*,#2232,.F.);
#2907=ORIENTED_EDGE('',*,*,#2233,.F.);
#2908=ORIENTED_EDGE('',*,*,#2234,.F.);
#2909=ORIENTED_EDGE('',*,*,#2235,.F.);
#2910=ORIENTED_EDGE('',*,*,#2236,.F.);
#2911=ORIENTED_EDGE('',*,*,#2237,.F.);
#2912=ORIENTED_EDGE('',*,*,#2238,.F.);
#2913=ORIENTED_EDGE('',*,*,#2239,.F.);
#2914=ORIENTED_EDGE('',*,*,#2240,.F.);
#2915=ORIENTED_EDGE('',*,*,#2241,.T.);
#2916=ORIENTED_EDGE('',*,*,#2242,.F.);
#2917=ORIENTED_EDGE('',*,*,#2241,.F.);
#2918=ORIENTED_EDGE('',*,*,#2243,.F.);
#2919=ORIENTED_EDGE('',*,*,#2244,.F.);
#2920=ORIENTED_EDGE('',*,*,#2245,.F.);
#2921=ORIENTED_EDGE('',*,*,#2246,.F.);
#2922=ORIENTED_EDGE('',*,*,#2247,.F.);
#2923=ORIENTED_EDGE('',*,*,#2239,.T.);
#2924=ORIENTED_EDGE('',*,*,#2248,.F.);
#2925=ORIENTED_EDGE('',*,*,#2249,.F.);
#2926=ORIENTED_EDGE('',*,*,#2250,.F.);
#2927=ORIENTED_EDGE('',*,*,#2251,.T.);
#2928=ORIENTED_EDGE('',*,*,#2252,.F.);
#2929=ORIENTED_EDGE('',*,*,#2251,.F.);
#2930=ORIENTED_EDGE('',*,*,#2253,.F.);
#2931=ORIENTED_EDGE('',*,*,#2254,.T.);
#2932=ORIENTED_EDGE('',*,*,#2255,.F.);
#2933=ORIENTED_EDGE('',*,*,#2254,.F.);
#2934=ORIENTED_EDGE('',*,*,#2256,.F.);
#2935=ORIENTED_EDGE('',*,*,#2257,.T.);
#2936=ORIENTED_EDGE('',*,*,#2258,.F.);
#2937=ORIENTED_EDGE('',*,*,#2257,.F.);
#2938=ORIENTED_EDGE('',*,*,#2259,.F.);
#2939=ORIENTED_EDGE('',*,*,#2260,.T.);
#2940=ORIENTED_EDGE('',*,*,#2261,.F.);
#2941=ORIENTED_EDGE('',*,*,#2260,.F.);
#2942=ORIENTED_EDGE('',*,*,#2262,.F.);
#2943=ORIENTED_EDGE('',*,*,#2263,.T.);
#2944=ORIENTED_EDGE('',*,*,#2264,.F.);
#2945=ORIENTED_EDGE('',*,*,#2263,.F.);
#2946=ORIENTED_EDGE('',*,*,#2265,.F.);
#2947=ORIENTED_EDGE('',*,*,#2266,.T.);
#2948=ORIENTED_EDGE('',*,*,#2267,.F.);
#2949=ORIENTED_EDGE('',*,*,#2266,.F.);
#2950=ORIENTED_EDGE('',*,*,#2268,.F.);
#2951=ORIENTED_EDGE('',*,*,#2269,.T.);
#2952=ORIENTED_EDGE('',*,*,#2270,.F.);
#2953=ORIENTED_EDGE('',*,*,#2269,.F.);
#2954=ORIENTED_EDGE('',*,*,#2271,.F.);
#2955=ORIENTED_EDGE('',*,*,#2272,.T.);
#2956=ORIENTED_EDGE('',*,*,#2273,.F.);
#2957=ORIENTED_EDGE('',*,*,#2272,.F.);
#2958=ORIENTED_EDGE('',*,*,#2274,.F.);
#2959=ORIENTED_EDGE('',*,*,#2275,.T.);
#2960=ORIENTED_EDGE('',*,*,#2276,.F.);
#2961=ORIENTED_EDGE('',*,*,#2275,.F.);
#2962=ORIENTED_EDGE('',*,*,#2277,.F.);
#2963=ORIENTED_EDGE('',*,*,#2278,.T.);
#2964=ORIENTED_EDGE('',*,*,#2279,.F.);
#2965=ORIENTED_EDGE('',*,*,#2278,.F.);
#2966=ORIENTED_EDGE('',*,*,#2280,.F.);
#2967=ORIENTED_EDGE('',*,*,#2281,.T.);
#2968=ORIENTED_EDGE('',*,*,#2282,.F.);
#2969=ORIENTED_EDGE('',*,*,#2281,.F.);
#2970=ORIENTED_EDGE('',*,*,#2283,.F.);
#2971=ORIENTED_EDGE('',*,*,#2284,.T.);
#2972=ORIENTED_EDGE('',*,*,#2285,.F.);
#2973=ORIENTED_EDGE('',*,*,#2284,.F.);
#2974=ORIENTED_EDGE('',*,*,#2286,.F.);
#2975=ORIENTED_EDGE('',*,*,#2287,.T.);
#2976=ORIENTED_EDGE('',*,*,#2288,.F.);
#2977=ORIENTED_EDGE('',*,*,#2287,.F.);
#2978=ORIENTED_EDGE('',*,*,#2289,.F.);
#2979=ORIENTED_EDGE('',*,*,#2290,.T.);
#2980=ORIENTED_EDGE('',*,*,#2291,.F.);
#2981=ORIENTED_EDGE('',*,*,#2290,.F.);
#2982=ORIENTED_EDGE('',*,*,#2292,.F.);
#2983=ORIENTED_EDGE('',*,*,#2293,.T.);
#2984=ORIENTED_EDGE('',*,*,#2294,.F.);
#2985=ORIENTED_EDGE('',*,*,#2293,.F.);
#2986=ORIENTED_EDGE('',*,*,#2295,.F.);
#2987=ORIENTED_EDGE('',*,*,#2296,.T.);
#2988=ORIENTED_EDGE('',*,*,#2297,.F.);
#2989=ORIENTED_EDGE('',*,*,#2296,.F.);
#2990=ORIENTED_EDGE('',*,*,#2298,.F.);
#2991=ORIENTED_EDGE('',*,*,#2299,.T.);
#2992=ORIENTED_EDGE('',*,*,#2300,.F.);
#2993=ORIENTED_EDGE('',*,*,#2299,.F.);
#2994=ORIENTED_EDGE('',*,*,#2301,.F.);
#2995=ORIENTED_EDGE('',*,*,#2302,.T.);
#2996=ORIENTED_EDGE('',*,*,#2303,.F.);
#2997=ORIENTED_EDGE('',*,*,#2302,.F.);
#2998=ORIENTED_EDGE('',*,*,#2304,.F.);
#2999=ORIENTED_EDGE('',*,*,#2305,.T.);
#3000=ORIENTED_EDGE('',*,*,#2306,.F.);
#3001=ORIENTED_EDGE('',*,*,#2305,.F.);
#3002=ORIENTED_EDGE('',*,*,#2307,.F.);
#3003=ORIENTED_EDGE('',*,*,#2308,.T.);
#3004=ORIENTED_EDGE('',*,*,#2309,.F.);
#3005=ORIENTED_EDGE('',*,*,#2308,.F.);
#3006=ORIENTED_EDGE('',*,*,#2310,.F.);
#3007=ORIENTED_EDGE('',*,*,#2311,.T.);
#3008=ORIENTED_EDGE('',*,*,#2312,.F.);
#3009=ORIENTED_EDGE('',*,*,#2311,.F.);
#3010=ORIENTED_EDGE('',*,*,#2313,.F.);
#3011=ORIENTED_EDGE('',*,*,#2314,.T.);
#3012=ORIENTED_EDGE('',*,*,#2315,.F.);
#3013=ORIENTED_EDGE('',*,*,#2314,.F.);
#3014=ORIENTED_EDGE('',*,*,#2316,.F.);
#3015=ORIENTED_EDGE('',*,*,#2317,.T.);
#3016=ORIENTED_EDGE('',*,*,#2318,.F.);
#3017=ORIENTED_EDGE('',*,*,#2317,.F.);
#3018=ORIENTED_EDGE('',*,*,#2319,.F.);
#3019=ORIENTED_EDGE('',*,*,#2320,.T.);
#3020=ORIENTED_EDGE('',*,*,#2321,.F.);
#3021=ORIENTED_EDGE('',*,*,#2320,.F.);
#3022=ORIENTED_EDGE('',*,*,#2322,.F.);
#3023=ORIENTED_EDGE('',*,*,#2323,.T.);
#3024=ORIENTED_EDGE('',*,*,#2324,.F.);
#3025=ORIENTED_EDGE('',*,*,#2323,.F.);
#3026=ORIENTED_EDGE('',*,*,#2325,.F.);
#3027=ORIENTED_EDGE('',*,*,#2326,.T.);
#3028=ORIENTED_EDGE('',*,*,#2327,.F.);
#3029=ORIENTED_EDGE('',*,*,#2326,.F.);
#3030=ORIENTED_EDGE('',*,*,#2328,.F.);
#3031=ORIENTED_EDGE('',*,*,#2329,.T.);
#3032=ORIENTED_EDGE('',*,*,#2330,.F.);
#3033=ORIENTED_EDGE('',*,*,#2329,.F.);
#3034=ORIENTED_EDGE('',*,*,#2331,.F.);
#3035=ORIENTED_EDGE('',*,*,#2332,.T.);
#3036=ORIENTED_EDGE('',*,*,#2192,.F.);
#3037=ORIENTED_EDGE('',*,*,#2333,.F.);
#3038=ORIENTED_EDGE('',*,*,#2332,.F.);
#3039=ORIENTED_EDGE('',*,*,#2334,.F.);
#3040=ORIENTED_EDGE('',*,*,#2335,.F.);
#3041=ORIENTED_EDGE('',*,*,#2194,.F.);
#3042=ORIENTED_EDGE('',*,*,#2336,.F.);
#3043=ORIENTED_EDGE('',*,*,#2337,.T.);
#3044=ORIENTED_EDGE('',*,*,#2338,.F.);
#3045=ORIENTED_EDGE('',*,*,#2337,.F.);
#3046=ORIENTED_EDGE('',*,*,#2339,.F.);
#3047=ORIENTED_EDGE('',*,*,#2340,.T.);
#3048=ORIENTED_EDGE('',*,*,#2341,.F.);
#3049=ORIENTED_EDGE('',*,*,#2340,.F.);
#3050=ORIENTED_EDGE('',*,*,#2342,.F.);
#3051=ORIENTED_EDGE('',*,*,#2343,.T.);
#3052=ORIENTED_EDGE('',*,*,#2344,.F.);
#3053=ORIENTED_EDGE('',*,*,#2343,.F.);
#3054=ORIENTED_EDGE('',*,*,#2345,.F.);
#3055=ORIENTED_EDGE('',*,*,#2346,.T.);
#3056=ORIENTED_EDGE('',*,*,#2347,.F.);
#3057=ORIENTED_EDGE('',*,*,#2346,.F.);
#3058=ORIENTED_EDGE('',*,*,#2348,.F.);
#3059=ORIENTED_EDGE('',*,*,#2349,.T.);
#3060=ORIENTED_EDGE('',*,*,#2350,.F.);
#3061=ORIENTED_EDGE('',*,*,#2349,.F.);
#3062=ORIENTED_EDGE('',*,*,#2351,.F.);
#3063=ORIENTED_EDGE('',*,*,#2352,.T.);
#3064=ORIENTED_EDGE('',*,*,#2353,.F.);
#3065=ORIENTED_EDGE('',*,*,#2352,.F.);
#3066=ORIENTED_EDGE('',*,*,#2354,.F.);
#3067=ORIENTED_EDGE('',*,*,#2355,.T.);
#3068=ORIENTED_EDGE('',*,*,#2356,.F.);
#3069=ORIENTED_EDGE('',*,*,#2355,.F.);
#3070=ORIENTED_EDGE('',*,*,#2357,.F.);
#3071=ORIENTED_EDGE('',*,*,#2358,.T.);
#3072=ORIENTED_EDGE('',*,*,#2359,.F.);
#3073=ORIENTED_EDGE('',*,*,#2358,.F.);
#3074=ORIENTED_EDGE('',*,*,#2360,.F.);
#3075=ORIENTED_EDGE('',*,*,#2361,.T.);
#3076=ORIENTED_EDGE('',*,*,#2362,.F.);
#3077=ORIENTED_EDGE('',*,*,#2361,.F.);
#3078=ORIENTED_EDGE('',*,*,#2363,.F.);
#3079=ORIENTED_EDGE('',*,*,#2364,.T.);
#3080=ORIENTED_EDGE('',*,*,#2365,.F.);
#3081=ORIENTED_EDGE('',*,*,#2364,.F.);
#3082=ORIENTED_EDGE('',*,*,#2366,.F.);
#3083=ORIENTED_EDGE('',*,*,#2367,.T.);
#3084=ORIENTED_EDGE('',*,*,#2368,.F.);
#3085=ORIENTED_EDGE('',*,*,#2367,.F.);
#3086=ORIENTED_EDGE('',*,*,#2369,.F.);
#3087=ORIENTED_EDGE('',*,*,#2370,.T.);
#3088=ORIENTED_EDGE('',*,*,#2371,.F.);
#3089=ORIENTED_EDGE('',*,*,#2370,.F.);
#3090=ORIENTED_EDGE('',*,*,#2372,.F.);
#3091=ORIENTED_EDGE('',*,*,#2373,.T.);
#3092=ORIENTED_EDGE('',*,*,#2374,.F.);
#3093=ORIENTED_EDGE('',*,*,#2373,.F.);
#3094=ORIENTED_EDGE('',*,*,#2375,.F.);
#3095=ORIENTED_EDGE('',*,*,#2376,.T.);
#3096=ORIENTED_EDGE('',*,*,#2377,.F.);
#3097=ORIENTED_EDGE('',*,*,#2376,.F.);
#3098=ORIENTED_EDGE('',*,*,#2378,.F.);
#3099=ORIENTED_EDGE('',*,*,#2379,.T.);
#3100=ORIENTED_EDGE('',*,*,#2380,.F.);
#3101=ORIENTED_EDGE('',*,*,#2379,.F.);
#3102=ORIENTED_EDGE('',*,*,#2381,.F.);
#3103=ORIENTED_EDGE('',*,*,#2382,.T.);
#3104=ORIENTED_EDGE('',*,*,#2383,.F.);
#3105=ORIENTED_EDGE('',*,*,#2382,.F.);
#3106=ORIENTED_EDGE('',*,*,#2384,.F.);
#3107=ORIENTED_EDGE('',*,*,#2385,.T.);
#3108=ORIENTED_EDGE('',*,*,#2386,.F.);
#3109=ORIENTED_EDGE('',*,*,#2385,.F.);
#3110=ORIENTED_EDGE('',*,*,#2387,.F.);
#3111=ORIENTED_EDGE('',*,*,#2388,.T.);
#3112=ORIENTED_EDGE('',*,*,#2389,.F.);
#3113=ORIENTED_EDGE('',*,*,#2388,.F.);
#3114=ORIENTED_EDGE('',*,*,#2390,.F.);
#3115=ORIENTED_EDGE('',*,*,#2391,.T.);
#3116=ORIENTED_EDGE('',*,*,#2392,.F.);
#3117=ORIENTED_EDGE('',*,*,#2393,.F.);
#3118=ORIENTED_EDGE('',*,*,#2394,.F.);
#3119=ORIENTED_EDGE('',*,*,#2395,.T.);
#3120=ORIENTED_EDGE('',*,*,#2396,.F.);
#3121=ORIENTED_EDGE('',*,*,#2391,.F.);
#3122=ORIENTED_EDGE('',*,*,#2397,.F.);
#3123=ORIENTED_EDGE('',*,*,#2398,.T.);
#3124=ORIENTED_EDGE('',*,*,#2399,.F.);
#3125=ORIENTED_EDGE('',*,*,#2398,.F.);
#3126=ORIENTED_EDGE('',*,*,#2400,.F.);
#3127=ORIENTED_EDGE('',*,*,#2401,.T.);
#3128=ORIENTED_EDGE('',*,*,#2402,.F.);
#3129=ORIENTED_EDGE('',*,*,#2401,.F.);
#3130=ORIENTED_EDGE('',*,*,#2403,.F.);
#3131=ORIENTED_EDGE('',*,*,#2404,.T.);
#3132=ORIENTED_EDGE('',*,*,#2405,.F.);
#3133=ORIENTED_EDGE('',*,*,#2404,.F.);
#3134=ORIENTED_EDGE('',*,*,#2406,.F.);
#3135=ORIENTED_EDGE('',*,*,#2407,.T.);
#3136=ORIENTED_EDGE('',*,*,#2408,.F.);
#3137=ORIENTED_EDGE('',*,*,#2407,.F.);
#3138=ORIENTED_EDGE('',*,*,#2409,.F.);
#3139=ORIENTED_EDGE('',*,*,#2410,.T.);
#3140=ORIENTED_EDGE('',*,*,#2411,.F.);
#3141=ORIENTED_EDGE('',*,*,#2410,.F.);
#3142=ORIENTED_EDGE('',*,*,#2412,.F.);
#3143=ORIENTED_EDGE('',*,*,#2413,.T.);
#3144=ORIENTED_EDGE('',*,*,#2414,.F.);
#3145=ORIENTED_EDGE('',*,*,#2413,.F.);
#3146=ORIENTED_EDGE('',*,*,#2415,.F.);
#3147=ORIENTED_EDGE('',*,*,#2416,.T.);
#3148=ORIENTED_EDGE('',*,*,#2417,.F.);
#3149=ORIENTED_EDGE('',*,*,#2416,.F.);
#3150=ORIENTED_EDGE('',*,*,#2418,.F.);
#3151=ORIENTED_EDGE('',*,*,#2419,.T.);
#3152=ORIENTED_EDGE('',*,*,#2420,.F.);
#3153=ORIENTED_EDGE('',*,*,#2419,.F.);
#3154=ORIENTED_EDGE('',*,*,#2421,.F.);
#3155=ORIENTED_EDGE('',*,*,#2422,.T.);
#3156=ORIENTED_EDGE('',*,*,#2423,.F.);
#3157=ORIENTED_EDGE('',*,*,#2422,.F.);
#3158=ORIENTED_EDGE('',*,*,#2424,.F.);
#3159=ORIENTED_EDGE('',*,*,#2425,.T.);
#3160=ORIENTED_EDGE('',*,*,#2426,.F.);
#3161=ORIENTED_EDGE('',*,*,#2425,.F.);
#3162=ORIENTED_EDGE('',*,*,#2427,.F.);
#3163=ORIENTED_EDGE('',*,*,#2393,.T.);
#3164=ORIENTED_EDGE('',*,*,#2428,.F.);
#3165=ORIENTED_EDGE('',*,*,#2395,.F.);
#3166=ORIENTED_EDGE('',*,*,#2429,.F.);
#3167=ORIENTED_EDGE('',*,*,#2430,.T.);
#3168=ORIENTED_EDGE('',*,*,#2431,.F.);
#3169=ORIENTED_EDGE('',*,*,#2430,.F.);
#3170=ORIENTED_EDGE('',*,*,#2432,.F.);
#3171=ORIENTED_EDGE('',*,*,#2433,.T.);
#3172=ORIENTED_EDGE('',*,*,#2434,.F.);
#3173=ORIENTED_EDGE('',*,*,#2433,.F.);
#3174=ORIENTED_EDGE('',*,*,#2435,.F.);
#3175=ORIENTED_EDGE('',*,*,#2436,.T.);
#3176=ORIENTED_EDGE('',*,*,#2437,.F.);
#3177=ORIENTED_EDGE('',*,*,#2436,.F.);
#3178=ORIENTED_EDGE('',*,*,#2438,.F.);
#3179=ORIENTED_EDGE('',*,*,#2439,.T.);
#3180=ORIENTED_EDGE('',*,*,#2440,.F.);
#3181=ORIENTED_EDGE('',*,*,#2439,.F.);
#3182=ORIENTED_EDGE('',*,*,#2441,.F.);
#3183=ORIENTED_EDGE('',*,*,#2442,.T.);
#3184=ORIENTED_EDGE('',*,*,#2443,.F.);
#3185=ORIENTED_EDGE('',*,*,#2442,.F.);
#3186=ORIENTED_EDGE('',*,*,#2444,.F.);
#3187=ORIENTED_EDGE('',*,*,#2445,.T.);
#3188=ORIENTED_EDGE('',*,*,#2446,.F.);
#3189=ORIENTED_EDGE('',*,*,#2445,.F.);
#3190=ORIENTED_EDGE('',*,*,#2447,.F.);
#3191=ORIENTED_EDGE('',*,*,#2448,.T.);
#3192=ORIENTED_EDGE('',*,*,#2449,.F.);
#3193=ORIENTED_EDGE('',*,*,#2448,.F.);
#3194=ORIENTED_EDGE('',*,*,#2450,.F.);
#3195=ORIENTED_EDGE('',*,*,#2451,.T.);
#3196=ORIENTED_EDGE('',*,*,#2452,.F.);
#3197=ORIENTED_EDGE('',*,*,#2451,.F.);
#3198=ORIENTED_EDGE('',*,*,#2453,.F.);
#3199=ORIENTED_EDGE('',*,*,#2454,.T.);
#3200=ORIENTED_EDGE('',*,*,#2455,.F.);
#3201=ORIENTED_EDGE('',*,*,#2454,.F.);
#3202=ORIENTED_EDGE('',*,*,#2456,.F.);
#3203=ORIENTED_EDGE('',*,*,#2457,.T.);
#3204=ORIENTED_EDGE('',*,*,#2458,.F.);
#3205=ORIENTED_EDGE('',*,*,#2457,.F.);
#3206=ORIENTED_EDGE('',*,*,#2459,.F.);
#3207=ORIENTED_EDGE('',*,*,#2460,.T.);
#3208=ORIENTED_EDGE('',*,*,#2461,.F.);
#3209=ORIENTED_EDGE('',*,*,#2460,.F.);
#3210=ORIENTED_EDGE('',*,*,#2462,.F.);
#3211=ORIENTED_EDGE('',*,*,#2463,.T.);
#3212=ORIENTED_EDGE('',*,*,#2464,.F.);
#3213=ORIENTED_EDGE('',*,*,#2463,.F.);
#3214=ORIENTED_EDGE('',*,*,#2465,.F.);
#3215=ORIENTED_EDGE('',*,*,#2466,.T.);
#3216=ORIENTED_EDGE('',*,*,#2467,.F.);
#3217=ORIENTED_EDGE('',*,*,#2466,.F.);
#3218=ORIENTED_EDGE('',*,*,#2468,.F.);
#3219=ORIENTED_EDGE('',*,*,#2469,.T.);
#3220=ORIENTED_EDGE('',*,*,#2470,.F.);
#3221=ORIENTED_EDGE('',*,*,#2469,.F.);
#3222=ORIENTED_EDGE('',*,*,#2471,.F.);
#3223=ORIENTED_EDGE('',*,*,#2472,.T.);
#3224=ORIENTED_EDGE('',*,*,#2473,.F.);
#3225=ORIENTED_EDGE('',*,*,#2472,.F.);
#3226=ORIENTED_EDGE('',*,*,#2474,.F.);
#3227=ORIENTED_EDGE('',*,*,#2475,.T.);
#3228=ORIENTED_EDGE('',*,*,#2476,.F.);
#3229=ORIENTED_EDGE('',*,*,#2475,.F.);
#3230=ORIENTED_EDGE('',*,*,#2477,.F.);
#3231=ORIENTED_EDGE('',*,*,#2478,.T.);
#3232=ORIENTED_EDGE('',*,*,#2479,.F.);
#3233=ORIENTED_EDGE('',*,*,#2478,.F.);
#3234=ORIENTED_EDGE('',*,*,#2480,.F.);
#3235=ORIENTED_EDGE('',*,*,#2481,.T.);
#3236=ORIENTED_EDGE('',*,*,#2185,.F.);
#3237=ORIENTED_EDGE('',*,*,#2482,.F.);
#3238=ORIENTED_EDGE('',*,*,#2481,.F.);
#3239=ORIENTED_EDGE('',*,*,#2483,.F.);
#3240=ORIENTED_EDGE('',*,*,#2484,.F.);
#3241=ORIENTED_EDGE('',*,*,#2187,.F.);
#3242=ORIENTED_EDGE('',*,*,#2485,.F.);
#3243=ORIENTED_EDGE('',*,*,#2486,.T.);
#3244=ORIENTED_EDGE('',*,*,#2487,.F.);
#3245=ORIENTED_EDGE('',*,*,#2486,.F.);
#3246=ORIENTED_EDGE('',*,*,#2488,.F.);
#3247=ORIENTED_EDGE('',*,*,#2489,.T.);
#3248=ORIENTED_EDGE('',*,*,#2490,.F.);
#3249=ORIENTED_EDGE('',*,*,#2489,.F.);
#3250=ORIENTED_EDGE('',*,*,#2491,.F.);
#3251=ORIENTED_EDGE('',*,*,#2492,.T.);
#3252=ORIENTED_EDGE('',*,*,#2493,.F.);
#3253=ORIENTED_EDGE('',*,*,#2492,.F.);
#3254=ORIENTED_EDGE('',*,*,#2494,.F.);
#3255=ORIENTED_EDGE('',*,*,#2495,.T.);
#3256=ORIENTED_EDGE('',*,*,#2496,.F.);
#3257=ORIENTED_EDGE('',*,*,#2495,.F.);
#3258=ORIENTED_EDGE('',*,*,#2497,.F.);
#3259=ORIENTED_EDGE('',*,*,#2498,.T.);
#3260=ORIENTED_EDGE('',*,*,#2499,.F.);
#3261=ORIENTED_EDGE('',*,*,#2498,.F.);
#3262=ORIENTED_EDGE('',*,*,#2500,.F.);
#3263=ORIENTED_EDGE('',*,*,#2501,.T.);
#3264=ORIENTED_EDGE('',*,*,#2502,.F.);
#3265=ORIENTED_EDGE('',*,*,#2501,.F.);
#3266=ORIENTED_EDGE('',*,*,#2503,.F.);
#3267=ORIENTED_EDGE('',*,*,#2504,.T.);
#3268=ORIENTED_EDGE('',*,*,#2505,.F.);
#3269=ORIENTED_EDGE('',*,*,#2504,.F.);
#3270=ORIENTED_EDGE('',*,*,#2506,.F.);
#3271=ORIENTED_EDGE('',*,*,#2507,.T.);
#3272=ORIENTED_EDGE('',*,*,#2508,.F.);
#3273=ORIENTED_EDGE('',*,*,#2507,.F.);
#3274=ORIENTED_EDGE('',*,*,#2509,.F.);
#3275=ORIENTED_EDGE('',*,*,#2510,.T.);
#3276=ORIENTED_EDGE('',*,*,#2511,.F.);
#3277=ORIENTED_EDGE('',*,*,#2510,.F.);
#3278=ORIENTED_EDGE('',*,*,#2512,.F.);
#3279=ORIENTED_EDGE('',*,*,#2513,.T.);
#3280=ORIENTED_EDGE('',*,*,#2514,.F.);
#3281=ORIENTED_EDGE('',*,*,#2513,.F.);
#3282=ORIENTED_EDGE('',*,*,#2515,.F.);
#3283=ORIENTED_EDGE('',*,*,#2516,.T.);
#3284=ORIENTED_EDGE('',*,*,#2517,.F.);
#3285=ORIENTED_EDGE('',*,*,#2516,.F.);
#3286=ORIENTED_EDGE('',*,*,#2518,.F.);
#3287=ORIENTED_EDGE('',*,*,#2519,.T.);
#3288=ORIENTED_EDGE('',*,*,#2520,.F.);
#3289=ORIENTED_EDGE('',*,*,#2519,.F.);
#3290=ORIENTED_EDGE('',*,*,#2521,.F.);
#3291=ORIENTED_EDGE('',*,*,#2522,.T.);
#3292=ORIENTED_EDGE('',*,*,#2523,.F.);
#3293=ORIENTED_EDGE('',*,*,#2522,.F.);
#3294=ORIENTED_EDGE('',*,*,#2524,.F.);
#3295=ORIENTED_EDGE('',*,*,#2525,.T.);
#3296=ORIENTED_EDGE('',*,*,#2526,.F.);
#3297=ORIENTED_EDGE('',*,*,#2525,.F.);
#3298=ORIENTED_EDGE('',*,*,#2527,.F.);
#3299=ORIENTED_EDGE('',*,*,#2528,.T.);
#3300=ORIENTED_EDGE('',*,*,#2529,.F.);
#3301=ORIENTED_EDGE('',*,*,#2528,.F.);
#3302=ORIENTED_EDGE('',*,*,#2530,.F.);
#3303=ORIENTED_EDGE('',*,*,#2531,.T.);
#3304=ORIENTED_EDGE('',*,*,#2532,.F.);
#3305=ORIENTED_EDGE('',*,*,#2531,.F.);
#3306=ORIENTED_EDGE('',*,*,#2533,.F.);
#3307=ORIENTED_EDGE('',*,*,#2249,.T.);
#3308=ORIENTED_EDGE('',*,*,#2201,.T.);
#3309=ORIENTED_EDGE('',*,*,#2534,.T.);
#3310=ORIENTED_EDGE('',*,*,#2535,.T.);
#3311=ORIENTED_EDGE('',*,*,#2536,.T.);
#3312=ORIENTED_EDGE('',*,*,#2199,.T.);
#3313=ORIENTED_EDGE('',*,*,#2537,.T.);
#3314=ORIENTED_EDGE('',*,*,#2538,.F.);
#3315=ORIENTED_EDGE('',*,*,#2539,.T.);
#3316=ORIENTED_EDGE('',*,*,#2219,.T.);
#3317=ORIENTED_EDGE('',*,*,#2540,.T.);
#3318=ORIENTED_EDGE('',*,*,#2541,.T.);
#3319=ORIENTED_EDGE('',*,*,#2542,.T.);
#3320=ORIENTED_EDGE('',*,*,#2233,.T.);
#3321=ORIENTED_EDGE('',*,*,#2543,.T.);
#3322=ORIENTED_EDGE('',*,*,#2544,.F.);
#3323=ORIENTED_EDGE('',*,*,#2545,.T.);
#3324=ORIENTED_EDGE('',*,*,#2215,.T.);
#3325=ORIENTED_EDGE('',*,*,#2546,.T.);
#3326=ORIENTED_EDGE('',*,*,#2229,.T.);
#3327=ORIENTED_EDGE('',*,*,#2547,.T.);
#3328=ORIENTED_EDGE('',*,*,#2221,.T.);
#3329=ORIENTED_EDGE('',*,*,#2548,.T.);
#3330=ORIENTED_EDGE('',*,*,#2227,.T.);
#3331=ORIENTED_EDGE('',*,*,#2549,.T.);
#3332=ORIENTED_EDGE('',*,*,#2223,.T.);
#3333=ORIENTED_EDGE('',*,*,#2550,.T.);
#3334=ORIENTED_EDGE('',*,*,#2237,.T.);
#3335=ORIENTED_EDGE('',*,*,#2551,.T.);
#3336=ORIENTED_EDGE('',*,*,#2211,.T.);
#3337=ORIENTED_EDGE('',*,*,#2552,.T.);
#3338=ORIENTED_EDGE('',*,*,#2225,.T.);
#3339=ORIENTED_EDGE('',*,*,#2553,.T.);
#3340=ORIENTED_EDGE('',*,*,#2213,.T.);
#3341=ORIENTED_EDGE('',*,*,#2554,.T.);
#3342=ORIENTED_EDGE('',*,*,#2555,.F.);
#3343=ORIENTED_EDGE('',*,*,#2556,.T.);
#3344=ORIENTED_EDGE('',*,*,#2207,.T.);
#3345=ORIENTED_EDGE('',*,*,#2557,.T.);
#3346=ORIENTED_EDGE('',*,*,#2558,.T.);
#3347=ORIENTED_EDGE('',*,*,#2559,.T.);
#3348=ORIENTED_EDGE('',*,*,#2209,.T.);
#3349=ORIENTED_EDGE('',*,*,#2560,.T.);
#3350=ORIENTED_EDGE('',*,*,#2235,.T.);
#3351=ORIENTED_EDGE('',*,*,#2561,.T.);
#3352=ORIENTED_EDGE('',*,*,#2244,.T.);
#3353=ORIENTED_EDGE('',*,*,#2562,.T.);
#3354=ORIENTED_EDGE('',*,*,#2563,.F.);
#3355=ORIENTED_EDGE('',*,*,#2564,.T.);
#3356=ORIENTED_EDGE('',*,*,#2198,.T.);
#3357=ORIENTED_EDGE('',*,*,#2205,.T.);
#3358=ORIENTED_EDGE('',*,*,#2202,.T.);
#3359=ORIENTED_EDGE('',*,*,#2536,.F.);
#3360=ORIENTED_EDGE('',*,*,#2565,.F.);
#3361=ORIENTED_EDGE('',*,*,#2554,.F.);
#3362=ORIENTED_EDGE('',*,*,#2212,.T.);
#3363=ORIENTED_EDGE('',*,*,#2553,.F.);
#3364=ORIENTED_EDGE('',*,*,#2224,.T.);
#3365=ORIENTED_EDGE('',*,*,#2551,.F.);
#3366=ORIENTED_EDGE('',*,*,#2236,.T.);
#3367=ORIENTED_EDGE('',*,*,#2560,.F.);
#3368=ORIENTED_EDGE('',*,*,#2208,.T.);
#3369=ORIENTED_EDGE('',*,*,#2559,.F.);
#3370=ORIENTED_EDGE('',*,*,#2566,.F.);
#3371=ORIENTED_EDGE('',*,*,#2562,.F.);
#3372=ORIENTED_EDGE('',*,*,#2243,.T.);
#3373=ORIENTED_EDGE('',*,*,#2240,.T.);
#3374=ORIENTED_EDGE('',*,*,#2247,.T.);
#3375=ORIENTED_EDGE('',*,*,#2567,.F.);
#3376=ORIENTED_EDGE('',*,*,#2568,.F.);
#3377=ORIENTED_EDGE('',*,*,#2543,.F.);
#3378=ORIENTED_EDGE('',*,*,#2232,.T.);
#3379=ORIENTED_EDGE('',*,*,#2569,.F.);
#3380=ORIENTED_EDGE('',*,*,#2216,.T.);
#3381=ORIENTED_EDGE('',*,*,#2547,.F.);
#3382=ORIENTED_EDGE('',*,*,#2228,.T.);
#3383=ORIENTED_EDGE('',*,*,#2548,.F.);
#3384=ORIENTED_EDGE('',*,*,#2220,.T.);
#3385=ORIENTED_EDGE('',*,*,#2542,.F.);
#3386=ORIENTED_EDGE('',*,*,#2570,.F.);
#3387=ORIENTED_EDGE('',*,*,#2537,.F.);
#3388=ORIENTED_EDGE('',*,*,#2397,.T.);
#3389=ORIENTED_EDGE('',*,*,#2390,.T.);
#3390=ORIENTED_EDGE('',*,*,#2387,.T.);
#3391=ORIENTED_EDGE('',*,*,#2384,.T.);
#3392=ORIENTED_EDGE('',*,*,#2381,.T.);
#3393=ORIENTED_EDGE('',*,*,#2378,.T.);
#3394=ORIENTED_EDGE('',*,*,#2375,.T.);
#3395=ORIENTED_EDGE('',*,*,#2372,.T.);
#3396=ORIENTED_EDGE('',*,*,#2369,.T.);
#3397=ORIENTED_EDGE('',*,*,#2366,.T.);
#3398=ORIENTED_EDGE('',*,*,#2363,.T.);
#3399=ORIENTED_EDGE('',*,*,#2360,.T.);
#3400=ORIENTED_EDGE('',*,*,#2357,.T.);
#3401=ORIENTED_EDGE('',*,*,#2354,.T.);
#3402=ORIENTED_EDGE('',*,*,#2351,.T.);
#3403=ORIENTED_EDGE('',*,*,#2348,.T.);
#3404=ORIENTED_EDGE('',*,*,#2345,.T.);
#3405=ORIENTED_EDGE('',*,*,#2342,.T.);
#3406=ORIENTED_EDGE('',*,*,#2339,.T.);
#3407=ORIENTED_EDGE('',*,*,#2336,.T.);
#3408=ORIENTED_EDGE('',*,*,#2193,.T.);
#3409=ORIENTED_EDGE('',*,*,#2189,.F.);
#3410=ORIENTED_EDGE('',*,*,#2334,.T.);
#3411=ORIENTED_EDGE('',*,*,#2331,.T.);
#3412=ORIENTED_EDGE('',*,*,#2328,.T.);
#3413=ORIENTED_EDGE('',*,*,#2325,.T.);
#3414=ORIENTED_EDGE('',*,*,#2322,.T.);
#3415=ORIENTED_EDGE('',*,*,#2319,.T.);
#3416=ORIENTED_EDGE('',*,*,#2316,.T.);
#3417=ORIENTED_EDGE('',*,*,#2313,.T.);
#3418=ORIENTED_EDGE('',*,*,#2310,.T.);
#3419=ORIENTED_EDGE('',*,*,#2307,.T.);
#3420=ORIENTED_EDGE('',*,*,#2304,.T.);
#3421=ORIENTED_EDGE('',*,*,#2301,.T.);
#3422=ORIENTED_EDGE('',*,*,#2298,.T.);
#3423=ORIENTED_EDGE('',*,*,#2295,.T.);
#3424=ORIENTED_EDGE('',*,*,#2292,.T.);
#3425=ORIENTED_EDGE('',*,*,#2289,.T.);
#3426=ORIENTED_EDGE('',*,*,#2286,.T.);
#3427=ORIENTED_EDGE('',*,*,#2283,.T.);
#3428=ORIENTED_EDGE('',*,*,#2280,.T.);
#3429=ORIENTED_EDGE('',*,*,#2277,.T.);
#3430=ORIENTED_EDGE('',*,*,#2274,.T.);
#3431=ORIENTED_EDGE('',*,*,#2271,.T.);
#3432=ORIENTED_EDGE('',*,*,#2268,.T.);
#3433=ORIENTED_EDGE('',*,*,#2265,.T.);
#3434=ORIENTED_EDGE('',*,*,#2262,.T.);
#3435=ORIENTED_EDGE('',*,*,#2259,.T.);
#3436=ORIENTED_EDGE('',*,*,#2256,.T.);
#3437=ORIENTED_EDGE('',*,*,#2253,.T.);
#3438=ORIENTED_EDGE('',*,*,#2250,.T.);
#3439=ORIENTED_EDGE('',*,*,#2533,.T.);
#3440=ORIENTED_EDGE('',*,*,#2530,.T.);
#3441=ORIENTED_EDGE('',*,*,#2527,.T.);
#3442=ORIENTED_EDGE('',*,*,#2524,.T.);
#3443=ORIENTED_EDGE('',*,*,#2521,.T.);
#3444=ORIENTED_EDGE('',*,*,#2518,.T.);
#3445=ORIENTED_EDGE('',*,*,#2515,.T.);
#3446=ORIENTED_EDGE('',*,*,#2512,.T.);
#3447=ORIENTED_EDGE('',*,*,#2509,.T.);
#3448=ORIENTED_EDGE('',*,*,#2506,.T.);
#3449=ORIENTED_EDGE('',*,*,#2503,.T.);
#3450=ORIENTED_EDGE('',*,*,#2500,.T.);
#3451=ORIENTED_EDGE('',*,*,#2497,.T.);
#3452=ORIENTED_EDGE('',*,*,#2494,.T.);
#3453=ORIENTED_EDGE('',*,*,#2491,.T.);
#3454=ORIENTED_EDGE('',*,*,#2488,.T.);
#3455=ORIENTED_EDGE('',*,*,#2485,.T.);
#3456=ORIENTED_EDGE('',*,*,#2186,.T.);
#3457=ORIENTED_EDGE('',*,*,#2182,.F.);
#3458=ORIENTED_EDGE('',*,*,#2483,.T.);
#3459=ORIENTED_EDGE('',*,*,#2480,.T.);
#3460=ORIENTED_EDGE('',*,*,#2477,.T.);
#3461=ORIENTED_EDGE('',*,*,#2474,.T.);
#3462=ORIENTED_EDGE('',*,*,#2471,.T.);
#3463=ORIENTED_EDGE('',*,*,#2468,.T.);
#3464=ORIENTED_EDGE('',*,*,#2465,.T.);
#3465=ORIENTED_EDGE('',*,*,#2462,.T.);
#3466=ORIENTED_EDGE('',*,*,#2459,.T.);
#3467=ORIENTED_EDGE('',*,*,#2456,.T.);
#3468=ORIENTED_EDGE('',*,*,#2453,.T.);
#3469=ORIENTED_EDGE('',*,*,#2450,.T.);
#3470=ORIENTED_EDGE('',*,*,#2447,.T.);
#3471=ORIENTED_EDGE('',*,*,#2444,.T.);
#3472=ORIENTED_EDGE('',*,*,#2441,.T.);
#3473=ORIENTED_EDGE('',*,*,#2438,.T.);
#3474=ORIENTED_EDGE('',*,*,#2435,.T.);
#3475=ORIENTED_EDGE('',*,*,#2432,.T.);
#3476=ORIENTED_EDGE('',*,*,#2429,.T.);
#3477=ORIENTED_EDGE('',*,*,#2394,.T.);
#3478=ORIENTED_EDGE('',*,*,#2427,.T.);
#3479=ORIENTED_EDGE('',*,*,#2424,.T.);
#3480=ORIENTED_EDGE('',*,*,#2421,.T.);
#3481=ORIENTED_EDGE('',*,*,#2418,.T.);
#3482=ORIENTED_EDGE('',*,*,#2415,.T.);
#3483=ORIENTED_EDGE('',*,*,#2412,.T.);
#3484=ORIENTED_EDGE('',*,*,#2409,.T.);
#3485=ORIENTED_EDGE('',*,*,#2406,.T.);
#3486=ORIENTED_EDGE('',*,*,#2403,.T.);
#3487=ORIENTED_EDGE('',*,*,#2400,.T.);
#3488=ORIENTED_EDGE('',*,*,#2196,.T.);
#3489=ORIENTED_EDGE('',*,*,#2539,.F.);
#3490=ORIENTED_EDGE('',*,*,#2571,.F.);
#3491=ORIENTED_EDGE('',*,*,#2540,.F.);
#3492=ORIENTED_EDGE('',*,*,#2218,.T.);
#3493=ORIENTED_EDGE('',*,*,#2549,.F.);
#3494=ORIENTED_EDGE('',*,*,#2226,.T.);
#3495=ORIENTED_EDGE('',*,*,#2546,.F.);
#3496=ORIENTED_EDGE('',*,*,#2214,.T.);
#3497=ORIENTED_EDGE('',*,*,#2572,.F.);
#3498=ORIENTED_EDGE('',*,*,#2230,.T.);
#3499=ORIENTED_EDGE('',*,*,#2545,.F.);
#3500=ORIENTED_EDGE('',*,*,#2573,.F.);
#3501=ORIENTED_EDGE('',*,*,#2574,.F.);
#3502=ORIENTED_EDGE('',*,*,#2245,.T.);
#3503=ORIENTED_EDGE('',*,*,#2238,.T.);
#3504=ORIENTED_EDGE('',*,*,#2242,.T.);
#3505=ORIENTED_EDGE('',*,*,#2564,.F.);
#3506=ORIENTED_EDGE('',*,*,#2575,.F.);
#3507=ORIENTED_EDGE('',*,*,#2557,.F.);
#3508=ORIENTED_EDGE('',*,*,#2206,.T.);
#3509=ORIENTED_EDGE('',*,*,#2561,.F.);
#3510=ORIENTED_EDGE('',*,*,#2234,.T.);
#3511=ORIENTED_EDGE('',*,*,#2550,.F.);
#3512=ORIENTED_EDGE('',*,*,#2222,.T.);
#3513=ORIENTED_EDGE('',*,*,#2552,.F.);
#3514=ORIENTED_EDGE('',*,*,#2210,.T.);
#3515=ORIENTED_EDGE('',*,*,#2556,.F.);
#3516=ORIENTED_EDGE('',*,*,#2576,.F.);
#3517=ORIENTED_EDGE('',*,*,#2534,.F.);
#3518=ORIENTED_EDGE('',*,*,#2200,.T.);
#3519=ORIENTED_EDGE('',*,*,#2204,.T.);
#3520=ORIENTED_EDGE('',*,*,#2396,.T.);
#3521=ORIENTED_EDGE('',*,*,#2399,.T.);
#3522=ORIENTED_EDGE('',*,*,#2402,.T.);
#3523=ORIENTED_EDGE('',*,*,#2405,.T.);
#3524=ORIENTED_EDGE('',*,*,#2408,.T.);
#3525=ORIENTED_EDGE('',*,*,#2411,.T.);
#3526=ORIENTED_EDGE('',*,*,#2414,.T.);
#3527=ORIENTED_EDGE('',*,*,#2417,.T.);
#3528=ORIENTED_EDGE('',*,*,#2420,.T.);
#3529=ORIENTED_EDGE('',*,*,#2423,.T.);
#3530=ORIENTED_EDGE('',*,*,#2426,.T.);
#3531=ORIENTED_EDGE('',*,*,#2392,.T.);
#3532=ORIENTED_EDGE('',*,*,#2428,.T.);
#3533=ORIENTED_EDGE('',*,*,#2431,.T.);
#3534=ORIENTED_EDGE('',*,*,#2434,.T.);
#3535=ORIENTED_EDGE('',*,*,#2437,.T.);
#3536=ORIENTED_EDGE('',*,*,#2440,.T.);
#3537=ORIENTED_EDGE('',*,*,#2443,.T.);
#3538=ORIENTED_EDGE('',*,*,#2446,.T.);
#3539=ORIENTED_EDGE('',*,*,#2449,.T.);
#3540=ORIENTED_EDGE('',*,*,#2452,.T.);
#3541=ORIENTED_EDGE('',*,*,#2455,.T.);
#3542=ORIENTED_EDGE('',*,*,#2458,.T.);
#3543=ORIENTED_EDGE('',*,*,#2461,.T.);
#3544=ORIENTED_EDGE('',*,*,#2464,.T.);
#3545=ORIENTED_EDGE('',*,*,#2467,.T.);
#3546=ORIENTED_EDGE('',*,*,#2470,.T.);
#3547=ORIENTED_EDGE('',*,*,#2473,.T.);
#3548=ORIENTED_EDGE('',*,*,#2476,.T.);
#3549=ORIENTED_EDGE('',*,*,#2479,.T.);
#3550=ORIENTED_EDGE('',*,*,#2482,.T.);
#3551=ORIENTED_EDGE('',*,*,#2184,.F.);
#3552=ORIENTED_EDGE('',*,*,#2188,.T.);
#3553=ORIENTED_EDGE('',*,*,#2484,.T.);
#3554=ORIENTED_EDGE('',*,*,#2487,.T.);
#3555=ORIENTED_EDGE('',*,*,#2490,.T.);
#3556=ORIENTED_EDGE('',*,*,#2493,.T.);
#3557=ORIENTED_EDGE('',*,*,#2496,.T.);
#3558=ORIENTED_EDGE('',*,*,#2499,.T.);
#3559=ORIENTED_EDGE('',*,*,#2502,.T.);
#3560=ORIENTED_EDGE('',*,*,#2505,.T.);
#3561=ORIENTED_EDGE('',*,*,#2508,.T.);
#3562=ORIENTED_EDGE('',*,*,#2511,.T.);
#3563=ORIENTED_EDGE('',*,*,#2514,.T.);
#3564=ORIENTED_EDGE('',*,*,#2517,.T.);
#3565=ORIENTED_EDGE('',*,*,#2520,.T.);
#3566=ORIENTED_EDGE('',*,*,#2523,.T.);
#3567=ORIENTED_EDGE('',*,*,#2526,.T.);
#3568=ORIENTED_EDGE('',*,*,#2529,.T.);
#3569=ORIENTED_EDGE('',*,*,#2532,.T.);
#3570=ORIENTED_EDGE('',*,*,#2248,.T.);
#3571=ORIENTED_EDGE('',*,*,#2252,.T.);
#3572=ORIENTED_EDGE('',*,*,#2255,.T.);
#3573=ORIENTED_EDGE('',*,*,#2258,.T.);
#3574=ORIENTED_EDGE('',*,*,#2261,.T.);
#3575=ORIENTED_EDGE('',*,*,#2264,.T.);
#3576=ORIENTED_EDGE('',*,*,#2267,.T.);
#3577=ORIENTED_EDGE('',*,*,#2270,.T.);
#3578=ORIENTED_EDGE('',*,*,#2273,.T.);
#3579=ORIENTED_EDGE('',*,*,#2276,.T.);
#3580=ORIENTED_EDGE('',*,*,#2279,.T.);
#3581=ORIENTED_EDGE('',*,*,#2282,.T.);
#3582=ORIENTED_EDGE('',*,*,#2285,.T.);
#3583=ORIENTED_EDGE('',*,*,#2288,.T.);
#3584=ORIENTED_EDGE('',*,*,#2291,.T.);
#3585=ORIENTED_EDGE('',*,*,#2294,.T.);
#3586=ORIENTED_EDGE('',*,*,#2297,.T.);
#3587=ORIENTED_EDGE('',*,*,#2300,.T.);
#3588=ORIENTED_EDGE('',*,*,#2303,.T.);
#3589=ORIENTED_EDGE('',*,*,#2306,.T.);
#3590=ORIENTED_EDGE('',*,*,#2309,.T.);
#3591=ORIENTED_EDGE('',*,*,#2312,.T.);
#3592=ORIENTED_EDGE('',*,*,#2315,.T.);
#3593=ORIENTED_EDGE('',*,*,#2318,.T.);
#3594=ORIENTED_EDGE('',*,*,#2321,.T.);
#3595=ORIENTED_EDGE('',*,*,#2324,.T.);
#3596=ORIENTED_EDGE('',*,*,#2327,.T.);
#3597=ORIENTED_EDGE('',*,*,#2330,.T.);
#3598=ORIENTED_EDGE('',*,*,#2333,.T.);
#3599=ORIENTED_EDGE('',*,*,#2191,.F.);
#3600=ORIENTED_EDGE('',*,*,#2195,.T.);
#3601=ORIENTED_EDGE('',*,*,#2335,.T.);
#3602=ORIENTED_EDGE('',*,*,#2338,.T.);
#3603=ORIENTED_EDGE('',*,*,#2341,.T.);
#3604=ORIENTED_EDGE('',*,*,#2344,.T.);
#3605=ORIENTED_EDGE('',*,*,#2347,.T.);
#3606=ORIENTED_EDGE('',*,*,#2350,.T.);
#3607=ORIENTED_EDGE('',*,*,#2353,.T.);
#3608=ORIENTED_EDGE('',*,*,#2356,.T.);
#3609=ORIENTED_EDGE('',*,*,#2359,.T.);
#3610=ORIENTED_EDGE('',*,*,#2362,.T.);
#3611=ORIENTED_EDGE('',*,*,#2365,.T.);
#3612=ORIENTED_EDGE('',*,*,#2368,.T.);
#3613=ORIENTED_EDGE('',*,*,#2371,.T.);
#3614=ORIENTED_EDGE('',*,*,#2374,.T.);
#3615=ORIENTED_EDGE('',*,*,#2377,.T.);
#3616=ORIENTED_EDGE('',*,*,#2380,.T.);
#3617=ORIENTED_EDGE('',*,*,#2383,.T.);
#3618=ORIENTED_EDGE('',*,*,#2386,.T.);
#3619=ORIENTED_EDGE('',*,*,#2389,.T.);
#3620=ORIENTED_EDGE('',*,*,#2246,.T.);
#3621=ORIENTED_EDGE('',*,*,#2574,.T.);
#3622=ORIENTED_EDGE('',*,*,#2577,.F.);
#3623=ORIENTED_EDGE('',*,*,#2567,.T.);
#3624=ORIENTED_EDGE('',*,*,#2566,.T.);
#3625=ORIENTED_EDGE('',*,*,#2558,.F.);
#3626=ORIENTED_EDGE('',*,*,#2575,.T.);
#3627=ORIENTED_EDGE('',*,*,#2563,.T.);
#3628=ORIENTED_EDGE('',*,*,#2565,.T.);
#3629=ORIENTED_EDGE('',*,*,#2535,.F.);
#3630=ORIENTED_EDGE('',*,*,#2576,.T.);
#3631=ORIENTED_EDGE('',*,*,#2555,.T.);
#3632=ORIENTED_EDGE('',*,*,#2570,.T.);
#3633=ORIENTED_EDGE('',*,*,#2541,.F.);
#3634=ORIENTED_EDGE('',*,*,#2571,.T.);
#3635=ORIENTED_EDGE('',*,*,#2538,.T.);
#3636=ORIENTED_EDGE('',*,*,#2217,.T.);
#3637=ORIENTED_EDGE('',*,*,#2569,.T.);
#3638=ORIENTED_EDGE('',*,*,#2231,.T.);
#3639=ORIENTED_EDGE('',*,*,#2572,.T.);
#3640=ORIENTED_EDGE('',*,*,#2568,.T.);
#3641=ORIENTED_EDGE('',*,*,#2577,.T.);
#3642=ORIENTED_EDGE('',*,*,#2573,.T.);
#3643=ORIENTED_EDGE('',*,*,#2544,.T.);
#3644=ORIENTED_EDGE('',*,*,#2578,.F.);
#3645=ORIENTED_EDGE('',*,*,#2579,.F.);
#3646=ORIENTED_EDGE('',*,*,#2580,.F.);
#3647=ORIENTED_EDGE('',*,*,#2581,.T.);
#3648=ORIENTED_EDGE('',*,*,#2582,.T.);
#3649=ORIENTED_EDGE('',*,*,#2579,.T.);
#3650=ORIENTED_EDGE('',*,*,#2583,.T.);
#3651=ORIENTED_EDGE('',*,*,#2584,.F.);
#3652=ORIENTED_EDGE('',*,*,#2581,.F.);
#3653=ORIENTED_EDGE('',*,*,#2585,.F.);
#3654=ORIENTED_EDGE('',*,*,#2580,.T.);
#3655=ORIENTED_EDGE('',*,*,#2586,.T.);
#3656=ORIENTED_EDGE('',*,*,#2587,.T.);
#3657=ORIENTED_EDGE('',*,*,#2588,.F.);
#3658=ORIENTED_EDGE('',*,*,#2584,.T.);
#3659=ORIENTED_EDGE('',*,*,#2589,.F.);
#3660=ORIENTED_EDGE('',*,*,#2590,.F.);
#3661=ORIENTED_EDGE('',*,*,#2591,.T.);
#3662=ORIENTED_EDGE('',*,*,#2592,.T.);
#3663=ORIENTED_EDGE('',*,*,#2593,.T.);
#3664=ORIENTED_EDGE('',*,*,#2594,.T.);
#3665=ORIENTED_EDGE('',*,*,#2595,.T.);
#3666=ORIENTED_EDGE('',*,*,#2593,.F.);
#3667=ORIENTED_EDGE('',*,*,#2596,.T.);
#3668=ORIENTED_EDGE('',*,*,#2597,.F.);
#3669=ORIENTED_EDGE('',*,*,#2598,.T.);
#3670=ORIENTED_EDGE('',*,*,#2599,.T.);
#3671=ORIENTED_EDGE('',*,*,#2600,.T.);
#3672=ORIENTED_EDGE('',*,*,#2601,.T.);
#3673=ORIENTED_EDGE('',*,*,#2602,.T.);
#3674=ORIENTED_EDGE('',*,*,#2600,.F.);
#3675=ORIENTED_EDGE('',*,*,#2603,.T.);
#3676=ORIENTED_EDGE('',*,*,#2604,.F.);
#3677=ORIENTED_EDGE('',*,*,#2605,.T.);
#3678=ORIENTED_EDGE('',*,*,#2606,.T.);
#3679=ORIENTED_EDGE('',*,*,#2607,.T.);
#3680=ORIENTED_EDGE('',*,*,#2608,.T.);
#3681=ORIENTED_EDGE('',*,*,#2609,.T.);
#3682=ORIENTED_EDGE('',*,*,#2607,.F.);
#3683=ORIENTED_EDGE('',*,*,#2610,.F.);
#3684=ORIENTED_EDGE('',*,*,#2611,.F.);
#3685=ORIENTED_EDGE('',*,*,#2612,.T.);
#3686=ORIENTED_EDGE('',*,*,#2613,.T.);
#3687=ORIENTED_EDGE('',*,*,#2614,.T.);
#3688=ORIENTED_EDGE('',*,*,#2615,.T.);
#3689=ORIENTED_EDGE('',*,*,#2616,.T.);
#3690=ORIENTED_EDGE('',*,*,#2614,.F.);
#3691=ORIENTED_EDGE('',*,*,#2617,.T.);
#3692=ORIENTED_EDGE('',*,*,#2618,.F.);
#3693=ORIENTED_EDGE('',*,*,#2619,.F.);
#3694=ORIENTED_EDGE('',*,*,#2620,.T.);
#3695=ORIENTED_EDGE('',*,*,#2621,.T.);
#3696=ORIENTED_EDGE('',*,*,#2622,.T.);
#3697=ORIENTED_EDGE('',*,*,#2623,.T.);
#3698=ORIENTED_EDGE('',*,*,#2624,.T.);
#3699=ORIENTED_EDGE('',*,*,#2625,.T.);
#3700=ORIENTED_EDGE('',*,*,#2620,.F.);
#3701=ORIENTED_EDGE('',*,*,#2626,.T.);
#3702=ORIENTED_EDGE('',*,*,#2627,.T.);
#3703=ORIENTED_EDGE('',*,*,#2628,.T.);
#3704=ORIENTED_EDGE('',*,*,#2622,.F.);
#3705=ORIENTED_EDGE('',*,*,#2629,.T.);
#3706=ORIENTED_EDGE('',*,*,#2630,.T.);
#3707=ORIENTED_EDGE('',*,*,#2631,.T.);
#3708=ORIENTED_EDGE('',*,*,#2624,.F.);
#3709=ORIENTED_EDGE('',*,*,#2632,.T.);
#3710=ORIENTED_EDGE('',*,*,#2633,.T.);
#3711=ORIENTED_EDGE('',*,*,#2634,.T.);
#3712=ORIENTED_EDGE('',*,*,#2627,.F.);
#3713=ORIENTED_EDGE('',*,*,#2635,.T.);
#3714=ORIENTED_EDGE('',*,*,#2636,.T.);
#3715=ORIENTED_EDGE('',*,*,#2637,.T.);
#3716=ORIENTED_EDGE('',*,*,#2630,.F.);
#3717=ORIENTED_EDGE('',*,*,#2638,.T.);
#3718=ORIENTED_EDGE('',*,*,#2639,.T.);
#3719=ORIENTED_EDGE('',*,*,#2640,.T.);
#3720=ORIENTED_EDGE('',*,*,#2633,.F.);
#3721=ORIENTED_EDGE('',*,*,#2641,.T.);
#3722=ORIENTED_EDGE('',*,*,#2636,.F.);
#3723=ORIENTED_EDGE('',*,*,#2642,.T.);
#3724=ORIENTED_EDGE('',*,*,#2639,.F.);
#3725=ORIENTED_EDGE('',*,*,#2643,.T.);
#3726=ORIENTED_EDGE('',*,*,#2638,.F.);
#3727=ORIENTED_EDGE('',*,*,#2644,.T.);
#3728=ORIENTED_EDGE('',*,*,#2645,.F.);
#3729=ORIENTED_EDGE('',*,*,#2646,.F.);
#3730=ORIENTED_EDGE('',*,*,#2632,.F.);
#3731=ORIENTED_EDGE('',*,*,#2647,.T.);
#3732=ORIENTED_EDGE('',*,*,#2648,.F.);
#3733=ORIENTED_EDGE('',*,*,#2644,.F.);
#3734=ORIENTED_EDGE('',*,*,#2626,.F.);
#3735=ORIENTED_EDGE('',*,*,#2649,.T.);
#3736=ORIENTED_EDGE('',*,*,#2650,.F.);
#3737=ORIENTED_EDGE('',*,*,#2647,.F.);
#3738=ORIENTED_EDGE('',*,*,#2623,.F.);
#3739=ORIENTED_EDGE('',*,*,#2651,.F.);
#3740=ORIENTED_EDGE('',*,*,#2652,.F.);
#3741=ORIENTED_EDGE('',*,*,#2649,.F.);
#3742=ORIENTED_EDGE('',*,*,#2621,.F.);
#3743=ORIENTED_EDGE('',*,*,#2625,.F.);
#3744=ORIENTED_EDGE('',*,*,#2631,.F.);
#3745=ORIENTED_EDGE('',*,*,#2637,.F.);
#3746=ORIENTED_EDGE('',*,*,#2643,.F.);
#3747=ORIENTED_EDGE('',*,*,#2641,.F.);
#3748=ORIENTED_EDGE('',*,*,#2635,.F.);
#3749=ORIENTED_EDGE('',*,*,#2629,.F.);
#3750=ORIENTED_EDGE('',*,*,#2653,.T.);
#3751=ORIENTED_EDGE('',*,*,#2654,.T.);
#3752=ORIENTED_EDGE('',*,*,#2655,.T.);
#3753=ORIENTED_EDGE('',*,*,#2656,.T.);
#3754=ORIENTED_EDGE('',*,*,#2657,.T.);
#3755=ORIENTED_EDGE('',*,*,#2658,.T.);
#3756=ORIENTED_EDGE('',*,*,#2659,.T.);
#3757=ORIENTED_EDGE('',*,*,#2660,.T.);
#3758=ORIENTED_EDGE('',*,*,#2661,.T.);
#3759=ORIENTED_EDGE('',*,*,#2618,.T.);
#3760=ORIENTED_EDGE('',*,*,#2662,.T.);
#3761=ORIENTED_EDGE('',*,*,#2663,.T.);
#3762=ORIENTED_EDGE('',*,*,#2664,.T.);
#3763=ORIENTED_EDGE('',*,*,#2665,.T.);
#3764=ORIENTED_EDGE('',*,*,#2666,.T.);
#3765=ORIENTED_EDGE('',*,*,#2611,.T.);
#3766=ORIENTED_EDGE('',*,*,#2663,.F.);
#3767=ORIENTED_EDGE('',*,*,#2667,.T.);
#3768=ORIENTED_EDGE('',*,*,#2665,.F.);
#3769=ORIENTED_EDGE('',*,*,#2668,.F.);
#3770=ORIENTED_EDGE('',*,*,#2669,.T.);
#3771=ORIENTED_EDGE('',*,*,#2670,.T.);
#3772=ORIENTED_EDGE('',*,*,#2671,.T.);
#3773=ORIENTED_EDGE('',*,*,#2597,.T.);
#3774=ORIENTED_EDGE('',*,*,#2670,.F.);
#3775=ORIENTED_EDGE('',*,*,#2672,.T.);
#3776=ORIENTED_EDGE('',*,*,#2673,.F.);
#3777=ORIENTED_EDGE('',*,*,#2674,.T.);
#3778=ORIENTED_EDGE('',*,*,#2675,.T.);
#3779=ORIENTED_EDGE('',*,*,#2604,.T.);
#3780=ORIENTED_EDGE('',*,*,#2676,.T.);
#3781=ORIENTED_EDGE('',*,*,#2673,.T.);
#3782=ORIENTED_EDGE('',*,*,#2677,.T.);
#3783=ORIENTED_EDGE('',*,*,#2678,.T.);
#3784=ORIENTED_EDGE('',*,*,#2679,.T.);
#3785=ORIENTED_EDGE('',*,*,#2680,.T.);
#3786=ORIENTED_EDGE('',*,*,#2681,.T.);
#3787=ORIENTED_EDGE('',*,*,#2682,.T.);
#3788=ORIENTED_EDGE('',*,*,#2677,.F.);
#3789=ORIENTED_EDGE('',*,*,#2683,.T.);
#3790=ORIENTED_EDGE('',*,*,#2684,.T.);
#3791=ORIENTED_EDGE('',*,*,#2685,.T.);
#3792=ORIENTED_EDGE('',*,*,#2679,.F.);
#3793=ORIENTED_EDGE('',*,*,#2686,.T.);
#3794=ORIENTED_EDGE('',*,*,#2687,.T.);
#3795=ORIENTED_EDGE('',*,*,#2688,.T.);
#3796=ORIENTED_EDGE('',*,*,#2681,.F.);
#3797=ORIENTED_EDGE('',*,*,#2689,.T.);
#3798=ORIENTED_EDGE('',*,*,#2690,.T.);
#3799=ORIENTED_EDGE('',*,*,#2691,.T.);
#3800=ORIENTED_EDGE('',*,*,#2684,.F.);
#3801=ORIENTED_EDGE('',*,*,#2692,.T.);
#3802=ORIENTED_EDGE('',*,*,#2693,.T.);
#3803=ORIENTED_EDGE('',*,*,#2694,.T.);
#3804=ORIENTED_EDGE('',*,*,#2687,.F.);
#3805=ORIENTED_EDGE('',*,*,#2695,.T.);
#3806=ORIENTED_EDGE('',*,*,#2696,.T.);
#3807=ORIENTED_EDGE('',*,*,#2697,.T.);
#3808=ORIENTED_EDGE('',*,*,#2690,.F.);
#3809=ORIENTED_EDGE('',*,*,#2698,.T.);
#3810=ORIENTED_EDGE('',*,*,#2693,.F.);
#3811=ORIENTED_EDGE('',*,*,#2699,.T.);
#3812=ORIENTED_EDGE('',*,*,#2696,.F.);
#3813=ORIENTED_EDGE('',*,*,#2700,.T.);
#3814=ORIENTED_EDGE('',*,*,#2698,.F.);
#3815=ORIENTED_EDGE('',*,*,#2701,.F.);
#3816=ORIENTED_EDGE('',*,*,#2702,.T.);
#3817=ORIENTED_EDGE('',*,*,#2703,.T.);
#3818=ORIENTED_EDGE('',*,*,#2692,.F.);
#3819=ORIENTED_EDGE('',*,*,#2704,.T.);
#3820=ORIENTED_EDGE('',*,*,#2705,.T.);
#3821=ORIENTED_EDGE('',*,*,#2701,.T.);
#3822=ORIENTED_EDGE('',*,*,#2686,.F.);
#3823=ORIENTED_EDGE('',*,*,#2706,.F.);
#3824=ORIENTED_EDGE('',*,*,#2652,.T.);
#3825=ORIENTED_EDGE('',*,*,#2704,.F.);
#3826=ORIENTED_EDGE('',*,*,#2678,.F.);
#3827=ORIENTED_EDGE('',*,*,#2707,.F.);
#3828=ORIENTED_EDGE('',*,*,#2650,.T.);
#3829=ORIENTED_EDGE('',*,*,#2706,.T.);
#3830=ORIENTED_EDGE('',*,*,#2680,.F.);
#3831=ORIENTED_EDGE('',*,*,#2685,.F.);
#3832=ORIENTED_EDGE('',*,*,#2691,.F.);
#3833=ORIENTED_EDGE('',*,*,#2697,.F.);
#3834=ORIENTED_EDGE('',*,*,#2699,.F.);
#3835=ORIENTED_EDGE('',*,*,#2695,.F.);
#3836=ORIENTED_EDGE('',*,*,#2689,.F.);
#3837=ORIENTED_EDGE('',*,*,#2683,.F.);
#3838=ORIENTED_EDGE('',*,*,#2708,.F.);
#3839=ORIENTED_EDGE('',*,*,#2709,.F.);
#3840=ORIENTED_EDGE('',*,*,#2710,.F.);
#3841=ORIENTED_EDGE('',*,*,#2711,.F.);
#3842=ORIENTED_EDGE('',*,*,#2712,.F.);
#3843=ORIENTED_EDGE('',*,*,#2713,.F.);
#3844=ORIENTED_EDGE('',*,*,#2714,.F.);
#3845=ORIENTED_EDGE('',*,*,#2715,.F.);
#3846=ORIENTED_EDGE('',*,*,#2716,.F.);
#3847=ORIENTED_EDGE('',*,*,#2717,.T.);
#3848=ORIENTED_EDGE('',*,*,#2718,.F.);
#3849=ORIENTED_EDGE('',*,*,#2717,.F.);
#3850=ORIENTED_EDGE('',*,*,#2719,.F.);
#3851=ORIENTED_EDGE('',*,*,#2720,.T.);
#3852=ORIENTED_EDGE('',*,*,#2721,.F.);
#3853=ORIENTED_EDGE('',*,*,#2720,.F.);
#3854=ORIENTED_EDGE('',*,*,#2595,.F.);
#3855=ORIENTED_EDGE('',*,*,#2722,.T.);
#3856=ORIENTED_EDGE('',*,*,#2723,.T.);
#3857=ORIENTED_EDGE('',*,*,#2724,.F.);
#3858=ORIENTED_EDGE('',*,*,#2616,.F.);
#3859=ORIENTED_EDGE('',*,*,#2725,.F.);
#3860=ORIENTED_EDGE('',*,*,#2726,.F.);
#3861=ORIENTED_EDGE('',*,*,#2727,.T.);
#3862=ORIENTED_EDGE('',*,*,#2728,.F.);
#3863=ORIENTED_EDGE('',*,*,#2659,.F.);
#3864=ORIENTED_EDGE('',*,*,#2729,.F.);
#3865=ORIENTED_EDGE('',*,*,#2730,.T.);
#3866=ORIENTED_EDGE('',*,*,#2731,.F.);
#3867=ORIENTED_EDGE('',*,*,#2732,.F.);
#3868=ORIENTED_EDGE('',*,*,#2733,.F.);
#3869=ORIENTED_EDGE('',*,*,#2709,.T.);
#3870=ORIENTED_EDGE('',*,*,#2602,.F.);
#3871=ORIENTED_EDGE('',*,*,#2734,.F.);
#3872=ORIENTED_EDGE('',*,*,#2587,.F.);
#3873=ORIENTED_EDGE('',*,*,#2735,.T.);
#3874=ORIENTED_EDGE('',*,*,#2729,.T.);
#3875=ORIENTED_EDGE('',*,*,#2658,.F.);
#3876=ORIENTED_EDGE('',*,*,#2736,.F.);
#3877=ORIENTED_EDGE('',*,*,#2737,.T.);
#3878=ORIENTED_EDGE('',*,*,#2733,.T.);
#3879=ORIENTED_EDGE('',*,*,#2738,.F.);
#3880=ORIENTED_EDGE('',*,*,#2739,.F.);
#3881=ORIENTED_EDGE('',*,*,#2710,.T.);
#3882=ORIENTED_EDGE('',*,*,#2736,.T.);
#3883=ORIENTED_EDGE('',*,*,#2657,.F.);
#3884=ORIENTED_EDGE('',*,*,#2740,.F.);
#3885=ORIENTED_EDGE('',*,*,#2741,.T.);
#3886=ORIENTED_EDGE('',*,*,#2682,.F.);
#3887=ORIENTED_EDGE('',*,*,#2742,.F.);
#3888=ORIENTED_EDGE('',*,*,#2648,.T.);
#3889=ORIENTED_EDGE('',*,*,#2707,.T.);
#3890=ORIENTED_EDGE('',*,*,#2739,.T.);
#3891=ORIENTED_EDGE('',*,*,#2743,.F.);
#3892=ORIENTED_EDGE('',*,*,#2744,.F.);
#3893=ORIENTED_EDGE('',*,*,#2711,.T.);
#3894=ORIENTED_EDGE('',*,*,#2609,.F.);
#3895=ORIENTED_EDGE('',*,*,#2745,.T.);
#3896=ORIENTED_EDGE('',*,*,#2590,.T.);
#3897=ORIENTED_EDGE('',*,*,#2746,.F.);
#3898=ORIENTED_EDGE('',*,*,#2740,.T.);
#3899=ORIENTED_EDGE('',*,*,#2656,.F.);
#3900=ORIENTED_EDGE('',*,*,#2747,.F.);
#3901=ORIENTED_EDGE('',*,*,#2748,.T.);
#3902=ORIENTED_EDGE('',*,*,#2688,.F.);
#3903=ORIENTED_EDGE('',*,*,#2749,.F.);
#3904=ORIENTED_EDGE('',*,*,#2645,.T.);
#3905=ORIENTED_EDGE('',*,*,#2742,.T.);
#3906=ORIENTED_EDGE('',*,*,#2744,.T.);
#3907=ORIENTED_EDGE('',*,*,#2750,.F.);
#3908=ORIENTED_EDGE('',*,*,#2751,.F.);
#3909=ORIENTED_EDGE('',*,*,#2712,.T.);
#3910=ORIENTED_EDGE('',*,*,#2747,.T.);
#3911=ORIENTED_EDGE('',*,*,#2655,.F.);
#3912=ORIENTED_EDGE('',*,*,#2752,.F.);
#3913=ORIENTED_EDGE('',*,*,#2753,.T.);
#3914=ORIENTED_EDGE('',*,*,#2642,.F.);
#3915=ORIENTED_EDGE('',*,*,#2646,.T.);
#3916=ORIENTED_EDGE('',*,*,#2754,.F.);
#3917=ORIENTED_EDGE('',*,*,#2755,.F.);
#3918=ORIENTED_EDGE('',*,*,#2694,.F.);
#3919=ORIENTED_EDGE('',*,*,#2756,.F.);
#3920=ORIENTED_EDGE('',*,*,#2754,.T.);
#3921=ORIENTED_EDGE('',*,*,#2749,.T.);
#3922=ORIENTED_EDGE('',*,*,#2751,.T.);
#3923=ORIENTED_EDGE('',*,*,#2757,.F.);
#3924=ORIENTED_EDGE('',*,*,#2758,.F.);
#3925=ORIENTED_EDGE('',*,*,#2713,.T.);
#3926=ORIENTED_EDGE('',*,*,#2752,.T.);
#3927=ORIENTED_EDGE('',*,*,#2654,.F.);
#3928=ORIENTED_EDGE('',*,*,#2759,.F.);
#3929=ORIENTED_EDGE('',*,*,#2760,.T.);
#3930=ORIENTED_EDGE('',*,*,#2640,.F.);
#3931=ORIENTED_EDGE('',*,*,#2755,.T.);
#3932=ORIENTED_EDGE('',*,*,#2761,.F.);
#3933=ORIENTED_EDGE('',*,*,#2762,.F.);
#3934=ORIENTED_EDGE('',*,*,#2700,.F.);
#3935=ORIENTED_EDGE('',*,*,#2703,.F.);
#3936=ORIENTED_EDGE('',*,*,#2761,.T.);
#3937=ORIENTED_EDGE('',*,*,#2756,.T.);
#3938=ORIENTED_EDGE('',*,*,#2758,.T.);
#3939=ORIENTED_EDGE('',*,*,#2763,.F.);
#3940=ORIENTED_EDGE('',*,*,#2764,.F.);
#3941=ORIENTED_EDGE('',*,*,#2714,.T.);
#3942=ORIENTED_EDGE('',*,*,#2726,.T.);
#3943=ORIENTED_EDGE('',*,*,#2765,.F.);
#3944=ORIENTED_EDGE('',*,*,#2723,.F.);
#3945=ORIENTED_EDGE('',*,*,#2766,.T.);
#3946=ORIENTED_EDGE('',*,*,#2759,.T.);
#3947=ORIENTED_EDGE('',*,*,#2653,.F.);
#3948=ORIENTED_EDGE('',*,*,#2767,.F.);
#3949=ORIENTED_EDGE('',*,*,#2768,.T.);
#3950=ORIENTED_EDGE('',*,*,#2634,.F.);
#3951=ORIENTED_EDGE('',*,*,#2762,.T.);
#3952=ORIENTED_EDGE('',*,*,#2702,.F.);
#3953=ORIENTED_EDGE('',*,*,#2769,.F.);
#3954=ORIENTED_EDGE('',*,*,#2764,.T.);
#3955=ORIENTED_EDGE('',*,*,#2770,.F.);
#3956=ORIENTED_EDGE('',*,*,#2771,.F.);
#3957=ORIENTED_EDGE('',*,*,#2715,.T.);
#3958=ORIENTED_EDGE('',*,*,#2770,.T.);
#3959=ORIENTED_EDGE('',*,*,#2763,.T.);
#3960=ORIENTED_EDGE('',*,*,#2757,.T.);
#3961=ORIENTED_EDGE('',*,*,#2750,.T.);
#3962=ORIENTED_EDGE('',*,*,#2743,.T.);
#3963=ORIENTED_EDGE('',*,*,#2738,.T.);
#3964=ORIENTED_EDGE('',*,*,#2732,.T.);
#3965=ORIENTED_EDGE('',*,*,#2772,.T.);
#3966=ORIENTED_EDGE('',*,*,#2718,.T.);
#3967=ORIENTED_EDGE('',*,*,#2721,.T.);
#3968=ORIENTED_EDGE('',*,*,#2727,.F.);
#3969=ORIENTED_EDGE('',*,*,#2766,.F.);
#3970=ORIENTED_EDGE('',*,*,#2722,.F.);
#3971=ORIENTED_EDGE('',*,*,#2594,.F.);
#3972=ORIENTED_EDGE('',*,*,#2598,.F.);
#3973=ORIENTED_EDGE('',*,*,#2671,.F.);
#3974=ORIENTED_EDGE('',*,*,#2674,.F.);
#3975=ORIENTED_EDGE('',*,*,#2676,.F.);
#3976=ORIENTED_EDGE('',*,*,#2603,.F.);
#3977=ORIENTED_EDGE('',*,*,#2599,.F.);
#3978=ORIENTED_EDGE('',*,*,#2735,.F.);
#3979=ORIENTED_EDGE('',*,*,#2586,.F.);
#3980=ORIENTED_EDGE('',*,*,#2582,.F.);
#3981=ORIENTED_EDGE('',*,*,#2591,.F.);
#3982=ORIENTED_EDGE('',*,*,#2745,.F.);
#3983=ORIENTED_EDGE('',*,*,#2608,.F.);
#3984=ORIENTED_EDGE('',*,*,#2612,.F.);
#3985=ORIENTED_EDGE('',*,*,#2666,.F.);
#3986=ORIENTED_EDGE('',*,*,#2667,.F.);
#3987=ORIENTED_EDGE('',*,*,#2662,.F.);
#3988=ORIENTED_EDGE('',*,*,#2617,.F.);
#3989=ORIENTED_EDGE('',*,*,#2613,.F.);
#3990=ORIENTED_EDGE('',*,*,#2773,.F.);
#3991=ORIENTED_EDGE('',*,*,#2730,.F.);
#3992=ORIENTED_EDGE('',*,*,#2737,.F.);
#3993=ORIENTED_EDGE('',*,*,#2741,.F.);
#3994=ORIENTED_EDGE('',*,*,#2748,.F.);
#3995=ORIENTED_EDGE('',*,*,#2753,.F.);
#3996=ORIENTED_EDGE('',*,*,#2760,.F.);
#3997=ORIENTED_EDGE('',*,*,#2768,.F.);
#3998=ORIENTED_EDGE('',*,*,#2716,.T.);
#3999=ORIENTED_EDGE('',*,*,#2719,.T.);
#4000=ORIENTED_EDGE('',*,*,#2724,.T.);
#4001=ORIENTED_EDGE('',*,*,#2765,.T.);
#4002=ORIENTED_EDGE('',*,*,#2725,.T.);
#4003=ORIENTED_EDGE('',*,*,#2615,.F.);
#4004=ORIENTED_EDGE('',*,*,#2619,.T.);
#4005=ORIENTED_EDGE('',*,*,#2661,.F.);
#4006=ORIENTED_EDGE('',*,*,#2668,.T.);
#4007=ORIENTED_EDGE('',*,*,#2664,.F.);
#4008=ORIENTED_EDGE('',*,*,#2610,.T.);
#4009=ORIENTED_EDGE('',*,*,#2606,.F.);
#4010=ORIENTED_EDGE('',*,*,#2746,.T.);
#4011=ORIENTED_EDGE('',*,*,#2589,.T.);
#4012=ORIENTED_EDGE('',*,*,#2585,.T.);
#4013=ORIENTED_EDGE('',*,*,#2583,.F.);
#4014=ORIENTED_EDGE('',*,*,#2578,.T.);
#4015=ORIENTED_EDGE('',*,*,#2588,.T.);
#4016=ORIENTED_EDGE('',*,*,#2734,.T.);
#4017=ORIENTED_EDGE('',*,*,#2601,.F.);
#4018=ORIENTED_EDGE('',*,*,#2605,.F.);
#4019=ORIENTED_EDGE('',*,*,#2675,.F.);
#4020=ORIENTED_EDGE('',*,*,#2672,.F.);
#4021=ORIENTED_EDGE('',*,*,#2669,.F.);
#4022=ORIENTED_EDGE('',*,*,#2596,.F.);
#4023=ORIENTED_EDGE('',*,*,#2592,.F.);
#4024=ORIENTED_EDGE('',*,*,#2767,.T.);
#4025=ORIENTED_EDGE('',*,*,#2660,.F.);
#4026=ORIENTED_EDGE('',*,*,#2728,.T.);
#4027=ORIENTED_EDGE('',*,*,#2773,.T.);
#4028=ORIENTED_EDGE('',*,*,#2628,.F.);
#4029=ORIENTED_EDGE('',*,*,#2769,.T.);
#4030=ORIENTED_EDGE('',*,*,#2705,.F.);
#4031=ORIENTED_EDGE('',*,*,#2651,.T.);
#4032=ORIENTED_EDGE('',*,*,#2771,.T.);
#4033=ORIENTED_EDGE('',*,*,#2772,.F.);
#4034=ORIENTED_EDGE('',*,*,#2731,.T.);
#4035=ORIENTED_EDGE('',*,*,#2708,.T.);
#4036=ORIENTED_EDGE('',*,*,#2774,.F.);
#4037=ORIENTED_EDGE('',*,*,#2775,.T.);
#4038=ORIENTED_EDGE('',*,*,#2776,.F.);
#4039=ORIENTED_EDGE('',*,*,#2775,.F.);
#4040=ORIENTED_EDGE('',*,*,#2776,.T.);
#4041=ORIENTED_EDGE('',*,*,#2777,.T.);
#4042=ORIENTED_EDGE('',*,*,#2778,.F.);
#4043=ORIENTED_EDGE('',*,*,#2777,.F.);
#4044=ORIENTED_EDGE('',*,*,#2779,.F.);
#4045=ORIENTED_EDGE('',*,*,#2780,.T.);
#4046=ORIENTED_EDGE('',*,*,#2781,.F.);
#4047=ORIENTED_EDGE('',*,*,#2780,.F.);
#4048=ORIENTED_EDGE('',*,*,#2781,.T.);
#4049=ORIENTED_EDGE('',*,*,#2782,.T.);
#4050=ORIENTED_EDGE('',*,*,#2783,.F.);
#4051=ORIENTED_EDGE('',*,*,#2782,.F.);
#4052=ORIENTED_EDGE('',*,*,#2784,.T.);
#4053=ORIENTED_EDGE('',*,*,#2785,.F.);
#4054=ORIENTED_EDGE('',*,*,#2786,.F.);
#4055=ORIENTED_EDGE('',*,*,#2787,.T.);
#4056=ORIENTED_EDGE('',*,*,#2788,.T.);
#4057=ORIENTED_EDGE('',*,*,#2789,.F.);
#4058=ORIENTED_EDGE('',*,*,#2790,.F.);
#4059=ORIENTED_EDGE('',*,*,#2785,.T.);
#4060=ORIENTED_EDGE('',*,*,#2791,.T.);
#4061=ORIENTED_EDGE('',*,*,#2792,.F.);
#4062=ORIENTED_EDGE('',*,*,#2793,.F.);
#4063=ORIENTED_EDGE('',*,*,#2789,.T.);
#4064=ORIENTED_EDGE('',*,*,#2794,.T.);
#4065=ORIENTED_EDGE('',*,*,#2795,.F.);
#4066=ORIENTED_EDGE('',*,*,#2796,.F.);
#4067=ORIENTED_EDGE('',*,*,#2792,.T.);
#4068=ORIENTED_EDGE('',*,*,#2797,.T.);
#4069=ORIENTED_EDGE('',*,*,#2798,.F.);
#4070=ORIENTED_EDGE('',*,*,#2799,.F.);
#4071=ORIENTED_EDGE('',*,*,#2795,.T.);
#4072=ORIENTED_EDGE('',*,*,#2800,.T.);
#4073=ORIENTED_EDGE('',*,*,#2801,.F.);
#4074=ORIENTED_EDGE('',*,*,#2802,.F.);
#4075=ORIENTED_EDGE('',*,*,#2798,.T.);
#4076=ORIENTED_EDGE('',*,*,#2803,.T.);
#4077=ORIENTED_EDGE('',*,*,#2804,.F.);
#4078=ORIENTED_EDGE('',*,*,#2805,.F.);
#4079=ORIENTED_EDGE('',*,*,#2801,.T.);
#4080=ORIENTED_EDGE('',*,*,#2806,.T.);
#4081=ORIENTED_EDGE('',*,*,#2787,.F.);
#4082=ORIENTED_EDGE('',*,*,#2807,.F.);
#4083=ORIENTED_EDGE('',*,*,#2804,.T.);
#4084=ORIENTED_EDGE('',*,*,#2784,.F.);
#4085=ORIENTED_EDGE('',*,*,#2806,.F.);
#4086=ORIENTED_EDGE('',*,*,#2803,.F.);
#4087=ORIENTED_EDGE('',*,*,#2800,.F.);
#4088=ORIENTED_EDGE('',*,*,#2797,.F.);
#4089=ORIENTED_EDGE('',*,*,#2794,.F.);
#4090=ORIENTED_EDGE('',*,*,#2791,.F.);
#4091=ORIENTED_EDGE('',*,*,#2788,.F.);
#4092=ORIENTED_EDGE('',*,*,#2774,.T.);
#4093=ORIENTED_EDGE('',*,*,#2779,.T.);
#4094=ORIENTED_EDGE('',*,*,#2807,.T.);
#4095=ORIENTED_EDGE('',*,*,#2786,.T.);
#4096=ORIENTED_EDGE('',*,*,#2790,.T.);
#4097=ORIENTED_EDGE('',*,*,#2793,.T.);
#4098=ORIENTED_EDGE('',*,*,#2796,.T.);
#4099=ORIENTED_EDGE('',*,*,#2799,.T.);
#4100=ORIENTED_EDGE('',*,*,#2802,.T.);
#4101=ORIENTED_EDGE('',*,*,#2805,.T.);
#4102=ORIENTED_EDGE('',*,*,#2778,.T.);
#4103=ORIENTED_EDGE('',*,*,#2783,.T.);
#4104=ORIENTED_EDGE('',*,*,#2808,.F.);
#4105=ORIENTED_EDGE('',*,*,#2809,.F.);
#4106=ORIENTED_EDGE('',*,*,#2810,.F.);
#4107=ORIENTED_EDGE('',*,*,#2811,.T.);
#4108=ORIENTED_EDGE('',*,*,#2812,.T.);
#4109=ORIENTED_EDGE('',*,*,#2813,.T.);
#4110=ORIENTED_EDGE('',*,*,#2814,.T.);
#4111=ORIENTED_EDGE('',*,*,#2815,.T.);
#4112=ORIENTED_EDGE('',*,*,#2816,.T.);
#4113=ORIENTED_EDGE('',*,*,#2817,.T.);
#4114=ORIENTED_EDGE('',*,*,#2818,.T.);
#4115=ORIENTED_EDGE('',*,*,#2819,.T.);
#4116=ORIENTED_EDGE('',*,*,#2810,.T.);
#4117=ORIENTED_EDGE('',*,*,#2820,.T.);
#4118=ORIENTED_EDGE('',*,*,#2821,.T.);
#4119=ORIENTED_EDGE('',*,*,#2822,.T.);
#4120=ORIENTED_EDGE('',*,*,#2823,.T.);
#4121=ORIENTED_EDGE('',*,*,#2824,.F.);
#4122=ORIENTED_EDGE('',*,*,#2825,.F.);
#4123=ORIENTED_EDGE('',*,*,#2821,.F.);
#4124=ORIENTED_EDGE('',*,*,#2826,.T.);
#4125=ORIENTED_EDGE('',*,*,#2827,.F.);
#4126=ORIENTED_EDGE('',*,*,#2826,.F.);
#4127=ORIENTED_EDGE('',*,*,#2820,.F.);
#4128=ORIENTED_EDGE('',*,*,#2809,.T.);
#4129=ORIENTED_EDGE('',*,*,#2828,.T.);
#4130=ORIENTED_EDGE('',*,*,#2829,.T.);
#4131=ORIENTED_EDGE('',*,*,#2830,.T.);
#4132=ORIENTED_EDGE('',*,*,#2824,.T.);
#4133=ORIENTED_EDGE('',*,*,#2827,.T.);
#4134=ORIENTED_EDGE('',*,*,#2808,.T.);
#4135=ORIENTED_EDGE('',*,*,#2831,.T.);
#4136=ORIENTED_EDGE('',*,*,#2832,.T.);
#4137=ORIENTED_EDGE('',*,*,#2833,.T.);
#4138=ORIENTED_EDGE('',*,*,#2834,.T.);
#4139=ORIENTED_EDGE('',*,*,#2835,.T.);
#4140=ORIENTED_EDGE('',*,*,#2836,.T.);
#4141=ORIENTED_EDGE('',*,*,#2833,.F.);
#4142=ORIENTED_EDGE('',*,*,#2837,.F.);
#4143=ORIENTED_EDGE('',*,*,#2817,.F.);
#4144=ORIENTED_EDGE('',*,*,#2838,.T.);
#4145=ORIENTED_EDGE('',*,*,#2831,.F.);
#4146=ORIENTED_EDGE('',*,*,#2811,.F.);
#4147=ORIENTED_EDGE('',*,*,#2819,.F.);
#4148=ORIENTED_EDGE('',*,*,#2839,.T.);
#4149=ORIENTED_EDGE('',*,*,#2832,.F.);
#4150=ORIENTED_EDGE('',*,*,#2839,.F.);
#4151=ORIENTED_EDGE('',*,*,#2818,.F.);
#4152=ORIENTED_EDGE('',*,*,#2837,.T.);
#4153=ORIENTED_EDGE('',*,*,#2836,.F.);
#4154=ORIENTED_EDGE('',*,*,#2840,.F.);
#4155=ORIENTED_EDGE('',*,*,#2814,.F.);
#4156=ORIENTED_EDGE('',*,*,#2841,.T.);
#4157=ORIENTED_EDGE('',*,*,#2834,.F.);
#4158=ORIENTED_EDGE('',*,*,#2838,.F.);
#4159=ORIENTED_EDGE('',*,*,#2816,.F.);
#4160=ORIENTED_EDGE('',*,*,#2842,.T.);
#4161=ORIENTED_EDGE('',*,*,#2835,.F.);
#4162=ORIENTED_EDGE('',*,*,#2842,.F.);
#4163=ORIENTED_EDGE('',*,*,#2815,.F.);
#4164=ORIENTED_EDGE('',*,*,#2840,.T.);
#4165=ORIENTED_EDGE('',*,*,#2830,.F.);
#4166=ORIENTED_EDGE('',*,*,#2843,.F.);
#4167=ORIENTED_EDGE('',*,*,#2822,.F.);
#4168=ORIENTED_EDGE('',*,*,#2825,.T.);
#4169=ORIENTED_EDGE('',*,*,#2828,.F.);
#4170=ORIENTED_EDGE('',*,*,#2841,.F.);
#4171=ORIENTED_EDGE('',*,*,#2813,.F.);
#4172=ORIENTED_EDGE('',*,*,#2844,.T.);
#4173=ORIENTED_EDGE('',*,*,#2829,.F.);
#4174=ORIENTED_EDGE('',*,*,#2844,.F.);
#4175=ORIENTED_EDGE('',*,*,#2823,.F.);
#4176=ORIENTED_EDGE('',*,*,#2843,.T.);
#4177=ORIENTED_EDGE('',*,*,#2845,.T.);
#4178=ORIENTED_EDGE('',*,*,#2846,.T.);
#4179=ORIENTED_EDGE('',*,*,#2847,.T.);
#4180=ORIENTED_EDGE('',*,*,#2846,.F.);
#4181=ORIENTED_EDGE('',*,*,#2845,.F.);
#4182=ORIENTED_EDGE('',*,*,#2848,.T.);
#4183=ORIENTED_EDGE('',*,*,#2849,.F.);
#4184=ORIENTED_EDGE('',*,*,#2850,.F.);
#4185=ORIENTED_EDGE('',*,*,#2848,.F.);
#4186=ORIENTED_EDGE('',*,*,#2847,.F.);
#4187=ORIENTED_EDGE('',*,*,#2850,.T.);
#4188=ORIENTED_EDGE('',*,*,#2851,.T.);
#4189=ORIENTED_EDGE('',*,*,#2812,.F.);
#4190=ORIENTED_EDGE('',*,*,#2851,.F.);
#4191=ORIENTED_EDGE('',*,*,#2849,.T.);
#4192=CYLINDRICAL_SURFACE('',#4664,0.25);
#4193=CYLINDRICAL_SURFACE('',#4668,0.25);
#4194=CYLINDRICAL_SURFACE('',#4672,0.300000000000002);
#4195=CYLINDRICAL_SURFACE('',#4675,0.299999999999998);
#4196=CYLINDRICAL_SURFACE('',#4679,0.3);
#4197=CYLINDRICAL_SURFACE('',#4682,0.3);
#4198=CYLINDRICAL_SURFACE('',#4685,0.3);
#4199=CYLINDRICAL_SURFACE('',#4688,0.3);
#4200=CYLINDRICAL_SURFACE('',#4691,0.3);
#4201=CYLINDRICAL_SURFACE('',#4694,0.3);
#4202=CYLINDRICAL_SURFACE('',#4697,0.3);
#4203=CYLINDRICAL_SURFACE('',#4700,0.3);
#4204=CYLINDRICAL_SURFACE('',#4704,0.300000000000002);
#4205=CYLINDRICAL_SURFACE('',#4707,0.300000000000002);
#4206=CYLINDRICAL_SURFACE('',#4710,0.43);
#4207=CYLINDRICAL_SURFACE('',#4713,1.78);
#4208=CYLINDRICAL_SURFACE('',#4716,0.43);
#4209=CYLINDRICAL_SURFACE('',#4719,0.51);
#4210=CYLINDRICAL_SURFACE('',#4722,0.43);
#4211=CYLINDRICAL_SURFACE('',#4725,1.78);
#4212=CYLINDRICAL_SURFACE('',#4728,0.43);
#4213=CYLINDRICAL_SURFACE('',#4731,0.51);
#4214=CYLINDRICAL_SURFACE('',#4734,0.43);
#4215=CYLINDRICAL_SURFACE('',#4737,1.78);
#4216=CYLINDRICAL_SURFACE('',#4740,0.43);
#4217=CYLINDRICAL_SURFACE('',#4743,0.51);
#4218=CYLINDRICAL_SURFACE('',#4746,0.78);
#4219=CYLINDRICAL_SURFACE('',#4749,2.92);
#4220=CYLINDRICAL_SURFACE('',#4753,0.249999999999999);
#4221=CYLINDRICAL_SURFACE('',#4757,0.25);
#4222=CYLINDRICAL_SURFACE('',#4761,0.249999999999999);
#4223=CYLINDRICAL_SURFACE('',#4765,0.249999999999999);
#4224=CYLINDRICAL_SURFACE('',#4769,0.249999999999999);
#4225=CYLINDRICAL_SURFACE('',#4773,0.249999999999999);
#4226=CYLINDRICAL_SURFACE('',#4777,0.249999999999999);
#4227=CYLINDRICAL_SURFACE('',#4781,0.249999999999998);
#4228=CYLINDRICAL_SURFACE('',#4785,0.249999999999999);
#4229=CYLINDRICAL_SURFACE('',#4789,0.249999999999999);
#4230=CYLINDRICAL_SURFACE('',#4793,0.249999999999999);
#4231=CYLINDRICAL_SURFACE('',#4797,0.249999999999999);
#4232=CYLINDRICAL_SURFACE('',#4801,0.249999999999999);
#4233=CYLINDRICAL_SURFACE('',#4805,0.25);
#4234=CYLINDRICAL_SURFACE('',#4809,0.249999999999999);
#4235=CYLINDRICAL_SURFACE('',#4813,2.92);
#4236=CYLINDRICAL_SURFACE('',#4816,0.78);
#4237=CYLINDRICAL_SURFACE('',#4819,0.51);
#4238=CYLINDRICAL_SURFACE('',#4822,0.51);
#4239=CYLINDRICAL_SURFACE('',#4825,0.43);
#4240=CYLINDRICAL_SURFACE('',#4828,1.78);
#4241=CYLINDRICAL_SURFACE('',#4831,0.43);
#4242=CYLINDRICAL_SURFACE('',#4834,0.51);
#4243=CYLINDRICAL_SURFACE('',#4837,0.43);
#4244=CYLINDRICAL_SURFACE('',#4840,1.78);
#4245=CYLINDRICAL_SURFACE('',#4843,0.43);
#4246=CYLINDRICAL_SURFACE('',#4846,0.51);
#4247=CYLINDRICAL_SURFACE('',#4849,0.43);
#4248=CYLINDRICAL_SURFACE('',#4852,1.78);
#4249=CYLINDRICAL_SURFACE('',#4855,0.43);
#4250=CYLINDRICAL_SURFACE('',#4858,0.78);
#4251=CYLINDRICAL_SURFACE('',#4861,2.92);
#4252=CYLINDRICAL_SURFACE('',#4865,0.249999999999998);
#4253=CYLINDRICAL_SURFACE('',#4869,0.249999999999999);
#4254=CYLINDRICAL_SURFACE('',#4873,0.25);
#4255=CYLINDRICAL_SURFACE('',#4877,0.249999999999999);
#4256=CYLINDRICAL_SURFACE('',#4881,0.249999999999999);
#4257=CYLINDRICAL_SURFACE('',#4885,0.249999999999999);
#4258=CYLINDRICAL_SURFACE('',#4889,0.249999999999999);
#4259=CYLINDRICAL_SURFACE('',#4893,0.249999999999997);
#4260=CYLINDRICAL_SURFACE('',#4897,0.249999999999999);
#4261=CYLINDRICAL_SURFACE('',#4901,0.249999999999999);
#4262=CYLINDRICAL_SURFACE('',#4905,0.249999999999999);
#4263=CYLINDRICAL_SURFACE('',#4909,0.249999999999999);
#4264=CYLINDRICAL_SURFACE('',#4913,0.249999999999999);
#4265=CYLINDRICAL_SURFACE('',#4917,0.249999999999999);
#4266=CYLINDRICAL_SURFACE('',#4921,0.249999999999998);
#4267=CYLINDRICAL_SURFACE('',#4925,2.92);
#4268=CYLINDRICAL_SURFACE('',#4928,0.78);
#4269=CYLINDRICAL_SURFACE('',#4931,0.51);
#4270=CYLINDRICAL_SURFACE('',#4957,3.99999999999999);
#4271=CYLINDRICAL_SURFACE('',#4958,4.);
#4272=CYLINDRICAL_SURFACE('',#4959,4.);
#4273=CYLINDRICAL_SURFACE('',#4961,4.);
#4274=CYLINDRICAL_SURFACE('',#4977,0.2);
#4275=CYLINDRICAL_SURFACE('',#4979,0.2);
#4276=CYLINDRICAL_SURFACE('',#4989,0.2);
#4277=CYLINDRICAL_SURFACE('',#4991,0.2);
#4278=CYLINDRICAL_SURFACE('',#4996,7.18630884026508);
#4279=CYLINDRICAL_SURFACE('',#5001,7.18630884026508);
#4280=CYLINDRICAL_SURFACE('',#5016,0.2);
#4281=CYLINDRICAL_SURFACE('',#5027,0.2);
#4282=CYLINDRICAL_SURFACE('',#5029,0.2);
#4283=CYLINDRICAL_SURFACE('',#5039,0.2);
#4284=CYLINDRICAL_SURFACE('',#5043,25.);
#4285=CYLINDRICAL_SURFACE('',#5046,25.);
#4286=CYLINDRICAL_SURFACE('',#5053,1.905);
#4287=CYLINDRICAL_SURFACE('',#5056,1.905);
#4288=CYLINDRICAL_SURFACE('',#5083,25.);
#4289=CYLINDRICAL_SURFACE('',#5094,7.18630884026508);
#4290=CYLINDRICAL_SURFACE('',#5096,25.);
#4291=CYLINDRICAL_SURFACE('',#5107,7.18630884026508);
#4292=CYLINDRICAL_SURFACE('',#5113,0.0825);
#4293=CYLINDRICAL_SURFACE('',#5118,0.0825);
#4294=CYLINDRICAL_SURFACE('',#5121,0.153543307086614);
#4295=CYLINDRICAL_SURFACE('',#5125,0.153543307086614);
#4296=CYLINDRICAL_SURFACE('',#5129,0.153543307086614);
#4297=CYLINDRICAL_SURFACE('',#5133,0.153543307086614);
#4298=CYLINDRICAL_SURFACE('',#5165,1.75);
#4299=ADVANCED_FACE('',(#257),#4192,.F.);
#4300=ADVANCED_FACE('',(#258),#166,.F.);
#4301=ADVANCED_FACE('',(#259),#4193,.F.);
#4302=ADVANCED_FACE('',(#260),#167,.F.);
#4303=ADVANCED_FACE('',(#261),#4194,.F.);
#4304=ADVANCED_FACE('',(#262),#4195,.F.);
#4305=ADVANCED_FACE('',(#263),#168,.F.);
#4306=ADVANCED_FACE('',(#264),#4196,.F.);
#4307=ADVANCED_FACE('',(#265),#4197,.F.);
#4308=ADVANCED_FACE('',(#266),#4198,.F.);
#4309=ADVANCED_FACE('',(#267),#4199,.F.);
#4310=ADVANCED_FACE('',(#268),#4200,.F.);
#4311=ADVANCED_FACE('',(#269),#4201,.F.);
#4312=ADVANCED_FACE('',(#270),#4202,.F.);
#4313=ADVANCED_FACE('',(#271),#4203,.F.);
#4314=ADVANCED_FACE('',(#272),#169,.F.);
#4315=ADVANCED_FACE('',(#273),#4204,.F.);
#4316=ADVANCED_FACE('',(#274),#4205,.F.);
#4317=ADVANCED_FACE('',(#275),#4206,.F.);
#4318=ADVANCED_FACE('',(#276),#4207,.F.);
#4319=ADVANCED_FACE('',(#277),#4208,.F.);
#4320=ADVANCED_FACE('',(#278),#4209,.T.);
#4321=ADVANCED_FACE('',(#279),#4210,.F.);
#4322=ADVANCED_FACE('',(#280),#4211,.F.);
#4323=ADVANCED_FACE('',(#281),#4212,.F.);
#4324=ADVANCED_FACE('',(#282),#4213,.T.);
#4325=ADVANCED_FACE('',(#283),#4214,.F.);
#4326=ADVANCED_FACE('',(#284),#4215,.F.);
#4327=ADVANCED_FACE('',(#285),#4216,.F.);
#4328=ADVANCED_FACE('',(#286),#4217,.T.);
#4329=ADVANCED_FACE('',(#287),#4218,.T.);
#4330=ADVANCED_FACE('',(#288),#4219,.T.);
#4331=ADVANCED_FACE('',(#289),#170,.F.);
#4332=ADVANCED_FACE('',(#290),#4220,.F.);
#4333=ADVANCED_FACE('',(#291),#171,.F.);
#4334=ADVANCED_FACE('',(#292),#4221,.F.);
#4335=ADVANCED_FACE('',(#293),#172,.F.);
#4336=ADVANCED_FACE('',(#294),#4222,.T.);
#4337=ADVANCED_FACE('',(#295),#173,.F.);
#4338=ADVANCED_FACE('',(#296),#4223,.T.);
#4339=ADVANCED_FACE('',(#297),#174,.F.);
#4340=ADVANCED_FACE('',(#298),#4224,.F.);
#4341=ADVANCED_FACE('',(#299),#175,.F.);
#4342=ADVANCED_FACE('',(#300),#4225,.F.);
#4343=ADVANCED_FACE('',(#301),#176,.F.);
#4344=ADVANCED_FACE('',(#302),#4226,.T.);
#4345=ADVANCED_FACE('',(#303),#177,.F.);
#4346=ADVANCED_FACE('',(#304),#4227,.F.);
#4347=ADVANCED_FACE('',(#305),#178,.F.);
#4348=ADVANCED_FACE('',(#306),#4228,.T.);
#4349=ADVANCED_FACE('',(#307),#179,.F.);
#4350=ADVANCED_FACE('',(#308),#4229,.F.);
#4351=ADVANCED_FACE('',(#309),#180,.F.);
#4352=ADVANCED_FACE('',(#310),#4230,.F.);
#4353=ADVANCED_FACE('',(#311),#181,.F.);
#4354=ADVANCED_FACE('',(#312),#4231,.T.);
#4355=ADVANCED_FACE('',(#313),#182,.F.);
#4356=ADVANCED_FACE('',(#314),#4232,.T.);
#4357=ADVANCED_FACE('',(#315),#183,.F.);
#4358=ADVANCED_FACE('',(#316),#4233,.F.);
#4359=ADVANCED_FACE('',(#317),#184,.F.);
#4360=ADVANCED_FACE('',(#318),#4234,.F.);
#4361=ADVANCED_FACE('',(#319),#185,.F.);
#4362=ADVANCED_FACE('',(#320),#4235,.T.);
#4363=ADVANCED_FACE('',(#321),#4236,.T.);
#4364=ADVANCED_FACE('',(#322),#4237,.T.);
#4365=ADVANCED_FACE('',(#323),#4238,.T.);
#4366=ADVANCED_FACE('',(#324),#4239,.F.);
#4367=ADVANCED_FACE('',(#325),#4240,.F.);
#4368=ADVANCED_FACE('',(#326),#4241,.F.);
#4369=ADVANCED_FACE('',(#327),#4242,.T.);
#4370=ADVANCED_FACE('',(#328),#4243,.F.);
#4371=ADVANCED_FACE('',(#329),#4244,.F.);
#4372=ADVANCED_FACE('',(#330),#4245,.F.);
#4373=ADVANCED_FACE('',(#331),#4246,.T.);
#4374=ADVANCED_FACE('',(#332),#4247,.F.);
#4375=ADVANCED_FACE('',(#333),#4248,.F.);
#4376=ADVANCED_FACE('',(#334),#4249,.F.);
#4377=ADVANCED_FACE('',(#335),#4250,.T.);
#4378=ADVANCED_FACE('',(#336),#4251,.T.);
#4379=ADVANCED_FACE('',(#337),#186,.F.);
#4380=ADVANCED_FACE('',(#338),#4252,.F.);
#4381=ADVANCED_FACE('',(#339),#187,.F.);
#4382=ADVANCED_FACE('',(#340),#4253,.F.);
#4383=ADVANCED_FACE('',(#341),#188,.F.);
#4384=ADVANCED_FACE('',(#342),#4254,.T.);
#4385=ADVANCED_FACE('',(#343),#189,.F.);
#4386=ADVANCED_FACE('',(#344),#4255,.T.);
#4387=ADVANCED_FACE('',(#345),#190,.F.);
#4388=ADVANCED_FACE('',(#346),#4256,.F.);
#4389=ADVANCED_FACE('',(#347),#191,.F.);
#4390=ADVANCED_FACE('',(#348),#4257,.F.);
#4391=ADVANCED_FACE('',(#349),#192,.F.);
#4392=ADVANCED_FACE('',(#350),#4258,.T.);
#4393=ADVANCED_FACE('',(#351),#193,.F.);
#4394=ADVANCED_FACE('',(#352),#4259,.F.);
#4395=ADVANCED_FACE('',(#353),#194,.F.);
#4396=ADVANCED_FACE('',(#354),#4260,.T.);
#4397=ADVANCED_FACE('',(#355),#195,.F.);
#4398=ADVANCED_FACE('',(#356),#4261,.F.);
#4399=ADVANCED_FACE('',(#357),#196,.F.);
#4400=ADVANCED_FACE('',(#358),#4262,.F.);
#4401=ADVANCED_FACE('',(#359),#197,.F.);
#4402=ADVANCED_FACE('',(#360),#4263,.T.);
#4403=ADVANCED_FACE('',(#361),#198,.F.);
#4404=ADVANCED_FACE('',(#362),#4264,.T.);
#4405=ADVANCED_FACE('',(#363),#199,.F.);
#4406=ADVANCED_FACE('',(#364),#4265,.F.);
#4407=ADVANCED_FACE('',(#365),#200,.F.);
#4408=ADVANCED_FACE('',(#366),#4266,.F.);
#4409=ADVANCED_FACE('',(#367),#201,.F.);
#4410=ADVANCED_FACE('',(#368),#4267,.T.);
#4411=ADVANCED_FACE('',(#369),#4268,.T.);
#4412=ADVANCED_FACE('',(#370),#4269,.T.);
#4413=ADVANCED_FACE('',(#371),#202,.T.);
#4414=ADVANCED_FACE('',(#372),#203,.T.);
#4415=ADVANCED_FACE('',(#373),#204,.T.);
#4416=ADVANCED_FACE('',(#374),#205,.T.);
#4417=ADVANCED_FACE('',(#375),#206,.T.);
#4418=ADVANCED_FACE('',(#376),#207,.T.);
#4419=ADVANCED_FACE('',(#377),#208,.T.);
#4420=ADVANCED_FACE('',(#378),#209,.T.);
#4421=ADVANCED_FACE('',(#379),#210,.T.);
#4422=ADVANCED_FACE('',(#380),#211,.T.);
#4423=ADVANCED_FACE('',(#381),#212,.T.);
#4424=ADVANCED_FACE('',(#382),#213,.T.);
#4425=ADVANCED_FACE('',(#383,#151),#214,.T.);
#4426=ADVANCED_FACE('',(#384,#152),#215,.F.);
#4427=ADVANCED_FACE('',(#385),#216,.T.);
#4428=ADVANCED_FACE('',(#386),#4270,.T.);
#4429=ADVANCED_FACE('',(#387),#4271,.T.);
#4430=ADVANCED_FACE('',(#388),#4272,.T.);
#4431=ADVANCED_FACE('',(#389),#217,.T.);
#4432=ADVANCED_FACE('',(#390),#4273,.T.);
#4433=ADVANCED_FACE('',(#391),#218,.F.);
#4434=ADVANCED_FACE('',(#392),#219,.T.);
#4435=ADVANCED_FACE('',(#393),#220,.T.);
#4436=ADVANCED_FACE('',(#394),#221,.T.);
#4437=ADVANCED_FACE('',(#395),#222,.T.);
#4438=ADVANCED_FACE('',(#396),#127,.T.);
#4439=ADVANCED_FACE('',(#397),#223,.T.);
#4440=ADVANCED_FACE('',(#398),#128,.T.);
#4441=ADVANCED_FACE('',(#399),#224,.T.);
#4442=ADVANCED_FACE('',(#400),#129,.T.);
#4443=ADVANCED_FACE('',(#401),#225,.T.);
#4444=ADVANCED_FACE('',(#402),#130,.T.);
#4445=ADVANCED_FACE('',(#403),#226,.T.);
#4446=ADVANCED_FACE('',(#404),#87,.T.);
#4447=ADVANCED_FACE('',(#405),#4274,.T.);
#4448=ADVANCED_FACE('',(#406),#4275,.T.);
#4449=ADVANCED_FACE('',(#407),#88,.T.);
#4450=ADVANCED_FACE('',(#408),#89,.T.);
#4451=ADVANCED_FACE('',(#409),#4276,.T.);
#4452=ADVANCED_FACE('',(#410),#4277,.T.);
#4453=ADVANCED_FACE('',(#411),#90,.T.);
#4454=ADVANCED_FACE('',(#412),#4278,.T.);
#4455=ADVANCED_FACE('',(#413),#79,.F.);
#4456=ADVANCED_FACE('',(#414),#4279,.T.);
#4457=ADVANCED_FACE('',(#415),#80,.F.);
#4458=ADVANCED_FACE('',(#416,#153),#227,.T.);
#4459=ADVANCED_FACE('',(#417),#131,.T.);
#4460=ADVANCED_FACE('',(#418),#132,.T.);
#4461=ADVANCED_FACE('',(#419),#57,.T.);
#4462=ADVANCED_FACE('',(#420),#133,.T.);
#4463=ADVANCED_FACE('',(#421),#58,.T.);
#4464=ADVANCED_FACE('',(#422),#134,.T.);
#4465=ADVANCED_FACE('',(#423),#4280,.T.);
#4466=ADVANCED_FACE('',(#424),#91,.T.);
#4467=ADVANCED_FACE('',(#425),#92,.T.);
#4468=ADVANCED_FACE('',(#426),#4281,.T.);
#4469=ADVANCED_FACE('',(#427),#4282,.T.);
#4470=ADVANCED_FACE('',(#428),#93,.T.);
#4471=ADVANCED_FACE('',(#429),#94,.T.);
#4472=ADVANCED_FACE('',(#430),#4283,.T.);
#4473=ADVANCED_FACE('',(#431),#81,.F.);
#4474=ADVANCED_FACE('',(#432),#4284,.T.);
#4475=ADVANCED_FACE('',(#433),#82,.F.);
#4476=ADVANCED_FACE('',(#434),#4285,.T.);
#4477=ADVANCED_FACE('',(#435,#154),#228,.T.);
#4478=ADVANCED_FACE('',(#436),#4286,.F.);
#4479=ADVANCED_FACE('',(#437),#4287,.F.);
#4480=ADVANCED_FACE('',(#438),#59,.F.);
#4481=ADVANCED_FACE('',(#439),#60,.F.);
#4482=ADVANCED_FACE('',(#440),#61,.F.);
#4483=ADVANCED_FACE('',(#441),#62,.F.);
#4484=ADVANCED_FACE('',(#442),#63,.F.);
#4485=ADVANCED_FACE('',(#443),#229,.T.);
#4486=ADVANCED_FACE('',(#444),#230,.T.);
#4487=ADVANCED_FACE('',(#445),#64,.F.);
#4488=ADVANCED_FACE('',(#446),#83,.F.);
#4489=ADVANCED_FACE('',(#447),#65,.F.);
#4490=ADVANCED_FACE('',(#448),#66,.F.);
#4491=ADVANCED_FACE('',(#449),#231,.T.);
#4492=ADVANCED_FACE('',(#450),#4288,.T.);
#4493=ADVANCED_FACE('',(#451),#232,.T.);
#4494=ADVANCED_FACE('',(#452),#67,.F.);
#4495=ADVANCED_FACE('',(#453),#84,.F.);
#4496=ADVANCED_FACE('',(#454),#85,.F.);
#4497=ADVANCED_FACE('',(#455),#68,.F.);
#4498=ADVANCED_FACE('',(#456),#233,.T.);
#4499=ADVANCED_FACE('',(#457),#4289,.T.);
#4500=ADVANCED_FACE('',(#458),#4290,.T.);
#4501=ADVANCED_FACE('',(#459),#234,.T.);
#4502=ADVANCED_FACE('',(#460),#235,.T.);
#4503=ADVANCED_FACE('',(#461),#69,.F.);
#4504=ADVANCED_FACE('',(#462),#86,.F.);
#4505=ADVANCED_FACE('',(#463),#70,.F.);
#4506=ADVANCED_FACE('',(#464,#155,#156,#157),#236,.T.);
#4507=ADVANCED_FACE('',(#465,#158,#159,#160),#237,.T.);
#4508=ADVANCED_FACE('',(#466),#238,.T.);
#4509=ADVANCED_FACE('',(#467),#4291,.T.);
#4510=ADVANCED_FACE('',(#468),#239,.T.);
#4511=ADVANCED_FACE('',(#469),#71,.F.);
#4512=ADVANCED_FACE('',(#470),#4292,.F.);
#4513=ADVANCED_FACE('',(#471),#72,.F.);
#4514=ADVANCED_FACE('',(#472),#4293,.F.);
#4515=ADVANCED_FACE('',(#473),#240,.T.);
#4516=ADVANCED_FACE('',(#474),#4294,.T.);
#4517=ADVANCED_FACE('',(#475),#241,.T.);
#4518=ADVANCED_FACE('',(#476),#4295,.T.);
#4519=ADVANCED_FACE('',(#477),#242,.T.);
#4520=ADVANCED_FACE('',(#478),#4296,.T.);
#4521=ADVANCED_FACE('',(#479),#243,.T.);
#4522=ADVANCED_FACE('',(#480),#4297,.T.);
#4523=ADVANCED_FACE('',(#481,#161,#162),#244,.T.);
#4524=ADVANCED_FACE('',(#482,#163,#164),#245,.F.);
#4525=ADVANCED_FACE('',(#483),#246,.F.);
#4526=ADVANCED_FACE('',(#484,#165),#247,.T.);
#4527=ADVANCED_FACE('',(#485),#248,.F.);
#4528=ADVANCED_FACE('',(#486),#73,.F.);
#4529=ADVANCED_FACE('',(#487),#249,.F.);
#4530=ADVANCED_FACE('',(#488),#250,.F.);
#4531=ADVANCED_FACE('',(#489),#251,.F.);
#4532=ADVANCED_FACE('',(#490),#74,.F.);
#4533=ADVANCED_FACE('',(#491),#252,.F.);
#4534=ADVANCED_FACE('',(#492),#253,.F.);
#4535=ADVANCED_FACE('',(#493),#75,.F.);
#4536=ADVANCED_FACE('',(#494),#254,.F.);
#4537=ADVANCED_FACE('',(#495),#255,.F.);
#4538=ADVANCED_FACE('',(#496),#76,.F.);
#4539=ADVANCED_FACE('',(#497),#77,.T.);
#4540=ADVANCED_FACE('',(#498),#4298,.T.);
#4541=ADVANCED_FACE('',(#499),#256,.T.);
#4542=ADVANCED_FACE('',(#500),#78,.T.);
#4543=CLOSED_SHELL('',(#4299,#4300,#4301,#4302,#4303,#4304,#4305,#4306,
#4307,#4308,#4309,#4310,#4311,#4312,#4313,#4314,#4315,#4316,#4317,#4318,
#4319,#4320,#4321,#4322,#4323,#4324,#4325,#4326,#4327,#4328,#4329,#4330,
#4331,#4332,#4333,#4334,#4335,#4336,#4337,#4338,#4339,#4340,#4341,#4342,
#4343,#4344,#4345,#4346,#4347,#4348,#4349,#4350,#4351,#4352,#4353,#4354,
#4355,#4356,#4357,#4358,#4359,#4360,#4361,#4362,#4363,#4364,#4365,#4366,
#4367,#4368,#4369,#4370,#4371,#4372,#4373,#4374,#4375,#4376,#4377,#4378,
#4379,#4380,#4381,#4382,#4383,#4384,#4385,#4386,#4387,#4388,#4389,#4390,
#4391,#4392,#4393,#4394,#4395,#4396,#4397,#4398,#4399,#4400,#4401,#4402,
#4403,#4404,#4405,#4406,#4407,#4408,#4409,#4410,#4411,#4412,#4413,#4414,
#4415,#4416,#4417,#4418,#4419,#4420,#4421,#4422,#4423,#4424,#4425,#4426,
#4427,#4428,#4429,#4430,#4431,#4432));
#4544=CLOSED_SHELL('',(#4433,#4434,#4435,#4436,#4437,#4438,#4439,#4440,
#4441,#4442,#4443,#4444,#4445,#4446,#4447,#4448,#4449,#4450,#4451,#4452,
#4453,#4454,#4455,#4456,#4457,#4458,#4459,#4460,#4461,#4462,#4463,#4464,
#4465,#4466,#4467,#4468,#4469,#4470,#4471,#4472,#4473,#4474,#4475,#4476,
#4477,#4478,#4479,#4480,#4481,#4482,#4483,#4484,#4485,#4486,#4487,#4488,
#4489,#4490,#4491,#4492,#4493,#4494,#4495,#4496,#4497,#4498,#4499,#4500,
#4501,#4502,#4503,#4504,#4505,#4506,#4507,#4508,#4509,#4510));
#4545=CLOSED_SHELL('',(#4511,#4512,#4513,#4514,#4515,#4516,#4517,#4518,
#4519,#4520,#4521,#4522,#4523,#4524));
#4546=CLOSED_SHELL('',(#4525,#4526,#4527,#4528,#4529,#4530,#4531,#4532,
#4533,#4534,#4535,#4536,#4537,#4538,#4539,#4540,#4541,#4542));
#4547=DERIVED_UNIT_ELEMENT(#4557,1.);
#4548=DERIVED_UNIT_ELEMENT(#8806,-3.);
#4549=DERIVED_UNIT_ELEMENT(#4557,1.);
#4550=DERIVED_UNIT_ELEMENT(#8806,-3.);
#4551=DERIVED_UNIT_ELEMENT(#4557,1.);
#4552=DERIVED_UNIT_ELEMENT(#8806,-3.);
#4553=DERIVED_UNIT_ELEMENT(#4557,1.);
#4554=DERIVED_UNIT_ELEMENT(#8806,-3.);
#4555=DIMENSIONAL_EXPONENTS(1.,0.,0.,0.,0.,0.,0.);
#4556=DIMENSIONAL_EXPONENTS(1.,0.,0.,0.,0.,0.,0.);
#4557=(
CONVERSION_BASED_UNIT('gram',#4559)
MASS_UNIT()
NAMED_UNIT(#4555)
);
#4558=(
MASS_UNIT()
NAMED_UNIT(*)
SI_UNIT(.KILO.,.GRAM.)
);
#4559=MASS_MEASURE_WITH_UNIT(MASS_MEASURE(0.001),#4558);
#4560=DERIVED_UNIT((#4547,#4548));
#4561=DERIVED_UNIT((#4549,#4550));
#4562=DERIVED_UNIT((#4551,#4552));
#4563=DERIVED_UNIT((#4553,#4554));
#4564=MEASURE_REPRESENTATION_ITEM('density measure',
POSITIVE_RATIO_MEASURE(1.),#4560);
#4565=MEASURE_REPRESENTATION_ITEM('density measure',
POSITIVE_RATIO_MEASURE(1.),#4561);
#4566=MEASURE_REPRESENTATION_ITEM('density measure',
POSITIVE_RATIO_MEASURE(1.),#4562);
#4567=MEASURE_REPRESENTATION_ITEM('density measure',
POSITIVE_RATIO_MEASURE(1.),#4563);
#4568=PROPERTY_DEFINITION_REPRESENTATION(#4588,#4576);
#4569=PROPERTY_DEFINITION_REPRESENTATION(#4589,#4577);
#4570=PROPERTY_DEFINITION_REPRESENTATION(#4590,#4578);
#4571=PROPERTY_DEFINITION_REPRESENTATION(#4591,#4579);
#4572=PROPERTY_DEFINITION_REPRESENTATION(#4592,#4580);
#4573=PROPERTY_DEFINITION_REPRESENTATION(#4593,#4581);
#4574=PROPERTY_DEFINITION_REPRESENTATION(#4594,#4582);
#4575=PROPERTY_DEFINITION_REPRESENTATION(#4595,#4583);
#4576=REPRESENTATION('material name',(#4584),#8800);
#4577=REPRESENTATION('density',(#4564),#8800);
#4578=REPRESENTATION('material name',(#4585),#8801);
#4579=REPRESENTATION('density',(#4565),#8801);
#4580=REPRESENTATION('material name',(#4586),#8802);
#4581=REPRESENTATION('density',(#4566),#8802);
#4582=REPRESENTATION('material name',(#4587),#8803);
#4583=REPRESENTATION('density',(#4567),#8803);
#4584=DESCRIPTIVE_REPRESENTATION_ITEM('Generic','Generic');
#4585=DESCRIPTIVE_REPRESENTATION_ITEM('Generic','Generic');
#4586=DESCRIPTIVE_REPRESENTATION_ITEM('Generic','Generic');
#4587=DESCRIPTIVE_REPRESENTATION_ITEM('Generic','Generic');
#4588=PROPERTY_DEFINITION('material property','material name',#8835);
#4589=PROPERTY_DEFINITION('material property','density of part',#8835);
#4590=PROPERTY_DEFINITION('material property','material name',#8836);
#4591=PROPERTY_DEFINITION('material property','density of part',#8836);
#4592=PROPERTY_DEFINITION('material property','material name',#8837);
#4593=PROPERTY_DEFINITION('material property','density of part',#8837);
#4594=PROPERTY_DEFINITION('material property','material name',#8838);
#4595=PROPERTY_DEFINITION('material property','density of part',#8838);
#4596=PRESENTATION_STYLE_ASSIGNMENT((#4600));
#4597=PRESENTATION_STYLE_ASSIGNMENT((#4601));
#4598=PRESENTATION_STYLE_ASSIGNMENT((#4602));
#4599=PRESENTATION_STYLE_ASSIGNMENT((#4603));
#4600=SURFACE_STYLE_USAGE(.BOTH.,#4612);
#4601=SURFACE_STYLE_USAGE(.BOTH.,#4613);
#4602=SURFACE_STYLE_USAGE(.BOTH.,#4614);
#4603=SURFACE_STYLE_USAGE(.BOTH.,#4615);
#4604=SURFACE_STYLE_RENDERING_WITH_PROPERTIES($,#4628,(#4608));
#4605=SURFACE_STYLE_RENDERING_WITH_PROPERTIES($,#4629,(#4609));
#4606=SURFACE_STYLE_RENDERING_WITH_PROPERTIES($,#4630,(#4610));
#4607=SURFACE_STYLE_RENDERING_WITH_PROPERTIES($,#4631,(#4611));
#4608=SURFACE_STYLE_TRANSPARENT(0.);
#4609=SURFACE_STYLE_TRANSPARENT(0.);
#4610=SURFACE_STYLE_TRANSPARENT(0.);
#4611=SURFACE_STYLE_TRANSPARENT(0.);
#4612=SURFACE_SIDE_STYLE('',(#4616,#4604));
#4613=SURFACE_SIDE_STYLE('',(#4617,#4605));
#4614=SURFACE_SIDE_STYLE('',(#4618,#4606));
#4615=SURFACE_SIDE_STYLE('',(#4619,#4607));
#4616=SURFACE_STYLE_FILL_AREA(#4620);
#4617=SURFACE_STYLE_FILL_AREA(#4621);
#4618=SURFACE_STYLE_FILL_AREA(#4622);
#4619=SURFACE_STYLE_FILL_AREA(#4623);
#4620=FILL_AREA_STYLE('',(#4624));
#4621=FILL_AREA_STYLE('',(#4625));
#4622=FILL_AREA_STYLE('',(#4626));
#4623=FILL_AREA_STYLE('',(#4627));
#4624=FILL_AREA_STYLE_COLOUR('',#4628);
#4625=FILL_AREA_STYLE_COLOUR('',#4629);
#4626=FILL_AREA_STYLE_COLOUR('',#4630);
#4627=FILL_AREA_STYLE_COLOUR('',#4631);
#4628=COLOUR_RGB('',0.811764705882353,0.8,0.823529411764706);
#4629=COLOUR_RGB('',0.270588235294118,0.270588235294118,0.270588235294118);
#4630=COLOUR_RGB('',0.898039215686275,0.898039215686275,0.898039215686275);
#4631=COLOUR_RGB('',0.956862745098039,0.956862745098039,0.956862745098039);
#4632=DATE_TIME_ROLE('creation_date');
#4633=DATE_TIME_ROLE('creation_date');
#4634=DATE_TIME_ROLE('creation_date');
#4635=DATE_TIME_ROLE('creation_date');
#4636=DATE_TIME_ROLE('creation_date');
#4637=APPLIED_DATE_AND_TIME_ASSIGNMENT(#4642,#4632,(#8834));
#4638=APPLIED_DATE_AND_TIME_ASSIGNMENT(#4643,#4633,(#8835));
#4639=APPLIED_DATE_AND_TIME_ASSIGNMENT(#4644,#4634,(#8836));
#4640=APPLIED_DATE_AND_TIME_ASSIGNMENT(#4645,#4635,(#8837));
#4641=APPLIED_DATE_AND_TIME_ASSIGNMENT(#4646,#4636,(#8838));
#4642=DATE_AND_TIME(#4647,#4652);
#4643=DATE_AND_TIME(#4648,#4653);
#4644=DATE_AND_TIME(#4649,#4654);
#4645=DATE_AND_TIME(#4650,#4655);
#4646=DATE_AND_TIME(#4651,#4656);
#4647=CALENDAR_DATE(2005,2,2);
#4648=CALENDAR_DATE(2005,2,2);
#4649=CALENDAR_DATE(2001,23,10);
#4650=CALENDAR_DATE(2005,2,2);
#4651=CALENDAR_DATE(2004,8,12);
#4652=LOCAL_TIME(0,0,0.,#4657);
#4653=LOCAL_TIME(0,0,0.,#4658);
#4654=LOCAL_TIME(0,0,0.,#4659);
#4655=LOCAL_TIME(0,0,0.,#4660);
#4656=LOCAL_TIME(0,0,0.,#4661);
#4657=COORDINATED_UNIVERSAL_TIME_OFFSET(0,0,.BEHIND.);
#4658=COORDINATED_UNIVERSAL_TIME_OFFSET(0,0,.BEHIND.);
#4659=COORDINATED_UNIVERSAL_TIME_OFFSET(0,0,.BEHIND.);
#4660=COORDINATED_UNIVERSAL_TIME_OFFSET(0,0,.BEHIND.);
#4661=COORDINATED_UNIVERSAL_TIME_OFFSET(0,0,.BEHIND.);
#4662=AXIS2_PLACEMENT_3D('placement',#6568,#5179,#5180);
#4663=AXIS2_PLACEMENT_3D('placement',#6569,#5181,#5182);
#4664=AXIS2_PLACEMENT_3D('',#6570,#5183,#5184);
#4665=AXIS2_PLACEMENT_3D('',#6573,#5185,#5186);
#4666=AXIS2_PLACEMENT_3D('',#6577,#5188,#5189);
#4667=AXIS2_PLACEMENT_3D('',#6579,#5191,#5192);
#4668=AXIS2_PLACEMENT_3D('',#6585,#5196,#5197);
#4669=AXIS2_PLACEMENT_3D('',#6588,#5198,#5199);
#4670=AXIS2_PLACEMENT_3D('',#6592,#5201,#5202);
#4671=AXIS2_PLACEMENT_3D('',#6594,#5204,#5205);
#4672=AXIS2_PLACEMENT_3D('',#6600,#5209,#5210);
#4673=AXIS2_PLACEMENT_3D('',#6603,#5211,#5212);
#4674=AXIS2_PLACEMENT_3D('',#6607,#5214,#5215);
#4675=AXIS2_PLACEMENT_3D('',#6609,#5217,#5218);
#4676=AXIS2_PLACEMENT_3D('',#6612,#5219,#5220);
#4677=AXIS2_PLACEMENT_3D('',#6616,#5222,#5223);
#4678=AXIS2_PLACEMENT_3D('',#6618,#5225,#5226);
#4679=AXIS2_PLACEMENT_3D('',#6621,#5229,#5230);
#4680=AXIS2_PLACEMENT_3D('',#6624,#5231,#5232);
#4681=AXIS2_PLACEMENT_3D('',#6628,#5234,#5235);
#4682=AXIS2_PLACEMENT_3D('',#6630,#5237,#5238);
#4683=AXIS2_PLACEMENT_3D('',#6633,#5239,#5240);
#4684=AXIS2_PLACEMENT_3D('',#6637,#5242,#5243);
#4685=AXIS2_PLACEMENT_3D('',#6639,#5245,#5246);
#4686=AXIS2_PLACEMENT_3D('',#6642,#5247,#5248);
#4687=AXIS2_PLACEMENT_3D('',#6646,#5250,#5251);
#4688=AXIS2_PLACEMENT_3D('',#6648,#5253,#5254);
#4689=AXIS2_PLACEMENT_3D('',#6651,#5255,#5256);
#4690=AXIS2_PLACEMENT_3D('',#6655,#5258,#5259);
#4691=AXIS2_PLACEMENT_3D('',#6657,#5261,#5262);
#4692=AXIS2_PLACEMENT_3D('',#6660,#5263,#5264);
#4693=AXIS2_PLACEMENT_3D('',#6664,#5266,#5267);
#4694=AXIS2_PLACEMENT_3D('',#6666,#5269,#5270);
#4695=AXIS2_PLACEMENT_3D('',#6669,#5271,#5272);
#4696=AXIS2_PLACEMENT_3D('',#6673,#5274,#5275);
#4697=AXIS2_PLACEMENT_3D('',#6675,#5277,#5278);
#4698=AXIS2_PLACEMENT_3D('',#6678,#5279,#5280);
#4699=AXIS2_PLACEMENT_3D('',#6682,#5282,#5283);
#4700=AXIS2_PLACEMENT_3D('',#6684,#5285,#5286);
#4701=AXIS2_PLACEMENT_3D('',#6687,#5287,#5288);
#4702=AXIS2_PLACEMENT_3D('',#6691,#5290,#5291);
#4703=AXIS2_PLACEMENT_3D('',#6693,#5293,#5294);
#4704=AXIS2_PLACEMENT_3D('',#6702,#5299,#5300);
#4705=AXIS2_PLACEMENT_3D('',#6704,#5301,#5302);
#4706=AXIS2_PLACEMENT_3D('',#6706,#5303,#5304);
#4707=AXIS2_PLACEMENT_3D('',#6708,#5306,#5307);
#4708=AXIS2_PLACEMENT_3D('',#6710,#5308,#5309);
#4709=AXIS2_PLACEMENT_3D('',#6713,#5311,#5312);
#4710=AXIS2_PLACEMENT_3D('',#6714,#5313,#5314);
#4711=AXIS2_PLACEMENT_3D('',#6717,#5315,#5316);
#4712=AXIS2_PLACEMENT_3D('',#6721,#5318,#5319);
#4713=AXIS2_PLACEMENT_3D('',#6723,#5321,#5322);
#4714=AXIS2_PLACEMENT_3D('',#6725,#5323,#5324);
#4715=AXIS2_PLACEMENT_3D('',#6727,#5325,#5326);
#4716=AXIS2_PLACEMENT_3D('',#6729,#5328,#5329);
#4717=AXIS2_PLACEMENT_3D('',#6731,#5330,#5331);
#4718=AXIS2_PLACEMENT_3D('',#6733,#5332,#5333);
#4719=AXIS2_PLACEMENT_3D('',#6735,#5335,#5336);
#4720=AXIS2_PLACEMENT_3D('',#6737,#5337,#5338);
#4721=AXIS2_PLACEMENT_3D('',#6739,#5339,#5340);
#4722=AXIS2_PLACEMENT_3D('',#6741,#5342,#5343);
#4723=AXIS2_PLACEMENT_3D('',#6743,#5344,#5345);
#4724=AXIS2_PLACEMENT_3D('',#6745,#5346,#5347);
#4725=AXIS2_PLACEMENT_3D('',#6747,#5349,#5350);
#4726=AXIS2_PLACEMENT_3D('',#6749,#5351,#5352);
#4727=AXIS2_PLACEMENT_3D('',#6751,#5353,#5354);
#4728=AXIS2_PLACEMENT_3D('',#6753,#5356,#5357);
#4729=AXIS2_PLACEMENT_3D('',#6755,#5358,#5359);
#4730=AXIS2_PLACEMENT_3D('',#6757,#5360,#5361);
#4731=AXIS2_PLACEMENT_3D('',#6759,#5363,#5364);
#4732=AXIS2_PLACEMENT_3D('',#6761,#5365,#5366);
#4733=AXIS2_PLACEMENT_3D('',#6763,#5367,#5368);
#4734=AXIS2_PLACEMENT_3D('',#6765,#5370,#5371);
#4735=AXIS2_PLACEMENT_3D('',#6767,#5372,#5373);
#4736=AXIS2_PLACEMENT_3D('',#6769,#5374,#5375);
#4737=AXIS2_PLACEMENT_3D('',#6771,#5377,#5378);
#4738=AXIS2_PLACEMENT_3D('',#6773,#5379,#5380);
#4739=AXIS2_PLACEMENT_3D('',#6775,#5381,#5382);
#4740=AXIS2_PLACEMENT_3D('',#6777,#5384,#5385);
#4741=AXIS2_PLACEMENT_3D('',#6779,#5386,#5387);
#4742=AXIS2_PLACEMENT_3D('',#6781,#5388,#5389);
#4743=AXIS2_PLACEMENT_3D('',#6783,#5391,#5392);
#4744=AXIS2_PLACEMENT_3D('',#6785,#5393,#5394);
#4745=AXIS2_PLACEMENT_3D('',#6787,#5395,#5396);
#4746=AXIS2_PLACEMENT_3D('',#6789,#5398,#5399);
#4747=AXIS2_PLACEMENT_3D('',#6791,#5400,#5401);
#4748=AXIS2_PLACEMENT_3D('',#6793,#5402,#5403);
#4749=AXIS2_PLACEMENT_3D('',#6795,#5405,#5406);
#4750=AXIS2_PLACEMENT_3D('',#6797,#5407,#5408);
#4751=AXIS2_PLACEMENT_3D('',#6799,#5409,#5410);
#4752=AXIS2_PLACEMENT_3D('',#6801,#5412,#5413);
#4753=AXIS2_PLACEMENT_3D('',#6807,#5417,#5418);
#4754=AXIS2_PLACEMENT_3D('',#6809,#5419,#5420);
#4755=AXIS2_PLACEMENT_3D('',#6811,#5421,#5422);
#4756=AXIS2_PLACEMENT_3D('',#6813,#5424,#5425);
#4757=AXIS2_PLACEMENT_3D('',#6819,#5429,#5430);
#4758=AXIS2_PLACEMENT_3D('',#6821,#5431,#5432);
#4759=AXIS2_PLACEMENT_3D('',#6823,#5433,#5434);
#4760=AXIS2_PLACEMENT_3D('',#6825,#5436,#5437);
#4761=AXIS2_PLACEMENT_3D('',#6831,#5441,#5442);
#4762=AXIS2_PLACEMENT_3D('',#6833,#5443,#5444);
#4763=AXIS2_PLACEMENT_3D('',#6835,#5445,#5446);
#4764=AXIS2_PLACEMENT_3D('',#6837,#5448,#5449);
#4765=AXIS2_PLACEMENT_3D('',#6843,#5453,#5454);
#4766=AXIS2_PLACEMENT_3D('',#6845,#5455,#5456);
#4767=AXIS2_PLACEMENT_3D('',#6847,#5457,#5458);
#4768=AXIS2_PLACEMENT_3D('',#6849,#5460,#5461);
#4769=AXIS2_PLACEMENT_3D('',#6855,#5465,#5466);
#4770=AXIS2_PLACEMENT_3D('',#6857,#5467,#5468);
#4771=AXIS2_PLACEMENT_3D('',#6859,#5469,#5470);
#4772=AXIS2_PLACEMENT_3D('',#6861,#5472,#5473);
#4773=AXIS2_PLACEMENT_3D('',#6867,#5477,#5478);
#4774=AXIS2_PLACEMENT_3D('',#6869,#5479,#5480);
#4775=AXIS2_PLACEMENT_3D('',#6871,#5481,#5482);
#4776=AXIS2_PLACEMENT_3D('',#6873,#5484,#5485);
#4777=AXIS2_PLACEMENT_3D('',#6879,#5489,#5490);
#4778=AXIS2_PLACEMENT_3D('',#6881,#5491,#5492);
#4779=AXIS2_PLACEMENT_3D('',#6883,#5493,#5494);
#4780=AXIS2_PLACEMENT_3D('',#6885,#5496,#5497);
#4781=AXIS2_PLACEMENT_3D('',#6888,#5500,#5501);
#4782=AXIS2_PLACEMENT_3D('',#6890,#5502,#5503);
#4783=AXIS2_PLACEMENT_3D('',#6892,#5504,#5505);
#4784=AXIS2_PLACEMENT_3D('',#6894,#5507,#5508);
#4785=AXIS2_PLACEMENT_3D('',#6900,#5512,#5513);
#4786=AXIS2_PLACEMENT_3D('',#6902,#5514,#5515);
#4787=AXIS2_PLACEMENT_3D('',#6904,#5516,#5517);
#4788=AXIS2_PLACEMENT_3D('',#6906,#5519,#5520);
#4789=AXIS2_PLACEMENT_3D('',#6912,#5524,#5525);
#4790=AXIS2_PLACEMENT_3D('',#6914,#5526,#5527);
#4791=AXIS2_PLACEMENT_3D('',#6916,#5528,#5529);
#4792=AXIS2_PLACEMENT_3D('',#6918,#5531,#5532);
#4793=AXIS2_PLACEMENT_3D('',#6924,#5536,#5537);
#4794=AXIS2_PLACEMENT_3D('',#6926,#5538,#5539);
#4795=AXIS2_PLACEMENT_3D('',#6928,#5540,#5541);
#4796=AXIS2_PLACEMENT_3D('',#6930,#5543,#5544);
#4797=AXIS2_PLACEMENT_3D('',#6936,#5548,#5549);
#4798=AXIS2_PLACEMENT_3D('',#6938,#5550,#5551);
#4799=AXIS2_PLACEMENT_3D('',#6940,#5552,#5553);
#4800=AXIS2_PLACEMENT_3D('',#6942,#5555,#5556);
#4801=AXIS2_PLACEMENT_3D('',#6948,#5560,#5561);
#4802=AXIS2_PLACEMENT_3D('',#6950,#5562,#5563);
#4803=AXIS2_PLACEMENT_3D('',#6952,#5564,#5565);
#4804=AXIS2_PLACEMENT_3D('',#6954,#5567,#5568);
#4805=AXIS2_PLACEMENT_3D('',#6960,#5572,#5573);
#4806=AXIS2_PLACEMENT_3D('',#6962,#5574,#5575);
#4807=AXIS2_PLACEMENT_3D('',#6964,#5576,#5577);
#4808=AXIS2_PLACEMENT_3D('',#6966,#5579,#5580);
#4809=AXIS2_PLACEMENT_3D('',#6972,#5584,#5585);
#4810=AXIS2_PLACEMENT_3D('',#6974,#5586,#5587);
#4811=AXIS2_PLACEMENT_3D('',#6976,#5588,#5589);
#4812=AXIS2_PLACEMENT_3D('',#6978,#5591,#5592);
#4813=AXIS2_PLACEMENT_3D('',#6984,#5596,#5597);
#4814=AXIS2_PLACEMENT_3D('',#6986,#5598,#5599);
#4815=AXIS2_PLACEMENT_3D('',#6988,#5600,#5601);
#4816=AXIS2_PLACEMENT_3D('',#6990,#5603,#5604);
#4817=AXIS2_PLACEMENT_3D('',#6992,#5605,#5606);
#4818=AXIS2_PLACEMENT_3D('',#6994,#5607,#5608);
#4819=AXIS2_PLACEMENT_3D('',#6996,#5610,#5611);
#4820=AXIS2_PLACEMENT_3D('',#6998,#5612,#5613);
#4821=AXIS2_PLACEMENT_3D('',#7000,#5614,#5615);
#4822=AXIS2_PLACEMENT_3D('',#7002,#5617,#5618);
#4823=AXIS2_PLACEMENT_3D('',#7005,#5619,#5620);
#4824=AXIS2_PLACEMENT_3D('',#7009,#5622,#5623);
#4825=AXIS2_PLACEMENT_3D('',#7011,#5625,#5626);
#4826=AXIS2_PLACEMENT_3D('',#7013,#5627,#5628);
#4827=AXIS2_PLACEMENT_3D('',#7015,#5629,#5630);
#4828=AXIS2_PLACEMENT_3D('',#7017,#5632,#5633);
#4829=AXIS2_PLACEMENT_3D('',#7019,#5634,#5635);
#4830=AXIS2_PLACEMENT_3D('',#7021,#5636,#5637);
#4831=AXIS2_PLACEMENT_3D('',#7023,#5639,#5640);
#4832=AXIS2_PLACEMENT_3D('',#7025,#5641,#5642);
#4833=AXIS2_PLACEMENT_3D('',#7027,#5643,#5644);
#4834=AXIS2_PLACEMENT_3D('',#7029,#5646,#5647);
#4835=AXIS2_PLACEMENT_3D('',#7031,#5648,#5649);
#4836=AXIS2_PLACEMENT_3D('',#7033,#5650,#5651);
#4837=AXIS2_PLACEMENT_3D('',#7035,#5653,#5654);
#4838=AXIS2_PLACEMENT_3D('',#7037,#5655,#5656);
#4839=AXIS2_PLACEMENT_3D('',#7039,#5657,#5658);
#4840=AXIS2_PLACEMENT_3D('',#7041,#5660,#5661);
#4841=AXIS2_PLACEMENT_3D('',#7043,#5662,#5663);
#4842=AXIS2_PLACEMENT_3D('',#7045,#5664,#5665);
#4843=AXIS2_PLACEMENT_3D('',#7047,#5667,#5668);
#4844=AXIS2_PLACEMENT_3D('',#7049,#5669,#5670);
#4845=AXIS2_PLACEMENT_3D('',#7051,#5671,#5672);
#4846=AXIS2_PLACEMENT_3D('',#7053,#5674,#5675);
#4847=AXIS2_PLACEMENT_3D('',#7055,#5676,#5677);
#4848=AXIS2_PLACEMENT_3D('',#7057,#5678,#5679);
#4849=AXIS2_PLACEMENT_3D('',#7059,#5681,#5682);
#4850=AXIS2_PLACEMENT_3D('',#7061,#5683,#5684);
#4851=AXIS2_PLACEMENT_3D('',#7063,#5685,#5686);
#4852=AXIS2_PLACEMENT_3D('',#7065,#5688,#5689);
#4853=AXIS2_PLACEMENT_3D('',#7067,#5690,#5691);
#4854=AXIS2_PLACEMENT_3D('',#7069,#5692,#5693);
#4855=AXIS2_PLACEMENT_3D('',#7071,#5695,#5696);
#4856=AXIS2_PLACEMENT_3D('',#7072,#5697,#5698);
#4857=AXIS2_PLACEMENT_3D('',#7073,#5699,#5700);
#4858=AXIS2_PLACEMENT_3D('',#7074,#5701,#5702);
#4859=AXIS2_PLACEMENT_3D('',#7076,#5703,#5704);
#4860=AXIS2_PLACEMENT_3D('',#7078,#5705,#5706);
#4861=AXIS2_PLACEMENT_3D('',#7080,#5708,#5709);
#4862=AXIS2_PLACEMENT_3D('',#7082,#5710,#5711);
#4863=AXIS2_PLACEMENT_3D('',#7084,#5712,#5713);
#4864=AXIS2_PLACEMENT_3D('',#7086,#5715,#5716);
#4865=AXIS2_PLACEMENT_3D('',#7092,#5720,#5721);
#4866=AXIS2_PLACEMENT_3D('',#7094,#5722,#5723);
#4867=AXIS2_PLACEMENT_3D('',#7096,#5724,#5725);
#4868=AXIS2_PLACEMENT_3D('',#7098,#5727,#5728);
#4869=AXIS2_PLACEMENT_3D('',#7104,#5732,#5733);
#4870=AXIS2_PLACEMENT_3D('',#7106,#5734,#5735);
#4871=AXIS2_PLACEMENT_3D('',#7108,#5736,#5737);
#4872=AXIS2_PLACEMENT_3D('',#7110,#5739,#5740);
#4873=AXIS2_PLACEMENT_3D('',#7116,#5744,#5745);
#4874=AXIS2_PLACEMENT_3D('',#7118,#5746,#5747);
#4875=AXIS2_PLACEMENT_3D('',#7120,#5748,#5749);
#4876=AXIS2_PLACEMENT_3D('',#7122,#5751,#5752);
#4877=AXIS2_PLACEMENT_3D('',#7128,#5756,#5757);
#4878=AXIS2_PLACEMENT_3D('',#7130,#5758,#5759);
#4879=AXIS2_PLACEMENT_3D('',#7132,#5760,#5761);
#4880=AXIS2_PLACEMENT_3D('',#7134,#5763,#5764);
#4881=AXIS2_PLACEMENT_3D('',#7140,#5768,#5769);
#4882=AXIS2_PLACEMENT_3D('',#7142,#5770,#5771);
#4883=AXIS2_PLACEMENT_3D('',#7144,#5772,#5773);
#4884=AXIS2_PLACEMENT_3D('',#7146,#5775,#5776);
#4885=AXIS2_PLACEMENT_3D('',#7152,#5780,#5781);
#4886=AXIS2_PLACEMENT_3D('',#7154,#5782,#5783);
#4887=AXIS2_PLACEMENT_3D('',#7156,#5784,#5785);
#4888=AXIS2_PLACEMENT_3D('',#7158,#5787,#5788);
#4889=AXIS2_PLACEMENT_3D('',#7164,#5792,#5793);
#4890=AXIS2_PLACEMENT_3D('',#7166,#5794,#5795);
#4891=AXIS2_PLACEMENT_3D('',#7168,#5796,#5797);
#4892=AXIS2_PLACEMENT_3D('',#7170,#5799,#5800);
#4893=AXIS2_PLACEMENT_3D('',#7176,#5804,#5805);
#4894=AXIS2_PLACEMENT_3D('',#7178,#5806,#5807);
#4895=AXIS2_PLACEMENT_3D('',#7180,#5808,#5809);
#4896=AXIS2_PLACEMENT_3D('',#7182,#5811,#5812);
#4897=AXIS2_PLACEMENT_3D('',#7185,#5815,#5816);
#4898=AXIS2_PLACEMENT_3D('',#7187,#5817,#5818);
#4899=AXIS2_PLACEMENT_3D('',#7189,#5819,#5820);
#4900=AXIS2_PLACEMENT_3D('',#7191,#5822,#5823);
#4901=AXIS2_PLACEMENT_3D('',#7197,#5827,#5828);
#4902=AXIS2_PLACEMENT_3D('',#7199,#5829,#5830);
#4903=AXIS2_PLACEMENT_3D('',#7201,#5831,#5832);
#4904=AXIS2_PLACEMENT_3D('',#7203,#5834,#5835);
#4905=AXIS2_PLACEMENT_3D('',#7209,#5839,#5840);
#4906=AXIS2_PLACEMENT_3D('',#7211,#5841,#5842);
#4907=AXIS2_PLACEMENT_3D('',#7213,#5843,#5844);
#4908=AXIS2_PLACEMENT_3D('',#7215,#5846,#5847);
#4909=AXIS2_PLACEMENT_3D('',#7221,#5851,#5852);
#4910=AXIS2_PLACEMENT_3D('',#7223,#5853,#5854);
#4911=AXIS2_PLACEMENT_3D('',#7225,#5855,#5856);
#4912=AXIS2_PLACEMENT_3D('',#7227,#5858,#5859);
#4913=AXIS2_PLACEMENT_3D('',#7233,#5863,#5864);
#4914=AXIS2_PLACEMENT_3D('',#7235,#5865,#5866);
#4915=AXIS2_PLACEMENT_3D('',#7237,#5867,#5868);
#4916=AXIS2_PLACEMENT_3D('',#7239,#5870,#5871);
#4917=AXIS2_PLACEMENT_3D('',#7245,#5875,#5876);
#4918=AXIS2_PLACEMENT_3D('',#7247,#5877,#5878);
#4919=AXIS2_PLACEMENT_3D('',#7249,#5879,#5880);
#4920=AXIS2_PLACEMENT_3D('',#7251,#5882,#5883);
#4921=AXIS2_PLACEMENT_3D('',#7257,#5887,#5888);
#4922=AXIS2_PLACEMENT_3D('',#7259,#5889,#5890);
#4923=AXIS2_PLACEMENT_3D('',#7261,#5891,#5892);
#4924=AXIS2_PLACEMENT_3D('',#7263,#5894,#5895);
#4925=AXIS2_PLACEMENT_3D('',#7269,#5899,#5900);
#4926=AXIS2_PLACEMENT_3D('',#7271,#5901,#5902);
#4927=AXIS2_PLACEMENT_3D('',#7273,#5903,#5904);
#4928=AXIS2_PLACEMENT_3D('',#7275,#5906,#5907);
#4929=AXIS2_PLACEMENT_3D('',#7277,#5908,#5909);
#4930=AXIS2_PLACEMENT_3D('',#7279,#5910,#5911);
#4931=AXIS2_PLACEMENT_3D('',#7281,#5913,#5914);
#4932=AXIS2_PLACEMENT_3D('',#7282,#5915,#5916);
#4933=AXIS2_PLACEMENT_3D('',#7283,#5917,#5918);
#4934=AXIS2_PLACEMENT_3D('',#7284,#5919,#5920);
#4935=AXIS2_PLACEMENT_3D('',#7290,#5924,#5925);
#4936=AXIS2_PLACEMENT_3D('',#7296,#5929,#5930);
#4937=AXIS2_PLACEMENT_3D('',#7302,#5934,#5935);
#4938=AXIS2_PLACEMENT_3D('',#7308,#5939,#5940);
#4939=AXIS2_PLACEMENT_3D('',#7311,#5943,#5944);
#4940=AXIS2_PLACEMENT_3D('',#7314,#5947,#5948);
#4941=AXIS2_PLACEMENT_3D('',#7317,#5951,#5952);
#4942=AXIS2_PLACEMENT_3D('',#7320,#5955,#5956);
#4943=AXIS2_PLACEMENT_3D('',#7326,#5960,#5961);
#4944=AXIS2_PLACEMENT_3D('',#7332,#5965,#5966);
#4945=AXIS2_PLACEMENT_3D('',#7335,#5969,#5970);
#4946=AXIS2_PLACEMENT_3D('',#7341,#5974,#5975);
#4947=AXIS2_PLACEMENT_3D('',#7342,#5976,#5977);
#4948=AXIS2_PLACEMENT_3D('',#7343,#5978,#5979);
#4949=AXIS2_PLACEMENT_3D('',#7346,#5981,#5982);
#4950=AXIS2_PLACEMENT_3D('',#7348,#5984,#5985);
#4951=AXIS2_PLACEMENT_3D('',#7349,#5986,#5987);
#4952=AXIS2_PLACEMENT_3D('',#7350,#5988,#5989);
#4953=AXIS2_PLACEMENT_3D('',#7353,#5991,#5992);
#4954=AXIS2_PLACEMENT_3D('',#7355,#5994,#5995);
#4955=AXIS2_PLACEMENT_3D('',#7356,#5996,#5997);
#4956=AXIS2_PLACEMENT_3D('',#7357,#5998,#5999);
#4957=AXIS2_PLACEMENT_3D('',#7359,#6001,#6002);
#4958=AXIS2_PLACEMENT_3D('',#7360,#6003,#6004);
#4959=AXIS2_PLACEMENT_3D('',#7361,#6005,#6006);
#4960=AXIS2_PLACEMENT_3D('',#7362,#6007,#6008);
#4961=AXIS2_PLACEMENT_3D('',#7363,#6009,#6010);
#4962=AXIS2_PLACEMENT_3D('placement',#7364,#6011,#6012);
#4963=AXIS2_PLACEMENT_3D('',#7365,#6013,#6014);
#4964=AXIS2_PLACEMENT_3D('',#7372,#6018,#6019);
#4965=AXIS2_PLACEMENT_3D('',#7378,#6023,#6024);
#4966=AXIS2_PLACEMENT_3D('',#7382,#6027,#6028);
#4967=AXIS2_PLACEMENT_3D('',#7388,#6032,#6033);
#4968=AXIS2_PLACEMENT_3D('',#7509,#6037,#6038);
#4969=AXIS2_PLACEMENT_3D('',#7627,#6041,#6042);
#4970=AXIS2_PLACEMENT_3D('',#7751,#6045,#6046);
#4971=AXIS2_PLACEMENT_3D('',#7869,#6049,#6050);
#4972=AXIS2_PLACEMENT_3D('',#7878,#6053,#6054);
#4973=AXIS2_PLACEMENT_3D('',#7881,#6055,#6056);
#4974=AXIS2_PLACEMENT_3D('',#7883,#6057,#6058);
#4975=AXIS2_PLACEMENT_3D('',#7885,#6059,#6060);
#4976=AXIS2_PLACEMENT_3D('',#7886,#6061,#6062);
#4977=AXIS2_PLACEMENT_3D('',#7887,#6063,#6064);
#4978=AXIS2_PLACEMENT_3D('',#7890,#6065,#6066);
#4979=AXIS2_PLACEMENT_3D('',#7893,#6069,#6070);
#4980=AXIS2_PLACEMENT_3D('',#7896,#6071,#6072);
#4981=AXIS2_PLACEMENT_3D('',#7899,#6075,#6076);
#4982=AXIS2_PLACEMENT_3D('',#7902,#6077,#6078);
#4983=AXIS2_PLACEMENT_3D('',#7903,#6079,#6080);
#4984=AXIS2_PLACEMENT_3D('',#7904,#6081,#6082);
#4985=AXIS2_PLACEMENT_3D('',#7905,#6083,#6084);
#4986=AXIS2_PLACEMENT_3D('',#7908,#6085,#6086);
#4987=AXIS2_PLACEMENT_3D('',#7909,#6087,#6088);
#4988=AXIS2_PLACEMENT_3D('',#7910,#6089,#6090);
#4989=AXIS2_PLACEMENT_3D('',#7911,#6091,#6092);
#4990=AXIS2_PLACEMENT_3D('',#7914,#6093,#6094);
#4991=AXIS2_PLACEMENT_3D('',#7917,#6097,#6098);
#4992=AXIS2_PLACEMENT_3D('',#7920,#6099,#6100);
#4993=AXIS2_PLACEMENT_3D('',#7923,#6103,#6104);
#4994=AXIS2_PLACEMENT_3D('',#7924,#6105,#6106);
#4995=AXIS2_PLACEMENT_3D('',#7925,#6107,#6108);
#4996=AXIS2_PLACEMENT_3D('',#7926,#6109,#6110);
#4997=AXIS2_PLACEMENT_3D('',#7928,#6111,#6112);
#4998=AXIS2_PLACEMENT_3D('',#7931,#6114,#6115);
#4999=AXIS2_PLACEMENT_3D('',#7942,#6116,#6117);
#5000=AXIS2_PLACEMENT_3D('',#7943,#6118,#6119);
#5001=AXIS2_PLACEMENT_3D('',#7944,#6120,#6121);
#5002=AXIS2_PLACEMENT_3D('',#7946,#6122,#6123);
#5003=AXIS2_PLACEMENT_3D('',#7958,#6125,#6126);
#5004=AXIS2_PLACEMENT_3D('',#7959,#6127,#6128);
#5005=AXIS2_PLACEMENT_3D('',#7960,#6129,#6130);
#5006=AXIS2_PLACEMENT_3D('',#7963,#6131,#6132);
#5007=AXIS2_PLACEMENT_3D('',#7967,#6134,#6135);
#5008=AXIS2_PLACEMENT_3D('',#7971,#6137,#6138);
#5009=AXIS2_PLACEMENT_3D('',#7975,#6140,#6141);
#5010=AXIS2_PLACEMENT_3D('',#8165,#6143,#6144);
#5011=AXIS2_PLACEMENT_3D('',#8166,#6145,#6146);
#5012=AXIS2_PLACEMENT_3D('',#8167,#6147,#6148);
#5013=AXIS2_PLACEMENT_3D('',#8262,#6149,#6150);
#5014=AXIS2_PLACEMENT_3D('',#8264,#6151,#6152);
#5015=AXIS2_PLACEMENT_3D('',#8270,#6153,#6154);
#5016=AXIS2_PLACEMENT_3D('',#8359,#6155,#6156);
#5017=AXIS2_PLACEMENT_3D('',#8362,#6157,#6158);
#5018=AXIS2_PLACEMENT_3D('',#8366,#6160,#6161);
#5019=AXIS2_PLACEMENT_3D('',#8368,#6163,#6164);
#5020=AXIS2_PLACEMENT_3D('',#8371,#6165,#6166);
#5021=AXIS2_PLACEMENT_3D('',#8372,#6167,#6168);
#5022=AXIS2_PLACEMENT_3D('',#8373,#6169,#6170);
#5023=AXIS2_PLACEMENT_3D('',#8374,#6171,#6172);
#5024=AXIS2_PLACEMENT_3D('',#8377,#6173,#6174);
#5025=AXIS2_PLACEMENT_3D('',#8378,#6175,#6176);
#5026=AXIS2_PLACEMENT_3D('',#8379,#6177,#6178);
#5027=AXIS2_PLACEMENT_3D('',#8380,#6179,#6180);
#5028=AXIS2_PLACEMENT_3D('',#8383,#6181,#6182);
#5029=AXIS2_PLACEMENT_3D('',#8386,#6185,#6186);
#5030=AXIS2_PLACEMENT_3D('',#8389,#6187,#6188);
#5031=AXIS2_PLACEMENT_3D('',#8392,#6191,#6192);
#5032=AXIS2_PLACEMENT_3D('',#8395,#6193,#6194);
#5033=AXIS2_PLACEMENT_3D('',#8396,#6195,#6196);
#5034=AXIS2_PLACEMENT_3D('',#8397,#6197,#6198);
#5035=AXIS2_PLACEMENT_3D('',#8398,#6199,#6200);
#5036=AXIS2_PLACEMENT_3D('',#8401,#6201,#6202);
#5037=AXIS2_PLACEMENT_3D('',#8402,#6203,#6204);
#5038=AXIS2_PLACEMENT_3D('',#8403,#6205,#6206);
#5039=AXIS2_PLACEMENT_3D('',#8404,#6207,#6208);
#5040=AXIS2_PLACEMENT_3D('',#8417,#6211,#6212);
#5041=AXIS2_PLACEMENT_3D('',#8419,#6213,#6214);
#5042=AXIS2_PLACEMENT_3D('',#8420,#6215,#6216);
#5043=AXIS2_PLACEMENT_3D('',#8421,#6217,#6218);
#5044=AXIS2_PLACEMENT_3D('',#8422,#6219,#6220);
#5045=AXIS2_PLACEMENT_3D('',#8433,#6222,#6223);
#5046=AXIS2_PLACEMENT_3D('',#8434,#6224,#6225);
#5047=AXIS2_PLACEMENT_3D('',#8435,#6226,#6227);
#5048=AXIS2_PLACEMENT_3D('',#8436,#6228,#6229);
#5049=AXIS2_PLACEMENT_3D('',#8441,#6231,#6232);
#5050=AXIS2_PLACEMENT_3D('',#8445,#6234,#6235);
#5051=AXIS2_PLACEMENT_3D('',#8449,#6237,#6238);
#5052=AXIS2_PLACEMENT_3D('',#8452,#6240,#6241);
#5053=AXIS2_PLACEMENT_3D('',#8453,#6242,#6243);
#5054=AXIS2_PLACEMENT_3D('',#8455,#6244,#6245);
#5055=AXIS2_PLACEMENT_3D('',#8458,#6247,#6248);
#5056=AXIS2_PLACEMENT_3D('',#8459,#6249,#6250);
#5057=AXIS2_PLACEMENT_3D('',#8461,#6251,#6252);
#5058=AXIS2_PLACEMENT_3D('',#8464,#6254,#6255);
#5059=AXIS2_PLACEMENT_3D('',#8465,#6256,#6257);
#5060=AXIS2_PLACEMENT_3D('',#8467,#6258,#6259);
#5061=AXIS2_PLACEMENT_3D('',#8470,#6261,#6262);
#5062=AXIS2_PLACEMENT_3D('',#8471,#6263,#6264);
#5063=AXIS2_PLACEMENT_3D('',#8473,#6265,#6266);
#5064=AXIS2_PLACEMENT_3D('',#8476,#6268,#6269);
#5065=AXIS2_PLACEMENT_3D('',#8477,#6270,#6271);
#5066=AXIS2_PLACEMENT_3D('',#8482,#6274,#6275);
#5067=AXIS2_PLACEMENT_3D('',#8483,#6276,#6277);
#5068=AXIS2_PLACEMENT_3D('',#8487,#6279,#6280);
#5069=AXIS2_PLACEMENT_3D('',#8489,#6282,#6283);
#5070=AXIS2_PLACEMENT_3D('',#8490,#6284,#6285);
#5071=AXIS2_PLACEMENT_3D('',#8491,#6286,#6287);
#5072=AXIS2_PLACEMENT_3D('',#8492,#6288,#6289);
#5073=AXIS2_PLACEMENT_3D('',#8496,#6292,#6293);
#5074=AXIS2_PLACEMENT_3D('',#8500,#6296,#6297);
#5075=AXIS2_PLACEMENT_3D('',#8503,#6299,#6300);
#5076=AXIS2_PLACEMENT_3D('',#8513,#6301,#6302);
#5077=AXIS2_PLACEMENT_3D('',#8514,#6303,#6304);
#5078=AXIS2_PLACEMENT_3D('',#8516,#6305,#6306);
#5079=AXIS2_PLACEMENT_3D('',#8518,#6308,#6309);
#5080=AXIS2_PLACEMENT_3D('',#8519,#6310,#6311);
#5081=AXIS2_PLACEMENT_3D('',#8520,#6312,#6313);
#5082=AXIS2_PLACEMENT_3D('',#8521,#6314,#6315);
#5083=AXIS2_PLACEMENT_3D('',#8525,#6318,#6319);
#5084=AXIS2_PLACEMENT_3D('',#8526,#6320,#6321);
#5085=AXIS2_PLACEMENT_3D('',#8527,#6322,#6323);
#5086=AXIS2_PLACEMENT_3D('',#8531,#6326,#6327);
#5087=AXIS2_PLACEMENT_3D('',#8534,#6329,#6330);
#5088=AXIS2_PLACEMENT_3D('',#8545,#6331,#6332);
#5089=AXIS2_PLACEMENT_3D('',#8546,#6333,#6334);
#5090=AXIS2_PLACEMENT_3D('',#8556,#6335,#6336);
#5091=AXIS2_PLACEMENT_3D('',#8557,#6337,#6338);
#5092=AXIS2_PLACEMENT_3D('',#8559,#6339,#6340);
#5093=AXIS2_PLACEMENT_3D('',#8561,#6342,#6343);
#5094=AXIS2_PLACEMENT_3D('',#8565,#6346,#6347);
#5095=AXIS2_PLACEMENT_3D('',#8567,#6349,#6350);
#5096=AXIS2_PLACEMENT_3D('',#8568,#6351,#6352);
#5097=AXIS2_PLACEMENT_3D('',#8569,#6353,#6354);
#5098=AXIS2_PLACEMENT_3D('',#8573,#6357,#6358);
#5099=AXIS2_PLACEMENT_3D('',#8576,#6361,#6362);
#5100=AXIS2_PLACEMENT_3D('',#8579,#6364,#6365);
#5101=AXIS2_PLACEMENT_3D('',#8589,#6366,#6367);
#5102=AXIS2_PLACEMENT_3D('',#8590,#6368,#6369);
#5103=AXIS2_PLACEMENT_3D('',#8592,#6370,#6371);
#5104=AXIS2_PLACEMENT_3D('',#8594,#6373,#6374);
#5105=AXIS2_PLACEMENT_3D('',#8596,#6376,#6377);
#5106=AXIS2_PLACEMENT_3D('',#8598,#6379,#6380);
#5107=AXIS2_PLACEMENT_3D('',#8599,#6381,#6382);
#5108=AXIS2_PLACEMENT_3D('',#8600,#6383,#6384);
#5109=AXIS2_PLACEMENT_3D('placement',#8601,#6385,#6386);
#5110=AXIS2_PLACEMENT_3D('',#8602,#6387,#6388);
#5111=AXIS2_PLACEMENT_3D('',#8604,#6389,#6390);
#5112=AXIS2_PLACEMENT_3D('',#8607,#6392,#6393);
#5113=AXIS2_PLACEMENT_3D('',#8608,#6394,#6395);
#5114=AXIS2_PLACEMENT_3D('',#8611,#6397,#6398);
#5115=AXIS2_PLACEMENT_3D('',#8612,#6399,#6400);
#5116=AXIS2_PLACEMENT_3D('',#8614,#6401,#6402);
#5117=AXIS2_PLACEMENT_3D('',#8617,#6404,#6405);
#5118=AXIS2_PLACEMENT_3D('',#8618,#6406,#6407);
#5119=AXIS2_PLACEMENT_3D('',#8621,#6409,#6410);
#5120=AXIS2_PLACEMENT_3D('',#8622,#6411,#6412);
#5121=AXIS2_PLACEMENT_3D('',#8631,#6417,#6418);
#5122=AXIS2_PLACEMENT_3D('',#8633,#6419,#6420);
#5123=AXIS2_PLACEMENT_3D('',#8636,#6422,#6423);
#5124=AXIS2_PLACEMENT_3D('',#8637,#6424,#6425);
#5125=AXIS2_PLACEMENT_3D('',#8643,#6429,#6430);
#5126=AXIS2_PLACEMENT_3D('',#8645,#6431,#6432);
#5127=AXIS2_PLACEMENT_3D('',#8648,#6434,#6435);
#5128=AXIS2_PLACEMENT_3D('',#8649,#6436,#6437);
#5129=AXIS2_PLACEMENT_3D('',#8655,#6441,#6442);
#5130=AXIS2_PLACEMENT_3D('',#8657,#6443,#6444);
#5131=AXIS2_PLACEMENT_3D('',#8660,#6446,#6447);
#5132=AXIS2_PLACEMENT_3D('',#8661,#6448,#6449);
#5133=AXIS2_PLACEMENT_3D('',#8667,#6453,#6454);
#5134=AXIS2_PLACEMENT_3D('',#8668,#6455,#6456);
#5135=AXIS2_PLACEMENT_3D('',#8669,#6457,#6458);
#5136=AXIS2_PLACEMENT_3D('',#8670,#6459,#6460);
#5137=AXIS2_PLACEMENT_3D('',#8671,#6461,#6462);
#5138=AXIS2_PLACEMENT_3D('placement',#8672,#6463,#6464);
#5139=AXIS2_PLACEMENT_3D('',#8673,#6465,#6466);
#5140=AXIS2_PLACEMENT_3D('',#8684,#6470,#6471);
#5141=AXIS2_PLACEMENT_3D('',#8686,#6472,#6473);
#5142=AXIS2_PLACEMENT_3D('',#8693,#6476,#6477);
#5143=AXIS2_PLACEMENT_3D('',#8699,#6480,#6481);
#5144=AXIS2_PLACEMENT_3D('',#8702,#6483,#6484);
#5145=AXIS2_PLACEMENT_3D('',#8707,#6487,#6488);
#5146=AXIS2_PLACEMENT_3D('',#8708,#6489,#6490);
#5147=AXIS2_PLACEMENT_3D('',#8717,#6493,#6494);
#5148=AXIS2_PLACEMENT_3D('',#8718,#6495,#6496);
#5149=AXIS2_PLACEMENT_3D('',#8719,#6497,#6498);
#5150=AXIS2_PLACEMENT_3D('',#8724,#6500,#6501);
#5151=AXIS2_PLACEMENT_3D('',#8729,#6504,#6505);
#5152=AXIS2_PLACEMENT_3D('',#8735,#6508,#6509);
#5153=AXIS2_PLACEMENT_3D('',#8737,#6511,#6512);
#5154=AXIS2_PLACEMENT_3D('',#8742,#6514,#6515);
#5155=AXIS2_PLACEMENT_3D('',#8747,#6516,#6517);
#5156=AXIS2_PLACEMENT_3D('',#8748,#6518,#6519);
#5157=AXIS2_PLACEMENT_3D('',#8753,#6521,#6522);
#5158=AXIS2_PLACEMENT_3D('',#8758,#6523,#6524);
#5159=AXIS2_PLACEMENT_3D('',#8759,#6525,#6526);
#5160=AXIS2_PLACEMENT_3D('',#8763,#6527,#6528);
#5161=AXIS2_PLACEMENT_3D('',#8768,#6529,#6530);
#5162=AXIS2_PLACEMENT_3D('',#8769,#6531,#6532);
#5163=AXIS2_PLACEMENT_3D('',#8771,#6533,#6534);
#5164=AXIS2_PLACEMENT_3D('',#8774,#6536,#6537);
#5165=AXIS2_PLACEMENT_3D('',#8775,#6538,#6539);
#5166=AXIS2_PLACEMENT_3D('',#8779,#6541,#6542);
#5167=AXIS2_PLACEMENT_3D('',#8780,#6543,#6544);
#5168=AXIS2_PLACEMENT_3D('',#8781,#6545,#6546);
#5169=AXIS2_PLACEMENT_3D('',#8782,#6547,#6548);
#5170=AXIS2_PLACEMENT_3D('',#8784,#6550,#6551);
#5171=AXIS2_PLACEMENT_3D('',#8785,#6552,#6553);
#5172=AXIS2_PLACEMENT_3D('',#8786,#6554,#6555);
#5173=AXIS2_PLACEMENT_3D('',#8787,#6556,#6557);
#5174=AXIS2_PLACEMENT_3D('',#8788,#6558,#6559);
#5175=AXIS2_PLACEMENT_3D('',#8789,#6560,#6561);
#5176=AXIS2_PLACEMENT_3D('',#8790,#6562,#6563);
#5177=AXIS2_PLACEMENT_3D('',#8791,#6564,#6565);
#5178=AXIS2_PLACEMENT_3D('',#8792,#6566,#6567);
#5179=DIRECTION('axis',(0.,0.,1.));
#5180=DIRECTION('refdir',(1.,0.,0.));
#5181=DIRECTION('axis',(0.,0.,1.));
#5182=DIRECTION('refdir',(1.,0.,0.));
#5183=DIRECTION('center_axis',(0.,0.,-1.));
#5184=DIRECTION('ref_axis',(0.707106781186544,-0.707106781186551,0.));
#5185=DIRECTION('center_axis',(0.,0.,1.));
#5186=DIRECTION('ref_axis',(0.707106781186544,-0.707106781186551,0.));
#5187=DIRECTION('',(0.,0.,-1.));
#5188=DIRECTION('center_axis',(0.,0.,-1.));
#5189=DIRECTION('ref_axis',(0.707106781186544,-0.707106781186551,0.));
#5190=DIRECTION('',(0.,0.,1.));
#5191=DIRECTION('center_axis',(1.,0.,0.));
#5192=DIRECTION('ref_axis',(0.,0.,-1.));
#5193=DIRECTION('',(0.,-1.,0.));
#5194=DIRECTION('',(0.,0.,-1.));
#5195=DIRECTION('',(0.,1.,0.));
#5196=DIRECTION('center_axis',(0.,0.,-1.));
#5197=DIRECTION('ref_axis',(0.707106781186544,0.707106781186551,0.));
#5198=DIRECTION('center_axis',(0.,0.,1.));
#5199=DIRECTION('ref_axis',(0.707106781186544,0.707106781186551,0.));
#5200=DIRECTION('',(0.,0.,-1.));
#5201=DIRECTION('center_axis',(0.,0.,-1.));
#5202=DIRECTION('ref_axis',(0.707106781186544,0.707106781186551,0.));
#5203=DIRECTION('',(0.,0.,1.));
#5204=DIRECTION('center_axis',(-1.26882631385732E-16,1.,0.));
#5205=DIRECTION('ref_axis',(0.,0.,1.));
#5206=DIRECTION('',(1.,1.26882631385732E-16,0.));
#5207=DIRECTION('',(0.,0.,-1.));
#5208=DIRECTION('',(-1.,-1.26882631385732E-16,0.));
#5209=DIRECTION('center_axis',(0.,0.,-1.));
#5210=DIRECTION('ref_axis',(0.,1.,0.));
#5211=DIRECTION('center_axis',(0.,0.,1.));
#5212=DIRECTION('ref_axis',(0.,1.,0.));
#5213=DIRECTION('',(0.,0.,-1.));
#5214=DIRECTION('center_axis',(0.,0.,-1.));
#5215=DIRECTION('ref_axis',(0.,1.,0.));
#5216=DIRECTION('',(0.,0.,1.));
#5217=DIRECTION('center_axis',(0.,0.,-1.));
#5218=DIRECTION('ref_axis',(1.,-7.40148683083388E-15,0.));
#5219=DIRECTION('center_axis',(0.,0.,1.));
#5220=DIRECTION('ref_axis',(1.,-7.40148683083388E-15,0.));
#5221=DIRECTION('',(0.,0.,-1.));
#5222=DIRECTION('center_axis',(0.,0.,-1.));
#5223=DIRECTION('ref_axis',(1.,-7.40148683083388E-15,0.));
#5224=DIRECTION('',(0.,0.,-1.));
#5225=DIRECTION('center_axis',(-2.04964250700029E-16,1.,0.));
#5226=DIRECTION('ref_axis',(0.,0.,1.));
#5227=DIRECTION('',(-1.,-2.04964250700029E-16,0.));
#5228=DIRECTION('',(1.,2.04964250700029E-16,0.));
#5229=DIRECTION('center_axis',(0.,0.,-1.));
#5230=DIRECTION('ref_axis',(0.,1.,0.));
#5231=DIRECTION('center_axis',(0.,0.,1.));
#5232=DIRECTION('ref_axis',(0.,1.,0.));
#5233=DIRECTION('',(0.,0.,-1.));
#5234=DIRECTION('center_axis',(0.,0.,-1.));
#5235=DIRECTION('ref_axis',(0.,1.,0.));
#5236=DIRECTION('',(0.,0.,1.));
#5237=DIRECTION('center_axis',(0.,0.,-1.));
#5238=DIRECTION('ref_axis',(0.,1.,0.));
#5239=DIRECTION('center_axis',(0.,0.,1.));
#5240=DIRECTION('ref_axis',(0.,1.,0.));
#5241=DIRECTION('',(0.,0.,-1.));
#5242=DIRECTION('center_axis',(0.,0.,-1.));
#5243=DIRECTION('ref_axis',(0.,1.,0.));
#5244=DIRECTION('',(0.,0.,1.));
#5245=DIRECTION('center_axis',(0.,0.,-1.));
#5246=DIRECTION('ref_axis',(0.,-1.,0.));
#5247=DIRECTION('center_axis',(0.,0.,1.));
#5248=DIRECTION('ref_axis',(0.,-1.,0.));
#5249=DIRECTION('',(0.,0.,-1.));
#5250=DIRECTION('center_axis',(0.,0.,-1.));
#5251=DIRECTION('ref_axis',(0.,-1.,0.));
#5252=DIRECTION('',(0.,0.,1.));
#5253=DIRECTION('center_axis',(0.,0.,-1.));
#5254=DIRECTION('ref_axis',(0.,-1.,0.));
#5255=DIRECTION('center_axis',(0.,0.,1.));
#5256=DIRECTION('ref_axis',(0.,-1.,0.));
#5257=DIRECTION('',(0.,0.,-1.));
#5258=DIRECTION('center_axis',(0.,0.,-1.));
#5259=DIRECTION('ref_axis',(0.,-1.,0.));
#5260=DIRECTION('',(0.,0.,1.));
#5261=DIRECTION('center_axis',(0.,0.,-1.));
#5262=DIRECTION('ref_axis',(-1.48029736616688E-14,1.,0.));
#5263=DIRECTION('center_axis',(0.,0.,1.));
#5264=DIRECTION('ref_axis',(-1.48029736616688E-14,1.,0.));
#5265=DIRECTION('',(0.,0.,-1.));
#5266=DIRECTION('center_axis',(0.,0.,-1.));
#5267=DIRECTION('ref_axis',(-1.48029736616688E-14,1.,0.));
#5268=DIRECTION('',(0.,0.,1.));
#5269=DIRECTION('center_axis',(0.,0.,-1.));
#5270=DIRECTION('ref_axis',(0.,-1.,0.));
#5271=DIRECTION('center_axis',(0.,0.,1.));
#5272=DIRECTION('ref_axis',(0.,-1.,0.));
#5273=DIRECTION('',(0.,0.,-1.));
#5274=DIRECTION('center_axis',(0.,0.,-1.));
#5275=DIRECTION('ref_axis',(0.,-1.,0.));
#5276=DIRECTION('',(0.,0.,1.));
#5277=DIRECTION('center_axis',(0.,0.,-1.));
#5278=DIRECTION('ref_axis',(0.,-1.,0.));
#5279=DIRECTION('center_axis',(0.,0.,1.));
#5280=DIRECTION('ref_axis',(0.,-1.,0.));
#5281=DIRECTION('',(0.,0.,-1.));
#5282=DIRECTION('center_axis',(0.,0.,-1.));
#5283=DIRECTION('ref_axis',(0.,-1.,0.));
#5284=DIRECTION('',(0.,0.,1.));
#5285=DIRECTION('center_axis',(0.,0.,-1.));
#5286=DIRECTION('ref_axis',(0.,1.,0.));
#5287=DIRECTION('center_axis',(0.,0.,1.));
#5288=DIRECTION('ref_axis',(0.,1.,0.));
#5289=DIRECTION('',(0.,0.,-1.));
#5290=DIRECTION('center_axis',(0.,0.,-1.));
#5291=DIRECTION('ref_axis',(0.,1.,0.));
#5292=DIRECTION('',(0.,0.,1.));
#5293=DIRECTION('center_axis',(0.,-1.,0.));
#5294=DIRECTION('ref_axis',(0.,0.,-1.));
#5295=DIRECTION('',(1.,0.,0.));
#5296=DIRECTION('',(0.,0.,-1.));
#5297=DIRECTION('',(-1.,0.,0.));
#5298=DIRECTION('',(0.,0.,-1.));
#5299=DIRECTION('center_axis',(0.,0.,-1.));
#5300=DIRECTION('ref_axis',(0.,-1.,0.));
#5301=DIRECTION('center_axis',(0.,0.,1.));
#5302=DIRECTION('ref_axis',(0.,-1.,0.));
#5303=DIRECTION('center_axis',(0.,0.,-1.));
#5304=DIRECTION('ref_axis',(0.,-1.,0.));
#5305=DIRECTION('',(0.,0.,1.));
#5306=DIRECTION('center_axis',(0.,0.,-1.));
#5307=DIRECTION('ref_axis',(-1.,0.,0.));
#5308=DIRECTION('center_axis',(0.,0.,1.));
#5309=DIRECTION('ref_axis',(-1.,0.,0.));
#5310=DIRECTION('',(0.,0.,-1.));
#5311=DIRECTION('center_axis',(0.,0.,-1.));
#5312=DIRECTION('ref_axis',(-1.,0.,0.));
#5313=DIRECTION('center_axis',(0.,0.,-1.));
#5314=DIRECTION('ref_axis',(-0.988997202845613,-0.147934217690005,0.));
#5315=DIRECTION('center_axis',(0.,0.,1.));
#5316=DIRECTION('ref_axis',(-0.988997202845613,-0.147934217690005,0.));
#5317=DIRECTION('',(0.,0.,-1.));
#5318=DIRECTION('center_axis',(0.,0.,-1.));
#5319=DIRECTION('ref_axis',(-0.988997202845613,-0.147934217690005,0.));
#5320=DIRECTION('',(0.,0.,-1.));
#5321=DIRECTION('center_axis',(0.,0.,-1.));
#5322=DIRECTION('ref_axis',(1.,0.,0.));
#5323=DIRECTION('center_axis',(0.,0.,1.));
#5324=DIRECTION('ref_axis',(1.,0.,0.));
#5325=DIRECTION('center_axis',(0.,0.,-1.));
#5326=DIRECTION('ref_axis',(1.,0.,0.));
#5327=DIRECTION('',(0.,0.,-1.));
#5328=DIRECTION('center_axis',(0.,0.,-1.));
#5329=DIRECTION('ref_axis',(0.341664469684547,-0.939821999186642,0.));
#5330=DIRECTION('center_axis',(0.,0.,1.));
#5331=DIRECTION('ref_axis',(0.341664469684547,-0.939821999186642,0.));
#5332=DIRECTION('center_axis',(0.,0.,-1.));
#5333=DIRECTION('ref_axis',(0.341664469684547,-0.939821999186642,0.));
#5334=DIRECTION('',(0.,0.,-1.));
#5335=DIRECTION('center_axis',(0.,0.,-1.));
#5336=DIRECTION('ref_axis',(0.132170914931418,-0.991226941344005,0.));
#5337=DIRECTION('center_axis',(0.,0.,-1.));
#5338=DIRECTION('ref_axis',(0.132170914931418,-0.991226941344005,0.));
#5339=DIRECTION('center_axis',(0.,0.,1.));
#5340=DIRECTION('ref_axis',(0.132170914931418,-0.991226941344005,0.));
#5341=DIRECTION('',(0.,0.,-1.));
#5342=DIRECTION('center_axis',(0.,0.,-1.));
#5343=DIRECTION('ref_axis',(0.132170914931412,-0.991226941344006,0.));
#5344=DIRECTION('center_axis',(0.,0.,1.));
#5345=DIRECTION('ref_axis',(0.132170914931412,-0.991226941344006,0.));
#5346=DIRECTION('center_axis',(0.,0.,-1.));
#5347=DIRECTION('ref_axis',(0.132170914931412,-0.991226941344006,0.));
#5348=DIRECTION('',(0.,0.,-1.));
#5349=DIRECTION('center_axis',(0.,0.,-1.));
#5350=DIRECTION('ref_axis',(1.,0.,0.));
#5351=DIRECTION('center_axis',(0.,0.,1.));
#5352=DIRECTION('ref_axis',(1.,0.,0.));
#5353=DIRECTION('center_axis',(0.,0.,-1.));
#5354=DIRECTION('ref_axis',(1.,0.,0.));
#5355=DIRECTION('',(0.,0.,-1.));
#5356=DIRECTION('center_axis',(0.,0.,-1.));
#5357=DIRECTION('ref_axis',(0.939821999186643,0.341664469684546,0.));
#5358=DIRECTION('center_axis',(0.,0.,1.));
#5359=DIRECTION('ref_axis',(0.939821999186643,0.341664469684546,0.));
#5360=DIRECTION('center_axis',(0.,0.,-1.));
#5361=DIRECTION('ref_axis',(0.939821999186643,0.341664469684546,0.));
#5362=DIRECTION('',(0.,0.,-1.));
#5363=DIRECTION('center_axis',(0.,0.,-1.));
#5364=DIRECTION('ref_axis',(0.991226941344006,0.132170914931411,0.));
#5365=DIRECTION('center_axis',(0.,0.,-1.));
#5366=DIRECTION('ref_axis',(0.991226941344006,0.132170914931411,0.));
#5367=DIRECTION('center_axis',(0.,0.,1.));
#5368=DIRECTION('ref_axis',(0.991226941344006,0.132170914931411,0.));
#5369=DIRECTION('',(0.,0.,-1.));
#5370=DIRECTION('center_axis',(0.,0.,-1.));
#5371=DIRECTION('ref_axis',(0.991226941344006,0.132170914931415,0.));
#5372=DIRECTION('center_axis',(0.,0.,1.));
#5373=DIRECTION('ref_axis',(0.991226941344006,0.132170914931415,0.));
#5374=DIRECTION('center_axis',(0.,0.,-1.));
#5375=DIRECTION('ref_axis',(0.991226941344006,0.132170914931415,0.));
#5376=DIRECTION('',(0.,0.,-1.));
#5377=DIRECTION('center_axis',(0.,0.,-1.));
#5378=DIRECTION('ref_axis',(1.,0.,0.));
#5379=DIRECTION('center_axis',(0.,0.,1.));
#5380=DIRECTION('ref_axis',(1.,0.,0.));
#5381=DIRECTION('center_axis',(0.,0.,-1.));
#5382=DIRECTION('ref_axis',(1.,0.,0.));
#5383=DIRECTION('',(0.,0.,-1.));
#5384=DIRECTION('center_axis',(0.,0.,-1.));
#5385=DIRECTION('ref_axis',(-0.326659471449328,0.94514210027511,0.));
#5386=DIRECTION('center_axis',(0.,0.,1.));
#5387=DIRECTION('ref_axis',(-0.326659471449328,0.94514210027511,0.));
#5388=DIRECTION('center_axis',(0.,0.,-1.));
#5389=DIRECTION('ref_axis',(-0.326659471449328,0.94514210027511,0.));
#5390=DIRECTION('',(0.,0.,-1.));
#5391=DIRECTION('center_axis',(0.,0.,-1.));
#5392=DIRECTION('ref_axis',(0.171549825091896,0.985175445040598,0.));
#5393=DIRECTION('center_axis',(0.,0.,-1.));
#5394=DIRECTION('ref_axis',(0.171549825091896,0.985175445040598,0.));
#5395=DIRECTION('center_axis',(0.,0.,1.));
#5396=DIRECTION('ref_axis',(0.171549825091896,0.985175445040598,0.));
#5397=DIRECTION('',(0.,0.,-1.));
#5398=DIRECTION('center_axis',(0.,0.,-1.));
#5399=DIRECTION('ref_axis',(0.618845422596568,-0.785512789794842,0.));
#5400=DIRECTION('center_axis',(0.,0.,-1.));
#5401=DIRECTION('ref_axis',(0.618845422596568,-0.785512789794842,0.));
#5402=DIRECTION('center_axis',(0.,0.,1.));
#5403=DIRECTION('ref_axis',(0.618845422596568,-0.785512789794842,0.));
#5404=DIRECTION('',(0.,0.,-1.));
#5405=DIRECTION('center_axis',(0.,0.,-1.));
#5406=DIRECTION('ref_axis',(3.04170691678116E-15,-1.,0.));
#5407=DIRECTION('center_axis',(0.,0.,-1.));
#5408=DIRECTION('ref_axis',(3.04170691678116E-15,-1.,0.));
#5409=DIRECTION('center_axis',(0.,0.,1.));
#5410=DIRECTION('ref_axis',(3.04170691678116E-15,-1.,0.));
#5411=DIRECTION('',(0.,0.,-1.));
#5412=DIRECTION('center_axis',(-5.22457893941251E-14,-1.,0.));
#5413=DIRECTION('ref_axis',(0.,0.,-1.));
#5414=DIRECTION('',(1.,-5.22457893941251E-14,0.));
#5415=DIRECTION('',(-1.,5.22457893941251E-14,0.));
#5416=DIRECTION('',(0.,0.,-1.));
#5417=DIRECTION('center_axis',(0.,0.,-1.));
#5418=DIRECTION('ref_axis',(-5.32907051820077E-14,-1.,0.));
#5419=DIRECTION('center_axis',(0.,0.,1.));
#5420=DIRECTION('ref_axis',(-5.32907051820077E-14,-1.,0.));
#5421=DIRECTION('center_axis',(0.,0.,-1.));
#5422=DIRECTION('ref_axis',(-5.32907051820077E-14,-1.,0.));
#5423=DIRECTION('',(0.,0.,-1.));
#5424=DIRECTION('center_axis',(1.,0.,0.));
#5425=DIRECTION('ref_axis',(0.,0.,-1.));
#5426=DIRECTION('',(0.,1.,0.));
#5427=DIRECTION('',(0.,-1.,0.));
#5428=DIRECTION('',(0.,0.,-1.));
#5429=DIRECTION('center_axis',(0.,0.,-1.));
#5430=DIRECTION('ref_axis',(1.,-2.22044604925032E-15,0.));
#5431=DIRECTION('center_axis',(0.,0.,1.));
#5432=DIRECTION('ref_axis',(1.,-2.22044604925032E-15,0.));
#5433=DIRECTION('center_axis',(0.,0.,-1.));
#5434=DIRECTION('ref_axis',(1.,-2.22044604925032E-15,0.));
#5435=DIRECTION('',(0.,0.,-1.));
#5436=DIRECTION('center_axis',(3.70074341541718E-16,1.,0.));
#5437=DIRECTION('ref_axis',(0.,0.,1.));
#5438=DIRECTION('',(-1.,3.70074341541718E-16,0.));
#5439=DIRECTION('',(1.,-3.70074341541718E-16,0.));
#5440=DIRECTION('',(0.,0.,-1.));
#5441=DIRECTION('center_axis',(0.,0.,-1.));
#5442=DIRECTION('ref_axis',(1.,-2.22044604925032E-15,0.));
#5443=DIRECTION('center_axis',(0.,0.,-1.));
#5444=DIRECTION('ref_axis',(1.,-2.22044604925032E-15,0.));
#5445=DIRECTION('center_axis',(0.,0.,1.));
#5446=DIRECTION('ref_axis',(1.,-2.22044604925032E-15,0.));
#5447=DIRECTION('',(0.,0.,-1.));
#5448=DIRECTION('center_axis',(1.,0.,0.));
#5449=DIRECTION('ref_axis',(0.,0.,-1.));
#5450=DIRECTION('',(0.,1.,0.));
#5451=DIRECTION('',(0.,-1.,0.));
#5452=DIRECTION('',(0.,0.,-1.));
#5453=DIRECTION('center_axis',(0.,0.,-1.));
#5454=DIRECTION('ref_axis',(0.,-1.,0.));
#5455=DIRECTION('center_axis',(0.,0.,-1.));
#5456=DIRECTION('ref_axis',(0.,-1.,0.));
#5457=DIRECTION('center_axis',(0.,0.,1.));
#5458=DIRECTION('ref_axis',(0.,-1.,0.));
#5459=DIRECTION('',(0.,0.,-1.));
#5460=DIRECTION('center_axis',(0.,-1.,0.));
#5461=DIRECTION('ref_axis',(0.,0.,-1.));
#5462=DIRECTION('',(1.,0.,0.));
#5463=DIRECTION('',(-1.,0.,0.));
#5464=DIRECTION('',(0.,0.,-1.));
#5465=DIRECTION('center_axis',(0.,0.,-1.));
#5466=DIRECTION('ref_axis',(0.,-1.,0.));
#5467=DIRECTION('center_axis',(0.,0.,1.));
#5468=DIRECTION('ref_axis',(0.,-1.,0.));
#5469=DIRECTION('center_axis',(0.,0.,-1.));
#5470=DIRECTION('ref_axis',(0.,-1.,0.));
#5471=DIRECTION('',(0.,0.,-1.));
#5472=DIRECTION('center_axis',(1.,0.,0.));
#5473=DIRECTION('ref_axis',(0.,0.,-1.));
#5474=DIRECTION('',(0.,1.,0.));
#5475=DIRECTION('',(0.,-1.,0.));
#5476=DIRECTION('',(0.,0.,-1.));
#5477=DIRECTION('center_axis',(0.,0.,-1.));
#5478=DIRECTION('ref_axis',(1.,-4.44089209850064E-15,0.));
#5479=DIRECTION('center_axis',(0.,0.,1.));
#5480=DIRECTION('ref_axis',(1.,-4.44089209850064E-15,0.));
#5481=DIRECTION('center_axis',(0.,0.,-1.));
#5482=DIRECTION('ref_axis',(1.,-4.44089209850064E-15,0.));
#5483=DIRECTION('',(0.,0.,-1.));
#5484=DIRECTION('center_axis',(0.,1.,0.));
#5485=DIRECTION('ref_axis',(0.,0.,1.));
#5486=DIRECTION('',(-1.,0.,0.));
#5487=DIRECTION('',(1.,0.,0.));
#5488=DIRECTION('',(0.,0.,-1.));
#5489=DIRECTION('center_axis',(0.,0.,-1.));
#5490=DIRECTION('ref_axis',(1.,-4.44089209850064E-15,0.));
#5491=DIRECTION('center_axis',(0.,0.,-1.));
#5492=DIRECTION('ref_axis',(1.,-4.44089209850064E-15,0.));
#5493=DIRECTION('center_axis',(0.,0.,1.));
#5494=DIRECTION('ref_axis',(1.,-4.44089209850064E-15,0.));
#5495=DIRECTION('',(0.,0.,-1.));
#5496=DIRECTION('center_axis',(1.,0.,0.));
#5497=DIRECTION('ref_axis',(0.,0.,-1.));
#5498=DIRECTION('',(0.,1.,0.));
#5499=DIRECTION('',(0.,-1.,0.));
#5500=DIRECTION('center_axis',(0.,0.,-1.));
#5501=DIRECTION('ref_axis',(8.88178419700132E-15,1.,0.));
#5502=DIRECTION('center_axis',(0.,0.,1.));
#5503=DIRECTION('ref_axis',(8.88178419700132E-15,1.,0.));
#5504=DIRECTION('center_axis',(0.,0.,-1.));
#5505=DIRECTION('ref_axis',(8.88178419700132E-15,1.,0.));
#5506=DIRECTION('',(0.,0.,-1.));
#5507=DIRECTION('center_axis',(-1.,0.,0.));
#5508=DIRECTION('ref_axis',(0.,0.,1.));
#5509=DIRECTION('',(0.,-1.,0.));
#5510=DIRECTION('',(0.,1.,0.));
#5511=DIRECTION('',(0.,0.,-1.));
#5512=DIRECTION('center_axis',(0.,0.,-1.));
#5513=DIRECTION('ref_axis',(0.,1.,0.));
#5514=DIRECTION('center_axis',(0.,0.,-1.));
#5515=DIRECTION('ref_axis',(0.,1.,0.));
#5516=DIRECTION('center_axis',(0.,0.,1.));
#5517=DIRECTION('ref_axis',(0.,1.,0.));
#5518=DIRECTION('',(0.,0.,-1.));
#5519=DIRECTION('center_axis',(0.,1.,0.));
#5520=DIRECTION('ref_axis',(0.,0.,1.));
#5521=DIRECTION('',(-1.,0.,0.));
#5522=DIRECTION('',(1.,0.,0.));
#5523=DIRECTION('',(0.,0.,-1.));
#5524=DIRECTION('center_axis',(0.,0.,-1.));
#5525=DIRECTION('ref_axis',(0.,1.,0.));
#5526=DIRECTION('center_axis',(0.,0.,1.));
#5527=DIRECTION('ref_axis',(0.,1.,0.));
#5528=DIRECTION('center_axis',(0.,0.,-1.));
#5529=DIRECTION('ref_axis',(0.,1.,0.));
#5530=DIRECTION('',(0.,0.,-1.));
#5531=DIRECTION('center_axis',(-1.,0.,0.));
#5532=DIRECTION('ref_axis',(0.,0.,1.));
#5533=DIRECTION('',(0.,-1.,0.));
#5534=DIRECTION('',(0.,1.,0.));
#5535=DIRECTION('',(0.,0.,-1.));
#5536=DIRECTION('center_axis',(0.,0.,-1.));
#5537=DIRECTION('ref_axis',(-1.,4.44089209850064E-15,0.));
#5538=DIRECTION('center_axis',(0.,0.,1.));
#5539=DIRECTION('ref_axis',(-1.,4.44089209850064E-15,0.));
#5540=DIRECTION('center_axis',(0.,0.,-1.));
#5541=DIRECTION('ref_axis',(-1.,4.44089209850064E-15,0.));
#5542=DIRECTION('',(0.,0.,-1.));
#5543=DIRECTION('center_axis',(0.,-1.,0.));
#5544=DIRECTION('ref_axis',(0.,0.,-1.));
#5545=DIRECTION('',(1.,0.,0.));
#5546=DIRECTION('',(-1.,0.,0.));
#5547=DIRECTION('',(0.,0.,-1.));
#5548=DIRECTION('center_axis',(0.,0.,-1.));
#5549=DIRECTION('ref_axis',(-1.,4.44089209850064E-15,0.));
#5550=DIRECTION('center_axis',(0.,0.,-1.));
#5551=DIRECTION('ref_axis',(-1.,4.44089209850064E-15,0.));
#5552=DIRECTION('center_axis',(0.,0.,1.));
#5553=DIRECTION('ref_axis',(-1.,4.44089209850064E-15,0.));
#5554=DIRECTION('',(0.,0.,-1.));
#5555=DIRECTION('center_axis',(-1.,0.,0.));
#5556=DIRECTION('ref_axis',(0.,0.,1.));
#5557=DIRECTION('',(0.,-1.,0.));
#5558=DIRECTION('',(0.,1.,0.));
#5559=DIRECTION('',(0.,0.,-1.));
#5560=DIRECTION('center_axis',(0.,0.,-1.));
#5561=DIRECTION('ref_axis',(0.,1.,0.));
#5562=DIRECTION('center_axis',(0.,0.,-1.));
#5563=DIRECTION('ref_axis',(0.,1.,0.));
#5564=DIRECTION('center_axis',(0.,0.,1.));
#5565=DIRECTION('ref_axis',(0.,1.,0.));
#5566=DIRECTION('',(0.,0.,-1.));
#5567=DIRECTION('center_axis',(-3.70074341541718E-16,1.,0.));
#5568=DIRECTION('ref_axis',(0.,0.,1.));
#5569=DIRECTION('',(-1.,-3.70074341541718E-16,0.));
#5570=DIRECTION('',(1.,3.70074341541718E-16,0.));
#5571=DIRECTION('',(0.,0.,-1.));
#5572=DIRECTION('center_axis',(0.,0.,-1.));
#5573=DIRECTION('ref_axis',(0.,1.,0.));
#5574=DIRECTION('center_axis',(0.,0.,1.));
#5575=DIRECTION('ref_axis',(0.,1.,0.));
#5576=DIRECTION('center_axis',(0.,0.,-1.));
#5577=DIRECTION('ref_axis',(0.,1.,0.));
#5578=DIRECTION('',(0.,0.,-1.));
#5579=DIRECTION('center_axis',(-1.,0.,0.));
#5580=DIRECTION('ref_axis',(0.,0.,1.));
#5581=DIRECTION('',(0.,-1.,0.));
#5582=DIRECTION('',(0.,1.,0.));
#5583=DIRECTION('',(0.,0.,-1.));
#5584=DIRECTION('center_axis',(0.,0.,-1.));
#5585=DIRECTION('ref_axis',(-1.,8.88178419700128E-15,0.));
#5586=DIRECTION('center_axis',(0.,0.,1.));
#5587=DIRECTION('ref_axis',(-1.,8.88178419700128E-15,0.));
#5588=DIRECTION('center_axis',(0.,0.,-1.));
#5589=DIRECTION('ref_axis',(-1.,8.88178419700128E-15,0.));
#5590=DIRECTION('',(0.,0.,-1.));
#5591=DIRECTION('center_axis',(3.59189802084611E-15,-1.,0.));
#5592=DIRECTION('ref_axis',(0.,0.,-1.));
#5593=DIRECTION('',(1.,3.59189802084611E-15,0.));
#5594=DIRECTION('',(-1.,-3.59189802084611E-15,0.));
#5595=DIRECTION('',(0.,0.,-1.));
#5596=DIRECTION('center_axis',(0.,0.,-1.));
#5597=DIRECTION('ref_axis',(-0.616463893248926,-0.787383177570093,0.));
#5598=DIRECTION('center_axis',(0.,0.,-1.));
#5599=DIRECTION('ref_axis',(-0.616463893248926,-0.787383177570093,0.));
#5600=DIRECTION('center_axis',(0.,0.,1.));
#5601=DIRECTION('ref_axis',(-0.616463893248926,-0.787383177570093,0.));
#5602=DIRECTION('',(0.,0.,-1.));
#5603=DIRECTION('center_axis',(0.,0.,-1.));
#5604=DIRECTION('ref_axis',(-0.174532349451243,0.984651440355941,0.));
#5605=DIRECTION('center_axis',(0.,0.,-1.));
#5606=DIRECTION('ref_axis',(-0.174532349451243,0.984651440355941,0.));
#5607=DIRECTION('center_axis',(0.,0.,1.));
#5608=DIRECTION('ref_axis',(-0.174532349451243,0.984651440355941,0.));
#5609=DIRECTION('',(0.,0.,-1.));
#5610=DIRECTION('center_axis',(0.,0.,-1.));
#5611=DIRECTION('ref_axis',(0.988544693483646,0.150928423384479,0.));
#5612=DIRECTION('center_axis',(0.,0.,-1.));
#5613=DIRECTION('ref_axis',(0.988544693483646,0.150928423384479,0.));
#5614=DIRECTION('center_axis',(0.,0.,1.));
#5615=DIRECTION('ref_axis',(0.988544693483646,0.150928423384479,0.));
#5616=DIRECTION('',(0.,0.,-1.));
#5617=DIRECTION('center_axis',(0.,0.,-1.));
#5618=DIRECTION('ref_axis',(-0.174532349451245,-0.984651440355941,0.));
#5619=DIRECTION('center_axis',(0.,0.,-1.));
#5620=DIRECTION('ref_axis',(-0.174532349451245,-0.984651440355941,0.));
#5621=DIRECTION('',(0.,0.,-1.));
#5622=DIRECTION('center_axis',(0.,0.,1.));
#5623=DIRECTION('ref_axis',(-0.174532349451245,-0.984651440355941,0.));
#5624=DIRECTION('',(0.,0.,-1.));
#5625=DIRECTION('center_axis',(0.,0.,-1.));
#5626=DIRECTION('ref_axis',(0.988544693483646,0.15092842338448,0.));
#5627=DIRECTION('center_axis',(0.,0.,1.));
#5628=DIRECTION('ref_axis',(0.988544693483646,0.15092842338448,0.));
#5629=DIRECTION('center_axis',(0.,0.,-1.));
#5630=DIRECTION('ref_axis',(0.988544693483646,0.15092842338448,0.));
#5631=DIRECTION('',(0.,0.,-1.));
#5632=DIRECTION('center_axis',(0.,0.,-1.));
#5633=DIRECTION('ref_axis',(1.,0.,0.));
#5634=DIRECTION('center_axis',(0.,0.,1.));
#5635=DIRECTION('ref_axis',(1.,0.,0.));
#5636=DIRECTION('center_axis',(0.,0.,-1.));
#5637=DIRECTION('ref_axis',(1.,0.,0.));
#5638=DIRECTION('',(0.,0.,-1.));
#5639=DIRECTION('center_axis',(0.,0.,-1.));
#5640=DIRECTION('ref_axis',(-0.341664469684547,0.939821999186642,0.));
#5641=DIRECTION('center_axis',(0.,0.,1.));
#5642=DIRECTION('ref_axis',(-0.341664469684547,0.939821999186642,0.));
#5643=DIRECTION('center_axis',(0.,0.,-1.));
#5644=DIRECTION('ref_axis',(-0.341664469684547,0.939821999186642,0.));
#5645=DIRECTION('',(0.,0.,-1.));
#5646=DIRECTION('center_axis',(0.,0.,-1.));
#5647=DIRECTION('ref_axis',(-0.132170914931418,0.991226941344005,0.));
#5648=DIRECTION('center_axis',(0.,0.,-1.));
#5649=DIRECTION('ref_axis',(-0.132170914931418,0.991226941344005,0.));
#5650=DIRECTION('center_axis',(0.,0.,1.));
#5651=DIRECTION('ref_axis',(-0.132170914931418,0.991226941344005,0.));
#5652=DIRECTION('',(0.,0.,-1.));
#5653=DIRECTION('center_axis',(0.,0.,-1.));
#5654=DIRECTION('ref_axis',(-0.132170914931412,0.991226941344006,0.));
#5655=DIRECTION('center_axis',(0.,0.,1.));
#5656=DIRECTION('ref_axis',(-0.132170914931412,0.991226941344006,0.));
#5657=DIRECTION('center_axis',(0.,0.,-1.));
#5658=DIRECTION('ref_axis',(-0.132170914931412,0.991226941344006,0.));
#5659=DIRECTION('',(0.,0.,-1.));
#5660=DIRECTION('center_axis',(0.,0.,-1.));
#5661=DIRECTION('ref_axis',(-1.,-1.22464679914735E-16,0.));
#5662=DIRECTION('center_axis',(0.,0.,1.));
#5663=DIRECTION('ref_axis',(1.,0.,0.));
#5664=DIRECTION('center_axis',(0.,0.,-1.));
#5665=DIRECTION('ref_axis',(1.,0.,0.));
#5666=DIRECTION('',(0.,0.,-1.));
#5667=DIRECTION('center_axis',(0.,0.,-1.));
#5668=DIRECTION('ref_axis',(-0.939821999186644,-0.341664469684542,0.));
#5669=DIRECTION('center_axis',(0.,0.,1.));
#5670=DIRECTION('ref_axis',(-0.939821999186644,-0.341664469684542,0.));
#5671=DIRECTION('center_axis',(0.,0.,-1.));
#5672=DIRECTION('ref_axis',(-0.939821999186644,-0.341664469684542,0.));
#5673=DIRECTION('',(0.,0.,-1.));
#5674=DIRECTION('center_axis',(0.,0.,-1.));
#5675=DIRECTION('ref_axis',(-0.991226941344006,-0.132170914931414,0.));
#5676=DIRECTION('center_axis',(0.,0.,-1.));
#5677=DIRECTION('ref_axis',(-0.991226941344006,-0.132170914931414,0.));
#5678=DIRECTION('center_axis',(0.,0.,1.));
#5679=DIRECTION('ref_axis',(-0.991226941344006,-0.132170914931414,0.));
#5680=DIRECTION('',(0.,0.,-1.));
#5681=DIRECTION('center_axis',(0.,0.,-1.));
#5682=DIRECTION('ref_axis',(-0.991226941344006,-0.132170914931413,0.));
#5683=DIRECTION('center_axis',(0.,0.,1.));
#5684=DIRECTION('ref_axis',(-0.991226941344006,-0.132170914931413,0.));
#5685=DIRECTION('center_axis',(0.,0.,-1.));
#5686=DIRECTION('ref_axis',(-0.991226941344006,-0.132170914931413,0.));
#5687=DIRECTION('',(0.,0.,-1.));
#5688=DIRECTION('center_axis',(0.,0.,-1.));
#5689=DIRECTION('ref_axis',(1.,0.,0.));
#5690=DIRECTION('center_axis',(0.,0.,1.));
#5691=DIRECTION('ref_axis',(1.,0.,0.));
#5692=DIRECTION('center_axis',(0.,0.,-1.));
#5693=DIRECTION('ref_axis',(1.,0.,0.));
#5694=DIRECTION('',(0.,0.,-1.));
#5695=DIRECTION('center_axis',(0.,0.,-1.));
#5696=DIRECTION('ref_axis',(0.323795891873999,-0.94612695786851,0.));
#5697=DIRECTION('center_axis',(0.,0.,1.));
#5698=DIRECTION('ref_axis',(0.323795891873999,-0.94612695786851,0.));
#5699=DIRECTION('center_axis',(0.,0.,-1.));
#5700=DIRECTION('ref_axis',(0.323795891873999,-0.94612695786851,0.));
#5701=DIRECTION('center_axis',(0.,0.,-1.));
#5702=DIRECTION('ref_axis',(-0.616463893248928,0.787383177570092,0.));
#5703=DIRECTION('center_axis',(0.,0.,-1.));
#5704=DIRECTION('ref_axis',(-0.616463893248928,0.787383177570092,0.));
#5705=DIRECTION('center_axis',(0.,0.,1.));
#5706=DIRECTION('ref_axis',(-0.616463893248928,0.787383177570092,0.));
#5707=DIRECTION('',(0.,0.,-1.));
#5708=DIRECTION('center_axis',(0.,0.,-1.));
#5709=DIRECTION('ref_axis',(3.04170691678124E-15,1.,0.));
#5710=DIRECTION('center_axis',(0.,0.,-1.));
#5711=DIRECTION('ref_axis',(3.04170691678124E-15,1.,0.));
#5712=DIRECTION('center_axis',(0.,0.,1.));
#5713=DIRECTION('ref_axis',(3.04170691678124E-15,1.,0.));
#5714=DIRECTION('',(0.,0.,-1.));
#5715=DIRECTION('center_axis',(2.93882565341954E-15,1.,0.));
#5716=DIRECTION('ref_axis',(0.,0.,1.));
#5717=DIRECTION('',(-1.,2.93882565341954E-15,0.));
#5718=DIRECTION('',(1.,-2.93882565341954E-15,0.));
#5719=DIRECTION('',(0.,0.,-1.));
#5720=DIRECTION('center_axis',(0.,0.,-1.));
#5721=DIRECTION('ref_axis',(0.,1.,0.));
#5722=DIRECTION('center_axis',(0.,0.,1.));
#5723=DIRECTION('ref_axis',(0.,1.,0.));
#5724=DIRECTION('center_axis',(0.,0.,-1.));
#5725=DIRECTION('ref_axis',(0.,1.,0.));
#5726=DIRECTION('',(0.,0.,-1.));
#5727=DIRECTION('center_axis',(-1.,0.,0.));
#5728=DIRECTION('ref_axis',(0.,0.,1.));
#5729=DIRECTION('',(0.,-1.,0.));
#5730=DIRECTION('',(0.,1.,0.));
#5731=DIRECTION('',(0.,0.,-1.));
#5732=DIRECTION('center_axis',(0.,0.,-1.));
#5733=DIRECTION('ref_axis',(-1.,2.22044604925032E-15,0.));
#5734=DIRECTION('center_axis',(0.,0.,1.));
#5735=DIRECTION('ref_axis',(-1.,2.22044604925032E-15,0.));
#5736=DIRECTION('center_axis',(0.,0.,-1.));
#5737=DIRECTION('ref_axis',(-1.,2.22044604925032E-15,0.));
#5738=DIRECTION('',(0.,0.,-1.));
#5739=DIRECTION('center_axis',(-3.70074341541718E-16,-1.,0.));
#5740=DIRECTION('ref_axis',(0.,0.,-1.));
#5741=DIRECTION('',(1.,-3.70074341541718E-16,0.));
#5742=DIRECTION('',(-1.,3.70074341541718E-16,0.));
#5743=DIRECTION('',(0.,0.,-1.));
#5744=DIRECTION('center_axis',(0.,0.,-1.));
#5745=DIRECTION('ref_axis',(-1.,2.22044604925032E-15,0.));
#5746=DIRECTION('center_axis',(0.,0.,-1.));
#5747=DIRECTION('ref_axis',(-1.,2.22044604925032E-15,0.));
#5748=DIRECTION('center_axis',(0.,0.,1.));
#5749=DIRECTION('ref_axis',(-1.,2.22044604925032E-15,0.));
#5750=DIRECTION('',(0.,0.,-1.));
#5751=DIRECTION('center_axis',(-1.,0.,0.));
#5752=DIRECTION('ref_axis',(0.,0.,1.));
#5753=DIRECTION('',(0.,-1.,0.));
#5754=DIRECTION('',(0.,1.,0.));
#5755=DIRECTION('',(0.,0.,-1.));
#5756=DIRECTION('center_axis',(0.,0.,-1.));
#5757=DIRECTION('ref_axis',(0.,1.,0.));
#5758=DIRECTION('center_axis',(0.,0.,-1.));
#5759=DIRECTION('ref_axis',(0.,1.,0.));
#5760=DIRECTION('center_axis',(0.,0.,1.));
#5761=DIRECTION('ref_axis',(0.,1.,0.));
#5762=DIRECTION('',(0.,0.,-1.));
#5763=DIRECTION('center_axis',(0.,1.,0.));
#5764=DIRECTION('ref_axis',(0.,0.,1.));
#5765=DIRECTION('',(-1.,0.,0.));
#5766=DIRECTION('',(1.,0.,0.));
#5767=DIRECTION('',(0.,0.,-1.));
#5768=DIRECTION('center_axis',(0.,0.,-1.));
#5769=DIRECTION('ref_axis',(0.,1.,0.));
#5770=DIRECTION('center_axis',(0.,0.,1.));
#5771=DIRECTION('ref_axis',(0.,1.,0.));
#5772=DIRECTION('center_axis',(0.,0.,-1.));
#5773=DIRECTION('ref_axis',(0.,1.,0.));
#5774=DIRECTION('',(0.,0.,-1.));
#5775=DIRECTION('center_axis',(-1.,0.,0.));
#5776=DIRECTION('ref_axis',(0.,0.,1.));
#5777=DIRECTION('',(0.,-1.,0.));
#5778=DIRECTION('',(0.,1.,0.));
#5779=DIRECTION('',(0.,0.,-1.));
#5780=DIRECTION('center_axis',(0.,0.,-1.));
#5781=DIRECTION('ref_axis',(-1.,4.44089209850064E-15,0.));
#5782=DIRECTION('center_axis',(0.,0.,1.));
#5783=DIRECTION('ref_axis',(-1.,4.44089209850064E-15,0.));
#5784=DIRECTION('center_axis',(0.,0.,-1.));
#5785=DIRECTION('ref_axis',(-1.,4.44089209850064E-15,0.));
#5786=DIRECTION('',(0.,0.,-1.));
#5787=DIRECTION('center_axis',(0.,-1.,0.));
#5788=DIRECTION('ref_axis',(0.,0.,-1.));
#5789=DIRECTION('',(1.,0.,0.));
#5790=DIRECTION('',(-1.,0.,0.));
#5791=DIRECTION('',(0.,0.,-1.));
#5792=DIRECTION('center_axis',(0.,0.,-1.));
#5793=DIRECTION('ref_axis',(-1.,4.44089209850064E-15,0.));
#5794=DIRECTION('center_axis',(0.,0.,-1.));
#5795=DIRECTION('ref_axis',(-1.,4.44089209850064E-15,0.));
#5796=DIRECTION('center_axis',(0.,0.,1.));
#5797=DIRECTION('ref_axis',(-1.,4.44089209850064E-15,0.));
#5798=DIRECTION('',(0.,0.,-1.));
#5799=DIRECTION('center_axis',(-1.,0.,0.));
#5800=DIRECTION('ref_axis',(0.,0.,1.));
#5801=DIRECTION('',(0.,-1.,0.));
#5802=DIRECTION('',(0.,1.,0.));
#5803=DIRECTION('',(0.,0.,-1.));
#5804=DIRECTION('center_axis',(0.,0.,-1.));
#5805=DIRECTION('ref_axis',(-1.,8.88178419700136E-15,0.));
#5806=DIRECTION('center_axis',(0.,0.,1.));
#5807=DIRECTION('ref_axis',(-1.,8.88178419700136E-15,0.));
#5808=DIRECTION('center_axis',(0.,0.,-1.));
#5809=DIRECTION('ref_axis',(-1.,8.88178419700136E-15,0.));
#5810=DIRECTION('',(0.,0.,-1.));
#5811=DIRECTION('center_axis',(1.2509555207044E-16,-1.,0.));
#5812=DIRECTION('ref_axis',(0.,0.,-1.));
#5813=DIRECTION('',(1.,1.2509555207044E-16,0.));
#5814=DIRECTION('',(-1.,-1.2509555207044E-16,0.));
#5815=DIRECTION('center_axis',(0.,0.,-1.));
#5816=DIRECTION('ref_axis',(0.,-1.,0.));
#5817=DIRECTION('center_axis',(0.,0.,-1.));
#5818=DIRECTION('ref_axis',(0.,-1.,0.));
#5819=DIRECTION('center_axis',(0.,0.,1.));
#5820=DIRECTION('ref_axis',(0.,-1.,0.));
#5821=DIRECTION('',(0.,0.,-1.));
#5822=DIRECTION('center_axis',(0.,-1.,0.));
#5823=DIRECTION('ref_axis',(0.,0.,-1.));
#5824=DIRECTION('',(1.,0.,0.));
#5825=DIRECTION('',(-1.,0.,0.));
#5826=DIRECTION('',(0.,0.,-1.));
#5827=DIRECTION('center_axis',(0.,0.,-1.));
#5828=DIRECTION('ref_axis',(0.,-1.,0.));
#5829=DIRECTION('center_axis',(0.,0.,1.));
#5830=DIRECTION('ref_axis',(0.,-1.,0.));
#5831=DIRECTION('center_axis',(0.,0.,-1.));
#5832=DIRECTION('ref_axis',(0.,-1.,0.));
#5833=DIRECTION('',(0.,0.,-1.));
#5834=DIRECTION('center_axis',(1.,0.,0.));
#5835=DIRECTION('ref_axis',(0.,0.,-1.));
#5836=DIRECTION('',(0.,1.,0.));
#5837=DIRECTION('',(0.,-1.,0.));
#5838=DIRECTION('',(0.,0.,-1.));
#5839=DIRECTION('center_axis',(0.,0.,-1.));
#5840=DIRECTION('ref_axis',(1.,-4.44089209850064E-15,0.));
#5841=DIRECTION('center_axis',(0.,0.,1.));
#5842=DIRECTION('ref_axis',(1.,-4.44089209850064E-15,0.));
#5843=DIRECTION('center_axis',(0.,0.,-1.));
#5844=DIRECTION('ref_axis',(1.,-4.44089209850064E-15,0.));
#5845=DIRECTION('',(0.,0.,-1.));
#5846=DIRECTION('center_axis',(0.,1.,0.));
#5847=DIRECTION('ref_axis',(0.,0.,1.));
#5848=DIRECTION('',(-1.,0.,0.));
#5849=DIRECTION('',(1.,0.,0.));
#5850=DIRECTION('',(0.,0.,-1.));
#5851=DIRECTION('center_axis',(0.,0.,-1.));
#5852=DIRECTION('ref_axis',(1.,-4.44089209850064E-15,0.));
#5853=DIRECTION('center_axis',(0.,0.,-1.));
#5854=DIRECTION('ref_axis',(1.,-4.44089209850064E-15,0.));
#5855=DIRECTION('center_axis',(0.,0.,1.));
#5856=DIRECTION('ref_axis',(1.,-4.44089209850064E-15,0.));
#5857=DIRECTION('',(0.,0.,-1.));
#5858=DIRECTION('center_axis',(1.,0.,0.));
#5859=DIRECTION('ref_axis',(0.,0.,-1.));
#5860=DIRECTION('',(0.,1.,0.));
#5861=DIRECTION('',(0.,-1.,0.));
#5862=DIRECTION('',(0.,0.,-1.));
#5863=DIRECTION('center_axis',(0.,0.,-1.));
#5864=DIRECTION('ref_axis',(0.,-1.,0.));
#5865=DIRECTION('center_axis',(0.,0.,-1.));
#5866=DIRECTION('ref_axis',(0.,-1.,0.));
#5867=DIRECTION('center_axis',(0.,0.,1.));
#5868=DIRECTION('ref_axis',(0.,-1.,0.));
#5869=DIRECTION('',(0.,0.,-1.));
#5870=DIRECTION('center_axis',(7.40148683083436E-16,-1.,0.));
#5871=DIRECTION('ref_axis',(0.,0.,-1.));
#5872=DIRECTION('',(1.,7.40148683083436E-16,0.));
#5873=DIRECTION('',(-1.,-7.40148683083436E-16,0.));
#5874=DIRECTION('',(0.,0.,-1.));
#5875=DIRECTION('center_axis',(0.,0.,-1.));
#5876=DIRECTION('ref_axis',(0.,-1.,0.));
#5877=DIRECTION('center_axis',(0.,0.,1.));
#5878=DIRECTION('ref_axis',(0.,-1.,0.));
#5879=DIRECTION('center_axis',(0.,0.,-1.));
#5880=DIRECTION('ref_axis',(0.,-1.,0.));
#5881=DIRECTION('',(0.,0.,-1.));
#5882=DIRECTION('center_axis',(1.,0.,0.));
#5883=DIRECTION('ref_axis',(0.,0.,-1.));
#5884=DIRECTION('',(0.,1.,0.));
#5885=DIRECTION('',(0.,-1.,0.));
#5886=DIRECTION('',(0.,0.,-1.));
#5887=DIRECTION('center_axis',(0.,0.,-1.));
#5888=DIRECTION('ref_axis',(1.,-8.88178419700128E-15,0.));
#5889=DIRECTION('center_axis',(0.,0.,1.));
#5890=DIRECTION('ref_axis',(1.,-8.88178419700128E-15,0.));
#5891=DIRECTION('center_axis',(0.,0.,-1.));
#5892=DIRECTION('ref_axis',(1.,-8.88178419700128E-15,0.));
#5893=DIRECTION('',(0.,0.,-1.));
#5894=DIRECTION('center_axis',(4.93069637407053E-14,1.,0.));
#5895=DIRECTION('ref_axis',(0.,0.,1.));
#5896=DIRECTION('',(-1.,4.93069637407053E-14,0.));
#5897=DIRECTION('',(1.,-4.93069637407053E-14,0.));
#5898=DIRECTION('',(0.,0.,-1.));
#5899=DIRECTION('center_axis',(0.,0.,-1.));
#5900=DIRECTION('ref_axis',(0.618845422596565,0.785512789794844,0.));
#5901=DIRECTION('center_axis',(0.,0.,-1.));
#5902=DIRECTION('ref_axis',(0.618845422596565,0.785512789794844,0.));
#5903=DIRECTION('center_axis',(0.,0.,1.));
#5904=DIRECTION('ref_axis',(0.618845422596565,0.785512789794844,0.));
#5905=DIRECTION('',(0.,0.,-1.));
#5906=DIRECTION('center_axis',(0.,0.,-1.));
#5907=DIRECTION('ref_axis',(0.171549825091933,-0.985175445040592,0.));
#5908=DIRECTION('center_axis',(0.,0.,-1.));
#5909=DIRECTION('ref_axis',(0.171549825091933,-0.985175445040592,0.));
#5910=DIRECTION('center_axis',(0.,0.,1.));
#5911=DIRECTION('ref_axis',(0.171549825091933,-0.985175445040592,0.));
#5912=DIRECTION('',(0.,0.,-1.));
#5913=DIRECTION('center_axis',(0.,0.,-1.));
#5914=DIRECTION('ref_axis',(-0.988997202845613,-0.147934217690003,0.));
#5915=DIRECTION('center_axis',(0.,0.,-1.));
#5916=DIRECTION('ref_axis',(-0.988997202845613,-0.147934217690003,0.));
#5917=DIRECTION('center_axis',(0.,0.,1.));
#5918=DIRECTION('ref_axis',(-0.988997202845613,-0.147934217690003,0.));
#5919=DIRECTION('center_axis',(0.,-1.,0.));
#5920=DIRECTION('ref_axis',(0.,0.,-1.));
#5921=DIRECTION('',(1.,0.,0.));
#5922=DIRECTION('',(0.,0.,1.));
#5923=DIRECTION('',(-1.,0.,0.));
#5924=DIRECTION('center_axis',(0.,-1.,0.));
#5925=DIRECTION('ref_axis',(0.,0.,-1.));
#5926=DIRECTION('',(-1.,0.,0.));
#5927=DIRECTION('',(0.,0.,1.));
#5928=DIRECTION('',(1.,0.,0.));
#5929=DIRECTION('center_axis',(-1.,0.,0.));
#5930=DIRECTION('ref_axis',(0.,0.,1.));
#5931=DIRECTION('',(0.,-1.,0.));
#5932=DIRECTION('',(0.,0.,1.));
#5933=DIRECTION('',(0.,1.,0.));
#5934=DIRECTION('center_axis',(-1.,0.,0.));
#5935=DIRECTION('ref_axis',(0.,0.,1.));
#5936=DIRECTION('',(0.,1.,0.));
#5937=DIRECTION('',(0.,0.,1.));
#5938=DIRECTION('',(0.,-1.,0.));
#5939=DIRECTION('center_axis',(-1.,0.,0.));
#5940=DIRECTION('ref_axis',(0.,0.,1.));
#5941=DIRECTION('',(0.,-1.,0.));
#5942=DIRECTION('',(0.,1.,0.));
#5943=DIRECTION('center_axis',(-1.,0.,0.));
#5944=DIRECTION('ref_axis',(0.,0.,1.));
#5945=DIRECTION('',(0.,1.,0.));
#5946=DIRECTION('',(0.,-1.,0.));
#5947=DIRECTION('center_axis',(1.,2.96059473233375E-16,0.));
#5948=DIRECTION('ref_axis',(0.,0.,-1.));
#5949=DIRECTION('',(-2.96059473233375E-16,1.,0.));
#5950=DIRECTION('',(2.96059473233375E-16,-1.,0.));
#5951=DIRECTION('center_axis',(1.,2.96059473233375E-16,0.));
#5952=DIRECTION('ref_axis',(0.,0.,-1.));
#5953=DIRECTION('',(-2.96059473233375E-16,1.,0.));
#5954=DIRECTION('',(2.96059473233375E-16,-1.,0.));
#5955=DIRECTION('center_axis',(1.,2.96059473233375E-16,0.));
#5956=DIRECTION('ref_axis',(0.,0.,-1.));
#5957=DIRECTION('',(2.96059473233375E-16,-1.,0.));
#5958=DIRECTION('',(0.,0.,1.));
#5959=DIRECTION('',(-2.96059473233375E-16,1.,0.));
#5960=DIRECTION('center_axis',(1.,2.96059473233375E-16,0.));
#5961=DIRECTION('ref_axis',(0.,0.,-1.));
#5962=DIRECTION('',(-2.96059473233375E-16,1.,0.));
#5963=DIRECTION('',(0.,0.,1.));
#5964=DIRECTION('',(2.96059473233375E-16,-1.,0.));
#5965=DIRECTION('center_axis',(1.,2.96059473233375E-16,0.));
#5966=DIRECTION('ref_axis',(0.,0.,-1.));
#5967=DIRECTION('',(2.96059473233375E-16,-1.,0.));
#5968=DIRECTION('',(-2.96059473233375E-16,1.,0.));
#5969=DIRECTION('center_axis',(0.,1.,0.));
#5970=DIRECTION('ref_axis',(0.,0.,1.));
#5971=DIRECTION('',(1.,0.,0.));
#5972=DIRECTION('',(0.,0.,1.));
#5973=DIRECTION('',(-1.,0.,0.));
#5974=DIRECTION('center_axis',(0.,0.,1.));
#5975=DIRECTION('ref_axis',(1.,0.,0.));
#5976=DIRECTION('center_axis',(0.,0.,-1.));
#5977=DIRECTION('ref_axis',(0.,-1.,0.));
#5978=DIRECTION('center_axis',(0.,0.,-1.));
#5979=DIRECTION('ref_axis',(1.,0.,0.));
#5980=DIRECTION('',(1.,0.,0.));
#5981=DIRECTION('center_axis',(0.,0.,-1.));
#5982=DIRECTION('ref_axis',(0.,1.,0.));
#5983=DIRECTION('',(0.,1.,0.));
#5984=DIRECTION('center_axis',(0.,0.,-1.));
#5985=DIRECTION('ref_axis',(-1.,-2.77555756156289E-16,0.));
#5986=DIRECTION('center_axis',(0.,0.,1.));
#5987=DIRECTION('ref_axis',(1.,0.,0.));
#5988=DIRECTION('center_axis',(0.,0.,1.));
#5989=DIRECTION('ref_axis',(-1.,-2.77555756156289E-16,0.));
#5990=DIRECTION('',(0.,-1.,0.));
#5991=DIRECTION('center_axis',(0.,0.,1.));
#5992=DIRECTION('ref_axis',(0.,1.,0.));
#5993=DIRECTION('',(-1.,0.,0.));
#5994=DIRECTION('center_axis',(0.,0.,1.));
#5995=DIRECTION('ref_axis',(1.,0.,0.));
#5996=DIRECTION('center_axis',(0.,0.,1.));
#5997=DIRECTION('ref_axis',(0.,-1.,0.));
#5998=DIRECTION('center_axis',(0.,1.,0.));
#5999=DIRECTION('ref_axis',(0.,0.,1.));
#6000=DIRECTION('',(0.,0.,-1.));
#6001=DIRECTION('center_axis',(0.,0.,1.));
#6002=DIRECTION('ref_axis',(1.,0.,0.));
#6003=DIRECTION('center_axis',(0.,0.,1.));
#6004=DIRECTION('ref_axis',(0.,-1.,0.));
#6005=DIRECTION('center_axis',(0.,0.,1.));
#6006=DIRECTION('ref_axis',(-1.,-2.77555756156289E-16,0.));
#6007=DIRECTION('center_axis',(-1.,0.,0.));
#6008=DIRECTION('ref_axis',(0.,0.,1.));
#6009=DIRECTION('center_axis',(0.,0.,1.));
#6010=DIRECTION('ref_axis',(0.,1.,0.));
#6011=DIRECTION('axis',(0.,0.,1.));
#6012=DIRECTION('refdir',(1.,0.,0.));
#6013=DIRECTION('center_axis',(1.,-9.33601799244666E-26,-8.18541030981998E-28));
#6014=DIRECTION('ref_axis',(-8.18541030981998E-28,0.,-1.));
#6015=DIRECTION('',(0.,-1.,0.));
#6016=DIRECTION('',(0.,0.,1.));
#6017=DIRECTION('',(8.10943441881333E-28,0.0174524064372826,-0.999847695156391));
#6018=DIRECTION('center_axis',(0.,1.,0.));
#6019=DIRECTION('ref_axis',(0.,0.,1.));
#6020=DIRECTION('',(0.,0.,-1.));
#6021=DIRECTION('',(-1.,0.,0.));
#6022=DIRECTION('',(1.,0.,0.));
#6023=DIRECTION('center_axis',(1.,5.38359727806141E-26,4.66398447581163E-28));
#6024=DIRECTION('ref_axis',(4.66398447581163E-28,0.,-1.));
#6025=DIRECTION('',(4.73239865075215E-28,-0.0174524064372826,0.999847695156391));
#6026=DIRECTION('',(0.,1.,0.));
#6027=DIRECTION('center_axis',(0.,0.999847695156391,0.0174524064372826));
#6028=DIRECTION('ref_axis',(0.,-0.0174524064372826,0.999847695156391));
#6029=DIRECTION('',(-1.,0.,0.));
#6030=DIRECTION('',(3.20595505212552E-18,-0.0174524064372826,0.999847695156391));
#6031=DIRECTION('',(-1.,0.,0.));
#6032=DIRECTION('center_axis',(0.,0.999847695156391,0.0174524064372826));
#6033=DIRECTION('ref_axis',(0.,-0.0174524064372826,0.999847695156391));
#6034=DIRECTION('',(-1.,0.,0.));
#6035=DIRECTION('',(2.13730336808368E-18,-0.0174524064372826,0.999847695156391));
#6036=DIRECTION('',(-1.,0.,0.));
#6037=DIRECTION('center_axis',(0.999847695156391,2.03090537857697E-16,0.0174524064372842));
#6038=DIRECTION('ref_axis',(2.03121474242065E-16,-1.,0.));
#6039=DIRECTION('',(2.03121474242065E-16,-1.,0.));
#6040=DIRECTION('',(-2.03121474242065E-16,1.,0.));
#6041=DIRECTION('center_axis',(0.999847695156391,1.61467518815193E-16,0.0174524064372821));
#6042=DIRECTION('ref_axis',(1.61492114846489E-16,-1.,0.));
#6043=DIRECTION('',(-1.61492114846489E-16,1.,0.));
#6044=DIRECTION('',(1.61492114846489E-16,-1.,0.));
#6045=DIRECTION('center_axis',(-0.999847695156391,1.92328143046091E-16,
0.0174524064372831));
#6046=DIRECTION('ref_axis',(1.92357440015909E-16,1.,0.));
#6047=DIRECTION('',(-1.92357440015909E-16,-1.,0.));
#6048=DIRECTION('',(-1.92357440015909E-16,-1.,0.));
#6049=DIRECTION('center_axis',(-0.999847695156391,1.92328143046091E-16,
0.0174524064372831));
#6050=DIRECTION('ref_axis',(1.92357440015909E-16,1.,0.));
#6051=DIRECTION('',(-1.92357440015909E-16,-1.,0.));
#6052=DIRECTION('',(-1.92357440015909E-16,-1.,0.));
#6053=DIRECTION('center_axis',(0.,0.,-1.));
#6054=DIRECTION('ref_axis',(-1.,0.,0.));
#6055=DIRECTION('center_axis',(-1.,1.17475264761255E-14,0.));
#6056=DIRECTION('ref_axis',(-1.11022302462514E-14,-0.945069608382191,0.326869140960616));
#6057=DIRECTION('center_axis',(0.,0.,-1.));
#6058=DIRECTION('ref_axis',(-0.707106781186548,-0.707106781186547,0.));
#6059=DIRECTION('center_axis',(-5.87376323806275E-15,-1.,0.));
#6060=DIRECTION('ref_axis',(0.,0.,1.));
#6061=DIRECTION('center_axis',(0.,0.,1.));
#6062=DIRECTION('ref_axis',(-0.707106781186548,-0.707106781186547,0.));
#6063=DIRECTION('center_axis',(-1.,0.,0.));
#6064=DIRECTION('ref_axis',(0.,-0.580142594126392,0.814514929562559));
#6065=DIRECTION('center_axis',(-1.,0.,0.));
#6066=DIRECTION('ref_axis',(0.,-0.94506960838219,0.32686914096062));
#6067=DIRECTION('',(-1.,0.,0.));
#6068=DIRECTION('',(1.,0.,0.));
#6069=DIRECTION('center_axis',(0.,1.,0.));
#6070=DIRECTION('ref_axis',(-0.580142594126383,0.,0.814514929562565));
#6071=DIRECTION('center_axis',(0.,-1.,0.));
#6072=DIRECTION('ref_axis',(0.,0.,1.));
#6073=DIRECTION('',(0.,-1.,0.));
#6074=DIRECTION('',(0.,1.,0.));
#6075=DIRECTION('center_axis',(0.,0.,-1.));
#6076=DIRECTION('ref_axis',(-1.,0.,0.));
#6077=DIRECTION('center_axis',(-1.76212897141891E-14,-1.,0.));
#6078=DIRECTION('ref_axis',(0.945069608382187,-1.66533453693777E-14,0.32686914096063));
#6079=DIRECTION('center_axis',(0.,0.,-1.));
#6080=DIRECTION('ref_axis',(0.707106781186547,-0.707106781186549,0.));
#6081=DIRECTION('center_axis',(0.,0.,1.));
#6082=DIRECTION('ref_axis',(0.707106781186546,-0.707106781186549,0.));
#6083=DIRECTION('center_axis',(0.,0.,-1.));
#6084=DIRECTION('ref_axis',(-1.,0.,0.));
#6085=DIRECTION('center_axis',(-1.,1.17475264761258E-14,0.));
#6086=DIRECTION('ref_axis',(0.,0.,1.));
#6087=DIRECTION('center_axis',(0.,0.,1.));
#6088=DIRECTION('ref_axis',(-0.707106781186547,0.707106781186548,0.));
#6089=DIRECTION('center_axis',(0.,0.,-1.));
#6090=DIRECTION('ref_axis',(-0.707106781186548,0.707106781186548,0.));
#6091=DIRECTION('center_axis',(0.,-1.,0.));
#6092=DIRECTION('ref_axis',(0.580142594126383,0.,0.814514929562565));
#6093=DIRECTION('center_axis',(0.,-1.,0.));
#6094=DIRECTION('ref_axis',(0.945069608382189,0.,0.326869140960623));
#6095=DIRECTION('',(0.,-1.,0.));
#6096=DIRECTION('',(0.,1.,0.));
#6097=DIRECTION('center_axis',(1.,0.,0.));
#6098=DIRECTION('ref_axis',(0.,0.580142594126392,0.814514929562559));
#6099=DIRECTION('center_axis',(-1.,0.,0.));
#6100=DIRECTION('ref_axis',(0.,0.,1.));
#6101=DIRECTION('',(-1.,0.,0.));
#6102=DIRECTION('',(1.,0.,0.));
#6103=DIRECTION('center_axis',(0.,0.,-1.));
#6104=DIRECTION('ref_axis',(-1.,0.,0.));
#6105=DIRECTION('center_axis',(0.,0.,1.));
#6106=DIRECTION('ref_axis',(0.707106781186548,0.707106781186547,0.));
#6107=DIRECTION('center_axis',(0.,0.,-1.));
#6108=DIRECTION('ref_axis',(0.707106781186548,0.707106781186547,0.));
#6109=DIRECTION('center_axis',(0.,-1.,0.));
#6110=DIRECTION('ref_axis',(0.997414898037521,0.,-0.0718576451938176));
#6111=DIRECTION('center_axis',(-1.22464679914735E-16,1.,0.));
#6112=DIRECTION('ref_axis',(0.997414898037521,1.22148096230353E-16,-0.0718576451938176));
#6113=DIRECTION('',(0.,-1.,0.));
#6114=DIRECTION('center_axis',(-6.12323399573677E-17,1.,0.));
#6115=DIRECTION('ref_axis',(0.997414898037521,6.10740481151767E-17,-0.0718576451938176));
#6116=DIRECTION('center_axis',(1.,1.22464679914735E-16,0.));
#6117=DIRECTION('ref_axis',(1.22148096230353E-16,-0.997414898037521,-0.0718576451938176));
#6118=DIRECTION('center_axis',(0.,0.,-1.));
#6119=DIRECTION('ref_axis',(0.,1.,0.));
#6120=DIRECTION('center_axis',(-1.,0.,0.));
#6121=DIRECTION('ref_axis',(0.,-0.997414898037521,-0.0718576451938176));
#6122=DIRECTION('center_axis',(1.,1.83697019872103E-16,0.));
#6123=DIRECTION('ref_axis',(1.8322214434553E-16,-0.997414898037521,-0.0718576451938176));
#6124=DIRECTION('',(-1.,0.,0.));
#6125=DIRECTION('center_axis',(0.,1.,0.));
#6126=DIRECTION('ref_axis',(-0.997414898037521,0.,-0.0718576451938176));
#6127=DIRECTION('center_axis',(0.,0.,-1.));
#6128=DIRECTION('ref_axis',(1.,0.,0.));
#6129=DIRECTION('center_axis',(0.,0.,1.));
#6130=DIRECTION('ref_axis',(1.,0.,0.));
#6131=DIRECTION('center_axis',(0.,0.,-1.));
#6132=DIRECTION('ref_axis',(0.,-1.,0.));
#6133=DIRECTION('',(1.,0.,0.));
#6134=DIRECTION('center_axis',(0.,0.,-1.));
#6135=DIRECTION('ref_axis',(-1.,0.,0.));
#6136=DIRECTION('',(0.,-1.,0.));
#6137=DIRECTION('center_axis',(0.,0.,-1.));
#6138=DIRECTION('ref_axis',(0.,1.,0.));
#6139=DIRECTION('',(-1.,0.,0.));
#6140=DIRECTION('center_axis',(0.,0.,-1.));
#6141=DIRECTION('ref_axis',(1.,0.,0.));
#6142=DIRECTION('',(0.,1.,0.));
#6143=DIRECTION('center_axis',(0.,0.,-1.));
#6144=DIRECTION('ref_axis',(-1.,-2.34854870593783E-16,0.));
#6145=DIRECTION('center_axis',(0.,0.,1.));
#6146=DIRECTION('ref_axis',(0.1659794981576,0.98612920359928,0.));
#6147=DIRECTION('center_axis',(0.,0.,1.));
#6148=DIRECTION('ref_axis',(0.1659794981576,0.98612920359928,0.));
#6149=DIRECTION('center_axis',(0.,0.,-1.));
#6150=DIRECTION('ref_axis',(0.165979498157602,0.98612920359928,0.));
#6151=DIRECTION('center_axis',(0.,0.,-1.));
#6152=DIRECTION('ref_axis',(0.165979498157602,0.98612920359928,0.));
#6153=DIRECTION('center_axis',(0.,0.,1.));
#6154=DIRECTION('ref_axis',(0.165979498157602,0.98612920359928,0.));
#6155=DIRECTION('center_axis',(-1.,0.,0.));
#6156=DIRECTION('ref_axis',(0.,-0.638223954369107,-0.769850754412477));
#6157=DIRECTION('center_axis',(-1.,0.,0.));
#6158=DIRECTION('ref_axis',(0.,0.,-1.));
#6159=DIRECTION('',(-1.,0.,0.));
#6160=DIRECTION('center_axis',(1.,0.,0.));
#6161=DIRECTION('ref_axis',(0.,-0.98267438551034,-0.185340368138934));
#6162=DIRECTION('',(1.,0.,0.));
#6163=DIRECTION('center_axis',(0.,0.,-1.));
#6164=DIRECTION('ref_axis',(-1.,0.,0.));
#6165=DIRECTION('center_axis',(1.69469618979933E-14,-1.,0.));
#6166=DIRECTION('ref_axis',(0.,0.,-1.));
#6167=DIRECTION('center_axis',(0.,0.,-1.));
#6168=DIRECTION('ref_axis',(0.707106781186547,-0.707106781186548,0.));
#6169=DIRECTION('center_axis',(0.,0.,1.));
#6170=DIRECTION('ref_axis',(0.707106781186546,-0.707106781186549,0.));
#6171=DIRECTION('center_axis',(0.,0.,-1.));
#6172=DIRECTION('ref_axis',(-1.,0.,0.));
#6173=DIRECTION('center_axis',(0.,-1.,0.));
#6174=DIRECTION('ref_axis',(-0.982674385510342,0.,-0.185340368138923));
#6175=DIRECTION('center_axis',(0.,0.,1.));
#6176=DIRECTION('ref_axis',(-0.707106781186548,-0.707106781186547,0.));
#6177=DIRECTION('center_axis',(0.,0.,-1.));
#6178=DIRECTION('ref_axis',(-0.707106781186548,-0.707106781186547,0.));
#6179=DIRECTION('center_axis',(0.,-1.,0.));
#6180=DIRECTION('ref_axis',(0.638223954369107,0.,-0.769850754412477));
#6181=DIRECTION('center_axis',(0.,-1.,0.));
#6182=DIRECTION('ref_axis',(0.,0.,-1.));
#6183=DIRECTION('',(0.,-1.,0.));
#6184=DIRECTION('',(0.,1.,0.));
#6185=DIRECTION('center_axis',(0.,1.,0.));
#6186=DIRECTION('ref_axis',(-0.638223954369107,0.,-0.769850754412477));
#6187=DIRECTION('center_axis',(0.,-1.,0.));
#6188=DIRECTION('ref_axis',(-0.98267438551034,0.,-0.185340368138936));
#6189=DIRECTION('',(0.,-1.,0.));
#6190=DIRECTION('',(0.,1.,0.));
#6191=DIRECTION('center_axis',(0.,0.,-1.));
#6192=DIRECTION('ref_axis',(-1.,0.,0.));
#6193=DIRECTION('center_axis',(1.,1.12979745986617E-14,0.));
#6194=DIRECTION('ref_axis',(0.,0.,-1.));
#6195=DIRECTION('center_axis',(0.,0.,-1.));
#6196=DIRECTION('ref_axis',(0.707106781186548,0.707106781186547,0.));
#6197=DIRECTION('center_axis',(0.,0.,1.));
#6198=DIRECTION('ref_axis',(0.707106781186548,0.707106781186547,0.));
#6199=DIRECTION('center_axis',(0.,0.,-1.));
#6200=DIRECTION('ref_axis',(-1.,0.,0.));
#6201=DIRECTION('center_axis',(-1.,-1.12979745986617E-14,0.));
#6202=DIRECTION('ref_axis',(-1.11022302462513E-14,0.982674385510341,-0.185340368138927));
#6203=DIRECTION('center_axis',(0.,0.,1.));
#6204=DIRECTION('ref_axis',(-0.707106781186547,0.707106781186548,0.));
#6205=DIRECTION('center_axis',(0.,0.,-1.));
#6206=DIRECTION('ref_axis',(-0.707106781186547,0.707106781186548,0.));
#6207=DIRECTION('center_axis',(1.,0.,0.));
#6208=DIRECTION('ref_axis',(0.,0.638223954369107,-0.769850754412477));
#6209=DIRECTION('',(-1.,0.,0.));
#6210=DIRECTION('',(1.,0.,0.));
#6211=DIRECTION('center_axis',(0.,-1.,0.));
#6212=DIRECTION('ref_axis',(-0.981422765163252,0.,-0.191857645193818));
#6213=DIRECTION('center_axis',(0.,0.,-1.));
#6214=DIRECTION('ref_axis',(0.,-1.,0.));
#6215=DIRECTION('center_axis',(-1.,0.,0.));
#6216=DIRECTION('ref_axis',(0.,0.981422765163252,-0.191857645193818));
#6217=DIRECTION('center_axis',(0.,1.,0.));
#6218=DIRECTION('ref_axis',(-0.981422765163252,0.,-0.191857645193818));
#6219=DIRECTION('center_axis',(0.,1.,0.));
#6220=DIRECTION('ref_axis',(-0.981422765163252,0.,-0.191857645193818));
#6221=DIRECTION('',(0.,1.,0.));
#6222=DIRECTION('center_axis',(1.,1.83697019872103E-16,0.));
#6223=DIRECTION('ref_axis',(1.80284437195128E-16,-0.981422765163252,-0.191857645193818));
#6224=DIRECTION('center_axis',(-1.,0.,0.));
#6225=DIRECTION('ref_axis',(0.,-0.981422765163252,-0.191857645193818));
#6226=DIRECTION('center_axis',(1.,1.22464679914735E-16,0.));
#6227=DIRECTION('ref_axis',(1.20189624796752E-16,-0.981422765163252,-0.191857645193818));
#6228=DIRECTION('center_axis',(0.,0.,-1.));
#6229=DIRECTION('ref_axis',(-1.,0.,0.));
#6230=DIRECTION('',(0.,1.,0.));
#6231=DIRECTION('center_axis',(0.,0.,-1.));
#6232=DIRECTION('ref_axis',(1.,0.,0.));
#6233=DIRECTION('',(-1.,0.,0.));
#6234=DIRECTION('center_axis',(0.,0.,-1.));
#6235=DIRECTION('ref_axis',(0.,1.,0.));
#6236=DIRECTION('',(0.,-1.,0.));
#6237=DIRECTION('center_axis',(0.,0.,-1.));
#6238=DIRECTION('ref_axis',(-1.,0.,0.));
#6239=DIRECTION('',(1.,0.,0.));
#6240=DIRECTION('center_axis',(0.,0.,-1.));
#6241=DIRECTION('ref_axis',(0.,-1.,0.));
#6242=DIRECTION('center_axis',(0.,0.,1.));
#6243=DIRECTION('ref_axis',(1.,-1.92357440015909E-16,0.));
#6244=DIRECTION('center_axis',(0.,0.,-1.));
#6245=DIRECTION('ref_axis',(1.,-1.92357440015909E-16,0.));
#6246=DIRECTION('',(0.,0.,-1.));
#6247=DIRECTION('center_axis',(0.,0.,1.));
#6248=DIRECTION('ref_axis',(1.,-1.92357440015909E-16,0.));
#6249=DIRECTION('center_axis',(0.,0.,1.));
#6250=DIRECTION('ref_axis',(1.,-1.92357440015909E-16,0.));
#6251=DIRECTION('center_axis',(0.,0.,-1.));
#6252=DIRECTION('ref_axis',(1.,-1.92357440015909E-16,0.));
#6253=DIRECTION('',(0.,0.,-1.));
#6254=DIRECTION('center_axis',(0.,0.,1.));
#6255=DIRECTION('ref_axis',(1.,-1.92357440015909E-16,0.));
#6256=DIRECTION('center_axis',(0.,0.,1.));
#6257=DIRECTION('ref_axis',(0.,-1.,0.));
#6258=DIRECTION('center_axis',(0.,0.,-1.));
#6259=DIRECTION('ref_axis',(0.,-1.,0.));
#6260=DIRECTION('',(0.,0.0174524064372826,0.999847695156391));
#6261=DIRECTION('center_axis',(0.,0.,-1.));
#6262=DIRECTION('ref_axis',(0.,-1.,0.));
#6263=DIRECTION('center_axis',(0.,0.,1.));
#6264=DIRECTION('ref_axis',(-1.,0.,0.));
#6265=DIRECTION('center_axis',(0.,0.,-1.));
#6266=DIRECTION('ref_axis',(-1.,0.,0.));
#6267=DIRECTION('',(-1.06865168404184E-18,0.0174524064372826,0.999847695156391));
#6268=DIRECTION('center_axis',(0.,0.,-1.));
#6269=DIRECTION('ref_axis',(-1.,0.,0.));
#6270=DIRECTION('center_axis',(0.,0.,1.));
#6271=DIRECTION('ref_axis',(1.,0.,0.));
#6272=DIRECTION('',(0.0174524064372822,0.,-0.999847695156391));
#6273=DIRECTION('',(3.20595505212544E-18,-0.0174524064372822,0.999847695156391));
#6274=DIRECTION('center_axis',(0.,0.,-1.));
#6275=DIRECTION('ref_axis',(1.,0.,0.));
#6276=DIRECTION('center_axis',(0.,0.,-1.));
#6277=DIRECTION('ref_axis',(1.,0.,0.));
#6278=DIRECTION('',(-0.0174524064372831,0.,-0.999847695156391));
#6279=DIRECTION('center_axis',(0.,0.,-1.));
#6280=DIRECTION('ref_axis',(1.,0.,0.));
#6281=DIRECTION('',(-3.20595505212561E-18,0.0174524064372831,0.999847695156391));
#6282=DIRECTION('center_axis',(0.,0.,1.));
#6283=DIRECTION('ref_axis',(1.,0.,0.));
#6284=DIRECTION('center_axis',(0.,0.,-1.));
#6285=DIRECTION('ref_axis',(1.,0.,0.));
#6286=DIRECTION('center_axis',(0.,0.,-1.));
#6287=DIRECTION('ref_axis',(1.,0.,0.));
#6288=DIRECTION('center_axis',(0.,0.999847695156391,0.0174524064372822));
#6289=DIRECTION('ref_axis',(0.,-0.0174524064372822,0.999847695156391));
#6290=DIRECTION('',(2.13730336808363E-18,-0.0174524064372822,0.999847695156391));
#6291=DIRECTION('',(-1.,0.,0.));
#6292=DIRECTION('center_axis',(0.,0.999847695156391,-0.0174524064372831));
#6293=DIRECTION('ref_axis',(0.,0.0174524064372831,0.999847695156391));
#6294=DIRECTION('',(-1.,0.,0.));
#6295=DIRECTION('',(-2.13730336808374E-18,0.0174524064372831,0.999847695156391));
#6296=DIRECTION('center_axis',(0.,0.,1.));
#6297=DIRECTION('ref_axis',(0.,1.,0.));
#6298=DIRECTION('',(0.0174524064372822,2.13730336808363E-18,0.999847695156391));
#6299=DIRECTION('center_axis',(0.,0.,-1.));
#6300=DIRECTION('ref_axis',(0.,1.,0.));
#6301=DIRECTION('center_axis',(-1.22464679914735E-16,1.,0.));
#6302=DIRECTION('ref_axis',(0.981422765163252,1.20189624796752E-16,-0.191857645193818));
#6303=DIRECTION('center_axis',(0.,0.,-1.));
#6304=DIRECTION('ref_axis',(0.,1.,0.));
#6305=DIRECTION('center_axis',(0.,0.,-1.));
#6306=DIRECTION('ref_axis',(0.,1.,0.));
#6307=DIRECTION('',(-0.0174524064372831,-2.13730336808374E-18,0.999847695156391));
#6308=DIRECTION('center_axis',(0.,0.,1.));
#6309=DIRECTION('ref_axis',(0.,1.,0.));
#6310=DIRECTION('center_axis',(0.,0.,-1.));
#6311=DIRECTION('ref_axis',(0.,1.,0.));
#6312=DIRECTION('center_axis',(0.,0.,-1.));
#6313=DIRECTION('ref_axis',(0.,1.,0.));
#6314=DIRECTION('center_axis',(-0.999847695156391,0.,0.0174524064372822));
#6315=DIRECTION('ref_axis',(0.0174524064372822,0.,0.999847695156391));
#6316=DIRECTION('',(0.0174524064372822,1.06865168404181E-18,0.999847695156391));
#6317=DIRECTION('',(0.,-1.,0.));
#6318=DIRECTION('center_axis',(0.,-1.,0.));
#6319=DIRECTION('ref_axis',(0.981422765163252,0.,-0.191857645193818));
#6320=DIRECTION('center_axis',(-6.12323399573677E-17,1.,0.));
#6321=DIRECTION('ref_axis',(0.981422765163252,6.0094812398376E-17,-0.191857645193818));
#6322=DIRECTION('center_axis',(-0.999847695156391,0.,-0.0174524064372831));
#6323=DIRECTION('ref_axis',(-0.0174524064372831,0.,0.999847695156391));
#6324=DIRECTION('',(0.,-1.,0.));
#6325=DIRECTION('',(-0.0174524064372831,-1.06865168404187E-18,0.999847695156391));
#6326=DIRECTION('center_axis',(0.,0.,1.));
#6327=DIRECTION('ref_axis',(-1.,0.,0.));
#6328=DIRECTION('',(-1.06865168404181E-18,0.0174524064372822,0.999847695156391));
#6329=DIRECTION('center_axis',(0.,0.,-1.));
#6330=DIRECTION('ref_axis',(-1.,0.,0.));
#6331=DIRECTION('center_axis',(0.,0.,-1.));
#6332=DIRECTION('ref_axis',(-1.,0.,0.));
#6333=DIRECTION('center_axis',(-1.,-6.12323399573677E-17,0.));
#6334=DIRECTION('ref_axis',(-6.10740481151767E-17,0.997414898037521,-0.0718576451938176));
#6335=DIRECTION('center_axis',(-1.,-6.12323399573677E-17,0.));
#6336=DIRECTION('ref_axis',(-6.0094812398376E-17,0.981422765163252,-0.191857645193818));
#6337=DIRECTION('center_axis',(0.,0.,-1.));
#6338=DIRECTION('ref_axis',(-1.,0.,0.));
#6339=DIRECTION('center_axis',(0.,0.,-1.));
#6340=DIRECTION('ref_axis',(-1.,0.,0.));
#6341=DIRECTION('',(1.06865168404187E-18,-0.0174524064372831,0.999847695156391));
#6342=DIRECTION('center_axis',(0.,-0.999847695156391,0.0174524064372822));
#6343=DIRECTION('ref_axis',(0.,-0.0174524064372822,-0.999847695156391));
#6344=DIRECTION('',(0.,0.0174524064372822,0.999847695156391));
#6345=DIRECTION('',(1.,0.,0.));
#6346=DIRECTION('center_axis',(1.,0.,0.));
#6347=DIRECTION('ref_axis',(0.,0.997414898037521,-0.0718576451938176));
#6348=DIRECTION('',(1.,0.,0.));
#6349=DIRECTION('center_axis',(-1.,0.,0.));
#6350=DIRECTION('ref_axis',(0.,0.997414898037521,-0.0718576451938176));
#6351=DIRECTION('center_axis',(1.,0.,0.));
#6352=DIRECTION('ref_axis',(0.,0.981422765163252,-0.191857645193818));
#6353=DIRECTION('center_axis',(0.,-0.999847695156391,-0.0174524064372831));
#6354=DIRECTION('ref_axis',(0.,0.0174524064372831,-0.999847695156391));
#6355=DIRECTION('',(1.,0.,0.));
#6356=DIRECTION('',(0.,-0.0174524064372831,0.999847695156391));
#6357=DIRECTION('center_axis',(0.,-0.999847695156391,0.0174524064372826));
#6358=DIRECTION('ref_axis',(0.,-0.0174524064372826,-0.999847695156391));
#6359=DIRECTION('',(1.,0.,0.));
#6360=DIRECTION('',(1.,0.,0.));
#6361=DIRECTION('center_axis',(0.,0.,1.));
#6362=DIRECTION('ref_axis',(0.,-1.,0.));
#6363=DIRECTION('',(-0.0174524064372822,0.,0.999847695156391));
#6364=DIRECTION('center_axis',(0.,0.,-1.));
#6365=DIRECTION('ref_axis',(0.,-1.,0.));
#6366=DIRECTION('center_axis',(0.,-1.,0.));
#6367=DIRECTION('ref_axis',(-0.997414898037521,0.,-0.0718576451938176));
#6368=DIRECTION('center_axis',(0.,0.,-1.));
#6369=DIRECTION('ref_axis',(0.,-1.,0.));
#6370=DIRECTION('center_axis',(0.,0.,-1.));
#6371=DIRECTION('ref_axis',(0.,-1.,0.));
#6372=DIRECTION('',(0.0174524064372831,0.,0.999847695156391));
#6373=DIRECTION('center_axis',(0.,0.,-1.));
#6374=DIRECTION('ref_axis',(-1.,0.,0.));
#6375=DIRECTION('',(0.,1.,0.));
#6376=DIRECTION('center_axis',(0.,0.,1.));
#6377=DIRECTION('ref_axis',(1.,0.,0.));
#6378=DIRECTION('',(0.,1.,0.));
#6379=DIRECTION('center_axis',(0.999847695156391,0.,0.0174524064372822));
#6380=DIRECTION('ref_axis',(0.0174524064372822,0.,-0.999847695156391));
#6381=DIRECTION('center_axis',(0.,1.,0.));
#6382=DIRECTION('ref_axis',(-0.997414898037521,0.,-0.0718576451938176));
#6383=DIRECTION('center_axis',(0.999847695156391,0.,-0.0174524064372831));
#6384=DIRECTION('ref_axis',(-0.0174524064372831,0.,-0.999847695156391));
#6385=DIRECTION('axis',(0.,0.,1.));
#6386=DIRECTION('refdir',(1.,0.,0.));
#6387=DIRECTION('center_axis',(0.,0.,1.));
#6388=DIRECTION('ref_axis',(1.,0.,0.));
#6389=DIRECTION('center_axis',(0.,0.,-1.));
#6390=DIRECTION('ref_axis',(1.,0.,0.));
#6391=DIRECTION('',(0.656059028990507,8.03440589904946E-17,-0.754709580222772));
#6392=DIRECTION('center_axis',(0.,0.,1.));
#6393=DIRECTION('ref_axis',(1.,0.,0.));
#6394=DIRECTION('center_axis',(0.,0.,1.));
#6395=DIRECTION('ref_axis',(1.,0.,0.));
#6396=DIRECTION('',(0.,0.,-1.));
#6397=DIRECTION('center_axis',(0.,0.,1.));
#6398=DIRECTION('ref_axis',(1.,0.,0.));
#6399=DIRECTION('center_axis',(0.,0.,1.));
#6400=DIRECTION('ref_axis',(1.,0.,0.));
#6401=DIRECTION('center_axis',(0.,0.,-1.));
#6402=DIRECTION('ref_axis',(1.,0.,0.));
#6403=DIRECTION('',(0.656059028990507,8.03440589904946E-17,-0.754709580222772));
#6404=DIRECTION('center_axis',(0.,0.,1.));
#6405=DIRECTION('ref_axis',(1.,0.,0.));
#6406=DIRECTION('center_axis',(0.,0.,1.));
#6407=DIRECTION('ref_axis',(1.,0.,0.));
#6408=DIRECTION('',(0.,0.,-1.));
#6409=DIRECTION('center_axis',(0.,0.,1.));
#6410=DIRECTION('ref_axis',(1.,0.,0.));
#6411=DIRECTION('center_axis',(0.,1.,0.));
#6412=DIRECTION('ref_axis',(0.,0.,1.));
#6413=DIRECTION('',(1.,0.,0.));
#6414=DIRECTION('',(0.,0.,1.));
#6415=DIRECTION('',(1.,0.,0.));
#6416=DIRECTION('',(0.,0.,1.));
#6417=DIRECTION('center_axis',(0.,0.,1.));
#6418=DIRECTION('ref_axis',(-1.,-2.84672570416706E-16,0.));
#6419=DIRECTION('center_axis',(0.,0.,-1.));
#6420=DIRECTION('ref_axis',(-1.,-2.84672570416706E-16,0.));
#6421=DIRECTION('',(0.,0.,1.));
#6422=DIRECTION('center_axis',(0.,0.,-1.));
#6423=DIRECTION('ref_axis',(-1.,-2.84672570416706E-16,0.));
#6424=DIRECTION('center_axis',(1.,0.,0.));
#6425=DIRECTION('ref_axis',(0.,0.,-1.));
#6426=DIRECTION('',(0.,-1.,0.));
#6427=DIRECTION('',(0.,0.,1.));
#6428=DIRECTION('',(0.,-1.,0.));
#6429=DIRECTION('center_axis',(0.,0.,1.));
#6430=DIRECTION('ref_axis',(0.,1.,0.));
#6431=DIRECTION('center_axis',(0.,0.,-1.));
#6432=DIRECTION('ref_axis',(0.,1.,0.));
#6433=DIRECTION('',(0.,0.,1.));
#6434=DIRECTION('center_axis',(0.,0.,-1.));
#6435=DIRECTION('ref_axis',(0.,1.,0.));
#6436=DIRECTION('center_axis',(0.,-1.,0.));
#6437=DIRECTION('ref_axis',(0.,0.,-1.));
#6438=DIRECTION('',(-1.,0.,0.));
#6439=DIRECTION('',(0.,0.,1.));
#6440=DIRECTION('',(-1.,0.,0.));
#6441=DIRECTION('center_axis',(0.,0.,1.));
#6442=DIRECTION('ref_axis',(1.,2.84672570416706E-16,0.));
#6443=DIRECTION('center_axis',(0.,0.,-1.));
#6444=DIRECTION('ref_axis',(1.,2.84672570416706E-16,0.));
#6445=DIRECTION('',(0.,0.,1.));
#6446=DIRECTION('center_axis',(0.,0.,-1.));
#6447=DIRECTION('ref_axis',(1.,2.84672570416706E-16,0.));
#6448=DIRECTION('center_axis',(-1.,0.,0.));
#6449=DIRECTION('ref_axis',(0.,0.,1.));
#6450=DIRECTION('',(0.,1.,0.));
#6451=DIRECTION('',(0.,0.,1.));
#6452=DIRECTION('',(0.,1.,0.));
#6453=DIRECTION('center_axis',(0.,0.,1.));
#6454=DIRECTION('ref_axis',(0.,-1.,0.));
#6455=DIRECTION('center_axis',(0.,0.,-1.));
#6456=DIRECTION('ref_axis',(0.,-1.,0.));
#6457=DIRECTION('center_axis',(0.,0.,-1.));
#6458=DIRECTION('ref_axis',(0.,-1.,0.));
#6459=DIRECTION('center_axis',(0.,0.,1.));
#6460=DIRECTION('ref_axis',(1.,0.,0.));
#6461=DIRECTION('center_axis',(0.,0.,1.));
#6462=DIRECTION('ref_axis',(1.,0.,0.));
#6463=DIRECTION('axis',(0.,0.,1.));
#6464=DIRECTION('refdir',(1.,0.,0.));
#6465=DIRECTION('center_axis',(-1.,7.59001418212983E-17,0.));
#6466=DIRECTION('ref_axis',(0.,0.,1.));
#6467=DIRECTION('',(7.59001418212983E-17,1.,0.));
#6468=DIRECTION('',(-7.59001418212983E-17,-1.,0.));
#6469=DIRECTION('',(0.,0.,1.));
#6470=DIRECTION('center_axis',(0.,0.,-1.));
#6471=DIRECTION('ref_axis',(-1.,0.,0.));
#6472=DIRECTION('center_axis',(0.,0.,-1.));
#6473=DIRECTION('ref_axis',(-1.,0.,0.));
#6474=DIRECTION('',(-1.,0.,0.));
#6475=DIRECTION('',(1.51800283642597E-16,1.,0.));
#6476=DIRECTION('center_axis',(0.,0.,1.));
#6477=DIRECTION('ref_axis',(-1.,0.,0.));
#6478=DIRECTION('',(3.03600567285193E-16,-1.,0.));
#6479=DIRECTION('',(-1.,0.,0.));
#6480=DIRECTION('center_axis',(0.,0.,1.));
#6481=DIRECTION('ref_axis',(-1.,0.,0.));
#6482=DIRECTION('',(1.,-7.59001418212983E-17,0.));
#6483=DIRECTION('center_axis',(0.,0.,1.));
#6484=DIRECTION('ref_axis',(-1.,0.,0.));
#6485=DIRECTION('',(-2.27700425463895E-16,1.,0.));
#6486=DIRECTION('',(1.,-7.59001418212983E-17,0.));
#6487=DIRECTION('center_axis',(0.,0.,1.));
#6488=DIRECTION('ref_axis',(-1.,0.,0.));
#6489=DIRECTION('center_axis',(1.,2.27700425463895E-16,0.));
#6490=DIRECTION('ref_axis',(0.,0.,-1.));
#6491=DIRECTION('',(2.27700425463895E-16,-1.,0.));
#6492=DIRECTION('',(0.,0.,1.));
#6493=DIRECTION('center_axis',(0.,0.,-1.));
#6494=DIRECTION('ref_axis',(-1.,0.,0.));
#6495=DIRECTION('center_axis',(0.,0.,-1.));
#6496=DIRECTION('ref_axis',(-1.,0.,0.));
#6497=DIRECTION('center_axis',(0.,0.,1.));
#6498=DIRECTION('ref_axis',(1.,0.,0.));
#6499=DIRECTION('',(1.,0.,0.));
#6500=DIRECTION('center_axis',(0.,0.,-1.));
#6501=DIRECTION('ref_axis',(-1.,0.,0.));
#6502=DIRECTION('',(-1.,7.59001418212983E-17,0.));
#6503=DIRECTION('',(-1.,7.59001418212983E-17,0.));
#6504=DIRECTION('center_axis',(0.,0.,-1.));
#6505=DIRECTION('ref_axis',(-1.,0.,0.));
#6506=DIRECTION('',(1.,0.,0.));
#6507=DIRECTION('',(-3.03600567285193E-16,1.,0.));
#6508=DIRECTION('center_axis',(0.,0.,-1.));
#6509=DIRECTION('ref_axis',(-1.,0.,0.));
#6510=DIRECTION('',(-1.51800283642597E-16,-1.,0.));
#6511=DIRECTION('center_axis',(0.,1.,0.));
#6512=DIRECTION('ref_axis',(0.,0.,1.));
#6513=DIRECTION('',(0.,0.,1.));
#6514=DIRECTION('center_axis',(-7.59001418212983E-17,-1.,0.));
#6515=DIRECTION('ref_axis',(0.,0.,-1.));
#6516=DIRECTION('center_axis',(0.,0.,-1.));
#6517=DIRECTION('ref_axis',(-1.,0.,0.));
#6518=DIRECTION('center_axis',(1.,-1.51800283642597E-16,0.));
#6519=DIRECTION('ref_axis',(0.,0.,-1.));
#6520=DIRECTION('',(0.,0.,1.));
#6521=DIRECTION('center_axis',(-1.,-3.03600567285193E-16,0.));
#6522=DIRECTION('ref_axis',(0.,0.,1.));
#6523=DIRECTION('center_axis',(0.,0.,-1.));
#6524=DIRECTION('ref_axis',(-1.,0.,0.));
#6525=DIRECTION('center_axis',(-7.59001418212983E-17,-1.,0.));
#6526=DIRECTION('ref_axis',(0.,0.,-1.));
#6527=DIRECTION('center_axis',(0.,1.,0.));
#6528=DIRECTION('ref_axis',(0.,0.,1.));
#6529=DIRECTION('center_axis',(0.,0.,-1.));
#6530=DIRECTION('ref_axis',(1.,-1.01064309961486E-15,0.));
#6531=DIRECTION('center_axis',(0.,0.,-1.));
#6532=DIRECTION('ref_axis',(1.,0.,0.));
#6533=DIRECTION('center_axis',(0.,0.,1.));
#6534=DIRECTION('ref_axis',(1.,0.,0.));
#6535=DIRECTION('',(0.707106781186547,-8.65956056235493E-17,0.707106781186548));
#6536=DIRECTION('center_axis',(0.,0.,-1.));
#6537=DIRECTION('ref_axis',(1.,0.,0.));
#6538=DIRECTION('center_axis',(0.,0.,1.));
#6539=DIRECTION('ref_axis',(1.,0.,0.));
#6540=DIRECTION('',(0.,0.,-1.));
#6541=DIRECTION('center_axis',(0.,0.,-1.));
#6542=DIRECTION('ref_axis',(1.,0.,0.));
#6543=DIRECTION('center_axis',(0.,0.,-1.));
#6544=DIRECTION('ref_axis',(1.,0.,0.));
#6545=DIRECTION('center_axis',(0.,0.,1.));
#6546=DIRECTION('ref_axis',(1.,0.,0.));
#6547=DIRECTION('center_axis',(0.,0.,-1.));
#6548=DIRECTION('ref_axis',(-1.,0.,0.));
#6549=DIRECTION('',(0.656059028990507,8.03440589904946E-17,-0.754709580222772));
#6550=DIRECTION('',(0.,0.,1.));
#6551=DIRECTION('',(1.,0.,0.));
#6552=DIRECTION('',(0.,0.,1.));
#6553=DIRECTION('',(-1.,0.,0.));
#6554=DIRECTION('',(7.3634885663114E-18,7.49186748366635E-32,-1.));
#6555=DIRECTION('',(-1.,-6.93889390390724E-16,-7.3634885663114E-18));
#6556=DIRECTION('',(-2.4980018054066E-16,-9.85287982728387E-47,1.));
#6557=DIRECTION('',(1.,7.3725747729015E-17,2.4980018054066E-16));
#6558=DIRECTION('',(2.10512780733902E-17,1.42518815884657E-32,-1.));
#6559=DIRECTION('',(1.,5.55111512312578E-17,2.10512780733902E-17));
#6560=DIRECTION('',(0.,0.,1.));
#6561=DIRECTION('',(1.,0.,0.));
#6562=DIRECTION('',(-9.2470979611857E-19,4.81482486096809E-35,1.));
#6563=DIRECTION('',(0.956073460580645,0.29312717030898,8.84090494807904E-19));
#6564=DIRECTION('',(4.9960036108132E-16,0.,-1.));
#6565=DIRECTION('',(1.,0.,4.9960036108132E-16));
#6566=DIRECTION('',(4.9960036108132E-16,0.,-1.));
#6567=DIRECTION('',(1.,0.,4.9960036108132E-16));
#6568=CARTESIAN_POINT('',(0.,0.,0.));
#6569=CARTESIAN_POINT('',(0.,0.,0.));
#6570=CARTESIAN_POINT('Origin',(17.5,-9.75,40.));
#6571=CARTESIAN_POINT('',(17.5,-10.,40.));
#6572=CARTESIAN_POINT('',(17.75,-9.75,40.));
#6573=CARTESIAN_POINT('Origin',(17.5,-9.75,40.));
#6574=CARTESIAN_POINT('',(17.75,-9.75,-40.));
#6575=CARTESIAN_POINT('',(17.75,-9.75,40.));
#6576=CARTESIAN_POINT('',(17.5,-10.,-40.));
#6577=CARTESIAN_POINT('Origin',(17.5,-9.75,-40.));
#6578=CARTESIAN_POINT('',(17.5,-10.,40.));
#6579=CARTESIAN_POINT('Origin',(17.75,-10.,40.));
#6580=CARTESIAN_POINT('',(17.75,-8.225,40.));
#6581=CARTESIAN_POINT('',(17.75,-5.,40.));
#6582=CARTESIAN_POINT('',(17.75,-8.225,-40.));
#6583=CARTESIAN_POINT('',(17.75,-8.225,40.));
#6584=CARTESIAN_POINT('',(17.75,-5.,-40.));
#6585=CARTESIAN_POINT('Origin',(17.5,9.75,40.));
#6586=CARTESIAN_POINT('',(17.75,9.75,40.));
#6587=CARTESIAN_POINT('',(17.5,10.,40.));
#6588=CARTESIAN_POINT('Origin',(17.5,9.75,40.));
#6589=CARTESIAN_POINT('',(17.5,10.,-40.));
#6590=CARTESIAN_POINT('',(17.5,10.,40.));
#6591=CARTESIAN_POINT('',(17.75,9.75,-40.));
#6592=CARTESIAN_POINT('Origin',(17.5,9.75,-40.));
#6593=CARTESIAN_POINT('',(17.75,9.75,40.));
#6594=CARTESIAN_POINT('Origin',(0.,10.,40.));
#6595=CARTESIAN_POINT('',(-17.5,10.,40.));
#6596=CARTESIAN_POINT('',(-2.3883343215063E-15,10.,40.));
#6597=CARTESIAN_POINT('',(-17.5,10.,-40.));
#6598=CARTESIAN_POINT('',(-17.5,10.,40.));
#6599=CARTESIAN_POINT('',(-2.2997476938664E-15,10.,-40.));
#6600=CARTESIAN_POINT('Origin',(-16.25,-11.5,40.));
#6601=CARTESIAN_POINT('',(-16.25,-11.2,-40.));
#6602=CARTESIAN_POINT('',(-16.55,-11.5,-40.));
#6603=CARTESIAN_POINT('Origin',(-16.25,-11.5,-40.));
#6604=CARTESIAN_POINT('',(-16.25,-11.2,40.));
#6605=CARTESIAN_POINT('',(-16.25,-11.2,40.));
#6606=CARTESIAN_POINT('',(-16.55,-11.5,40.));
#6607=CARTESIAN_POINT('Origin',(-16.25,-11.5,40.));
#6608=CARTESIAN_POINT('',(-16.55,-11.5,40.));
#6609=CARTESIAN_POINT('Origin',(16.25,-11.5,40.));
#6610=CARTESIAN_POINT('',(16.55,-11.5,-40.));
#6611=CARTESIAN_POINT('',(16.25,-11.2,-40.));
#6612=CARTESIAN_POINT('Origin',(16.25,-11.5,-40.));
#6613=CARTESIAN_POINT('',(16.55,-11.5,40.));
#6614=CARTESIAN_POINT('',(16.55,-11.5,40.));
#6615=CARTESIAN_POINT('',(16.25,-11.2,40.));
#6616=CARTESIAN_POINT('Origin',(16.25,-11.5,40.));
#6617=CARTESIAN_POINT('',(16.25,-11.2,40.));
#6618=CARTESIAN_POINT('Origin',(16.25,-11.2,40.));
#6619=CARTESIAN_POINT('',(8.12499999999999,-11.2,-40.));
#6620=CARTESIAN_POINT('',(8.12499999999999,-11.2,40.));
#6621=CARTESIAN_POINT('Origin',(21.25,5.4,40.));
#6622=CARTESIAN_POINT('',(21.25,5.7,-40.));
#6623=CARTESIAN_POINT('',(21.25,5.1,-40.));
#6624=CARTESIAN_POINT('Origin',(21.25,5.4,-40.));
#6625=CARTESIAN_POINT('',(21.25,5.7,40.));
#6626=CARTESIAN_POINT('',(21.25,5.7,40.));
#6627=CARTESIAN_POINT('',(21.25,5.1,40.));
#6628=CARTESIAN_POINT('Origin',(21.25,5.4,40.));
#6629=CARTESIAN_POINT('',(21.25,5.1,40.));
#6630=CARTESIAN_POINT('Origin',(21.25,-5.4,40.));
#6631=CARTESIAN_POINT('',(21.25,-5.1,-40.));
#6632=CARTESIAN_POINT('',(21.25,-5.7,-40.));
#6633=CARTESIAN_POINT('Origin',(21.25,-5.4,-40.));
#6634=CARTESIAN_POINT('',(21.25,-5.1,40.));
#6635=CARTESIAN_POINT('',(21.25,-5.1,40.));
#6636=CARTESIAN_POINT('',(21.25,-5.7,40.));
#6637=CARTESIAN_POINT('Origin',(21.25,-5.4,40.));
#6638=CARTESIAN_POINT('',(21.25,-5.7,40.));
#6639=CARTESIAN_POINT('Origin',(-21.25,2.35,40.));
#6640=CARTESIAN_POINT('',(-21.25,2.05,-40.));
#6641=CARTESIAN_POINT('',(-21.25,2.65,-40.));
#6642=CARTESIAN_POINT('Origin',(-21.25,2.35,-40.));
#6643=CARTESIAN_POINT('',(-21.25,2.05,40.));
#6644=CARTESIAN_POINT('',(-21.25,2.05,40.));
#6645=CARTESIAN_POINT('',(-21.25,2.65,40.));
#6646=CARTESIAN_POINT('Origin',(-21.25,2.35,40.));
#6647=CARTESIAN_POINT('',(-21.25,2.65,40.));
#6648=CARTESIAN_POINT('Origin',(-21.25,-5.4,40.));
#6649=CARTESIAN_POINT('',(-21.25,-5.7,-40.));
#6650=CARTESIAN_POINT('',(-21.25,-5.1,-40.));
#6651=CARTESIAN_POINT('Origin',(-21.25,-5.4,-40.));
#6652=CARTESIAN_POINT('',(-21.25,-5.7,40.));
#6653=CARTESIAN_POINT('',(-21.25,-5.7,40.));
#6654=CARTESIAN_POINT('',(-21.25,-5.1,40.));
#6655=CARTESIAN_POINT('Origin',(-21.25,-5.4,40.));
#6656=CARTESIAN_POINT('',(-21.25,-5.1,40.));
#6657=CARTESIAN_POINT('Origin',(21.25,-2.35,40.));
#6658=CARTESIAN_POINT('',(21.25,-2.05,-40.));
#6659=CARTESIAN_POINT('',(21.25,-2.65,-40.));
#6660=CARTESIAN_POINT('Origin',(21.25,-2.35,-40.));
#6661=CARTESIAN_POINT('',(21.25,-2.05,40.));
#6662=CARTESIAN_POINT('',(21.25,-2.05,40.));
#6663=CARTESIAN_POINT('',(21.25,-2.65,40.));
#6664=CARTESIAN_POINT('Origin',(21.25,-2.35,40.));
#6665=CARTESIAN_POINT('',(21.25,-2.65,40.));
#6666=CARTESIAN_POINT('Origin',(-21.25,-2.35,40.));
#6667=CARTESIAN_POINT('',(-21.25,-2.65,-40.));
#6668=CARTESIAN_POINT('',(-21.25,-2.05,-40.));
#6669=CARTESIAN_POINT('Origin',(-21.25,-2.35,-40.));
#6670=CARTESIAN_POINT('',(-21.25,-2.65,40.));
#6671=CARTESIAN_POINT('',(-21.25,-2.65,40.));
#6672=CARTESIAN_POINT('',(-21.25,-2.05,40.));
#6673=CARTESIAN_POINT('Origin',(-21.25,-2.35,40.));
#6674=CARTESIAN_POINT('',(-21.25,-2.05,40.));
#6675=CARTESIAN_POINT('Origin',(-21.25,5.4,40.));
#6676=CARTESIAN_POINT('',(-21.25,5.1,-40.));
#6677=CARTESIAN_POINT('',(-21.25,5.7,-40.));
#6678=CARTESIAN_POINT('Origin',(-21.25,5.4,-40.));
#6679=CARTESIAN_POINT('',(-21.25,5.1,40.));
#6680=CARTESIAN_POINT('',(-21.25,5.1,40.));
#6681=CARTESIAN_POINT('',(-21.25,5.7,40.));
#6682=CARTESIAN_POINT('Origin',(-21.25,5.4,40.));
#6683=CARTESIAN_POINT('',(-21.25,5.7,40.));
#6684=CARTESIAN_POINT('Origin',(21.25,2.35,40.));
#6685=CARTESIAN_POINT('',(21.25,2.65,-40.));
#6686=CARTESIAN_POINT('',(21.25,2.05,-40.));
#6687=CARTESIAN_POINT('Origin',(21.25,2.35,-40.));
#6688=CARTESIAN_POINT('',(21.25,2.65,40.));
#6689=CARTESIAN_POINT('',(21.25,2.65,40.));
#6690=CARTESIAN_POINT('',(21.25,2.05,40.));
#6691=CARTESIAN_POINT('Origin',(21.25,2.35,40.));
#6692=CARTESIAN_POINT('',(21.25,2.05,40.));
#6693=CARTESIAN_POINT('Origin',(-16.25,11.2,40.));
#6694=CARTESIAN_POINT('',(-16.25,11.2,-40.));
#6695=CARTESIAN_POINT('',(16.25,11.2,-40.));
#6696=CARTESIAN_POINT('',(-8.125,11.2,-40.));
#6697=CARTESIAN_POINT('',(-16.25,11.2,40.));
#6698=CARTESIAN_POINT('',(-16.25,11.2,40.));
#6699=CARTESIAN_POINT('',(16.25,11.2,40.));
#6700=CARTESIAN_POINT('',(-8.125,11.2,40.));
#6701=CARTESIAN_POINT('',(16.25,11.2,40.));
#6702=CARTESIAN_POINT('Origin',(16.25,11.5,40.));
#6703=CARTESIAN_POINT('',(16.55,11.5,-40.));
#6704=CARTESIAN_POINT('Origin',(16.25,11.5,-40.));
#6705=CARTESIAN_POINT('',(16.55,11.5,40.));
#6706=CARTESIAN_POINT('Origin',(16.25,11.5,40.));
#6707=CARTESIAN_POINT('',(16.55,11.5,40.));
#6708=CARTESIAN_POINT('Origin',(-16.25,11.5,40.));
#6709=CARTESIAN_POINT('',(-16.55,11.5,-40.));
#6710=CARTESIAN_POINT('Origin',(-16.25,11.5,-40.));
#6711=CARTESIAN_POINT('',(-16.55,11.5,40.));
#6712=CARTESIAN_POINT('',(-16.55,11.5,40.));
#6713=CARTESIAN_POINT('Origin',(-16.25,11.5,40.));
#6714=CARTESIAN_POINT('Origin',(17.3590097135434,-1.2759418353714,40.));
#6715=CARTESIAN_POINT('',(16.9337409163198,-1.3395535489781,-40.));
#6716=CARTESIAN_POINT('',(17.2185461408202,-1.68235293848969,-40.));
#6717=CARTESIAN_POINT('Origin',(17.3590097135434,-1.2759418353714,-40.));
#6718=CARTESIAN_POINT('',(16.9337409163198,-1.3395535489781,40.));
#6719=CARTESIAN_POINT('',(16.9337409163198,-1.3395535489781,40.));
#6720=CARTESIAN_POINT('',(17.2185461408202,-1.68235293848969,40.));
#6721=CARTESIAN_POINT('Origin',(17.3590097135434,-1.2759418353714,40.));
#6722=CARTESIAN_POINT('',(17.2185461408202,-1.68235293848969,40.));
#6723=CARTESIAN_POINT('Origin',(17.8,0.,40.));
#6724=CARTESIAN_POINT('',(18.4081627560385,-1.67288315855223,-40.));
#6725=CARTESIAN_POINT('Origin',(17.8,0.,-40.));
#6726=CARTESIAN_POINT('',(18.4081627560385,-1.67288315855223,40.));
#6727=CARTESIAN_POINT('Origin',(17.8,0.,40.));
#6728=CARTESIAN_POINT('',(18.4081627560385,-1.67288315855223,40.));
#6729=CARTESIAN_POINT('Origin',(18.2612470340741,-1.26875969890197,40.));
#6730=CARTESIAN_POINT('',(18.6874746188521,-1.32559319232248,-40.));
#6731=CARTESIAN_POINT('Origin',(18.2612470340741,-1.26875969890197,-40.));
#6732=CARTESIAN_POINT('',(18.6874746188521,-1.32559319232248,40.));
#6733=CARTESIAN_POINT('Origin',(18.2612470340741,-1.26875969890197,40.));
#6734=CARTESIAN_POINT('',(18.6874746188521,-1.32559319232248,40.));
#6735=CARTESIAN_POINT('Origin',(19.1930003589375,-1.3930003589375,40.));
#6736=CARTESIAN_POINT('',(19.1255931923225,-0.887474618852055,-40.));
#6737=CARTESIAN_POINT('Origin',(19.1930003589375,-1.3930003589375,-40.));
#6738=CARTESIAN_POINT('',(19.1255931923225,-0.887474618852055,40.));
#6739=CARTESIAN_POINT('Origin',(19.1930003589375,-1.3930003589375,40.));
#6740=CARTESIAN_POINT('',(19.1255931923225,-0.887474618852055,40.));
#6741=CARTESIAN_POINT('Origin',(19.068759698902,-0.461247034074133,40.));
#6742=CARTESIAN_POINT('',(19.4728831585522,-0.608162756038487,-40.));
#6743=CARTESIAN_POINT('Origin',(19.068759698902,-0.461247034074133,-40.));
#6744=CARTESIAN_POINT('',(19.4728831585522,-0.608162756038487,40.));
#6745=CARTESIAN_POINT('Origin',(19.068759698902,-0.461247034074133,40.));
#6746=CARTESIAN_POINT('',(19.4728831585522,-0.608162756038487,40.));
#6747=CARTESIAN_POINT('Origin',(17.8,0.,40.));
#6748=CARTESIAN_POINT('',(19.4728831585522,0.608162756038488,-40.));
#6749=CARTESIAN_POINT('Origin',(17.8,0.,-40.));
#6750=CARTESIAN_POINT('',(19.4728831585522,0.608162756038488,40.));
#6751=CARTESIAN_POINT('Origin',(17.8,0.,40.));
#6752=CARTESIAN_POINT('',(19.4728831585522,0.608162756038488,40.));
#6753=CARTESIAN_POINT('Origin',(19.068759698902,0.461247034074134,40.));
#6754=CARTESIAN_POINT('',(19.1255931923225,0.887474618852056,-40.));
#6755=CARTESIAN_POINT('Origin',(19.068759698902,0.461247034074134,-40.));
#6756=CARTESIAN_POINT('',(19.1255931923225,0.887474618852056,40.));
#6757=CARTESIAN_POINT('Origin',(19.068759698902,0.461247034074134,40.));
#6758=CARTESIAN_POINT('',(19.1255931923225,0.887474618852056,40.));
#6759=CARTESIAN_POINT('Origin',(19.1930003589375,1.3930003589375,40.));
#6760=CARTESIAN_POINT('',(18.6874746188521,1.32559319232248,-40.));
#6761=CARTESIAN_POINT('Origin',(19.1930003589375,1.3930003589375,-40.));
#6762=CARTESIAN_POINT('',(18.6874746188521,1.32559319232248,40.));
#6763=CARTESIAN_POINT('Origin',(19.1930003589375,1.3930003589375,40.));
#6764=CARTESIAN_POINT('',(18.6874746188521,1.32559319232248,40.));
#6765=CARTESIAN_POINT('Origin',(18.2612470340741,1.26875969890197,40.));
#6766=CARTESIAN_POINT('',(18.4081627560385,1.67288315855223,-40.));
#6767=CARTESIAN_POINT('Origin',(18.2612470340741,1.26875969890197,-40.));
#6768=CARTESIAN_POINT('',(18.4081627560385,1.67288315855223,40.));
#6769=CARTESIAN_POINT('Origin',(18.2612470340741,1.26875969890197,40.));
#6770=CARTESIAN_POINT('',(18.4081627560385,1.67288315855223,40.));
#6771=CARTESIAN_POINT('Origin',(17.8,0.,40.));
#6772=CARTESIAN_POINT('',(17.2185461408202,1.68235293848969,-40.));
#6773=CARTESIAN_POINT('Origin',(17.8,0.,-40.));
#6774=CARTESIAN_POINT('',(17.2185461408202,1.68235293848969,40.));
#6775=CARTESIAN_POINT('Origin',(17.8,0.,40.));
#6776=CARTESIAN_POINT('',(17.2185461408202,1.68235293848969,40.));
#6777=CARTESIAN_POINT('Origin',(17.3590097135434,1.2759418353714,40.));
#6778=CARTESIAN_POINT('',(16.9337409163198,1.3395535489781,-40.));
#6779=CARTESIAN_POINT('Origin',(17.3590097135434,1.2759418353714,-40.));
#6780=CARTESIAN_POINT('',(16.9337409163198,1.3395535489781,40.));
#6781=CARTESIAN_POINT('Origin',(17.3590097135434,1.2759418353714,40.));
#6782=CARTESIAN_POINT('',(16.9337409163198,1.3395535489781,40.));
#6783=CARTESIAN_POINT('Origin',(16.4293523428685,1.415,40.));
#6784=CARTESIAN_POINT('',(16.3418619320717,0.912560523029298,-40.));
#6785=CARTESIAN_POINT('Origin',(16.4293523428685,1.415,-40.));
#6786=CARTESIAN_POINT('',(16.3418619320717,0.912560523029298,40.));
#6787=CARTESIAN_POINT('Origin',(16.4293523428685,1.415,40.));
#6788=CARTESIAN_POINT('',(16.3418619320717,0.912560523029298,40.));
#6789=CARTESIAN_POINT('Origin',(16.4756707956433,1.68099737016096,40.));
#6790=CARTESIAN_POINT('',(15.992971366018,2.29369734620094,-40.));
#6791=CARTESIAN_POINT('Origin',(16.4756707956433,1.68099737016096,-40.));
#6792=CARTESIAN_POINT('',(15.992971366018,2.29369734620094,40.));
#6793=CARTESIAN_POINT('Origin',(16.4756707956433,1.68099737016096,40.));
#6794=CARTESIAN_POINT('',(15.992971366018,2.29369734620094,40.));
#6795=CARTESIAN_POINT('Origin',(17.8,1.36273371059703E-14,40.));
#6796=CARTESIAN_POINT('',(17.8,2.9200000000001,-40.));
#6797=CARTESIAN_POINT('Origin',(17.8,1.36273371059703E-14,-40.));
#6798=CARTESIAN_POINT('',(17.8,2.9200000000001,40.));
#6799=CARTESIAN_POINT('Origin',(17.8,1.36273371059703E-14,40.));
#6800=CARTESIAN_POINT('',(17.8,2.9200000000001,40.));
#6801=CARTESIAN_POINT('Origin',(17.8,2.9200000000001,40.));
#6802=CARTESIAN_POINT('',(19.5,2.92000000000001,-40.));
#6803=CARTESIAN_POINT('',(8.90000000000007,2.92000000000057,-40.));
#6804=CARTESIAN_POINT('',(19.5,2.92000000000001,40.));
#6805=CARTESIAN_POINT('',(8.90000000000007,2.92000000000057,40.));
#6806=CARTESIAN_POINT('',(19.5,2.92000000000001,40.));
#6807=CARTESIAN_POINT('Origin',(19.5,3.17000000000001,40.));
#6808=CARTESIAN_POINT('',(19.75,3.17000000000001,-40.));
#6809=CARTESIAN_POINT('Origin',(19.5,3.17000000000001,-40.));
#6810=CARTESIAN_POINT('',(19.75,3.17000000000001,40.));
#6811=CARTESIAN_POINT('Origin',(19.5,3.17000000000001,40.));
#6812=CARTESIAN_POINT('',(19.75,3.17000000000001,40.));
#6813=CARTESIAN_POINT('Origin',(19.75,3.17000000000001,40.));
#6814=CARTESIAN_POINT('',(19.75,4.47,-40.));
#6815=CARTESIAN_POINT('',(19.75,1.58500000000001,-40.));
#6816=CARTESIAN_POINT('',(19.75,4.47,40.));
#6817=CARTESIAN_POINT('',(19.75,1.58500000000001,40.));
#6818=CARTESIAN_POINT('',(19.75,4.47,40.));
#6819=CARTESIAN_POINT('Origin',(19.5,4.47,40.));
#6820=CARTESIAN_POINT('',(19.5,4.72,-40.));
#6821=CARTESIAN_POINT('Origin',(19.5,4.47,-40.));
#6822=CARTESIAN_POINT('',(19.5,4.72,40.));
#6823=CARTESIAN_POINT('Origin',(19.5,4.47,40.));
#6824=CARTESIAN_POINT('',(19.5,4.72,40.));
#6825=CARTESIAN_POINT('Origin',(19.5,4.72,40.));
#6826=CARTESIAN_POINT('',(18.,4.72,-40.));
#6827=CARTESIAN_POINT('',(9.75,4.72,-40.));
#6828=CARTESIAN_POINT('',(18.,4.72,40.));
#6829=CARTESIAN_POINT('',(9.75,4.72,40.));
#6830=CARTESIAN_POINT('',(18.,4.72,40.));
#6831=CARTESIAN_POINT('Origin',(18.,4.97,40.));
#6832=CARTESIAN_POINT('',(17.75,4.97,-40.));
#6833=CARTESIAN_POINT('Origin',(18.,4.97,-40.));
#6834=CARTESIAN_POINT('',(17.75,4.97,40.));
#6835=CARTESIAN_POINT('Origin',(18.,4.97,40.));
#6836=CARTESIAN_POINT('',(17.75,4.97,40.));
#6837=CARTESIAN_POINT('Origin',(17.75,4.97,40.));
#6838=CARTESIAN_POINT('',(17.75,5.925,-40.));
#6839=CARTESIAN_POINT('',(17.75,2.485,-40.));
#6840=CARTESIAN_POINT('',(17.75,5.925,40.));
#6841=CARTESIAN_POINT('',(17.75,2.485,40.));
#6842=CARTESIAN_POINT('',(17.75,5.925,40.));
#6843=CARTESIAN_POINT('Origin',(18.,5.925,40.));
#6844=CARTESIAN_POINT('',(18.,6.175,-40.));
#6845=CARTESIAN_POINT('Origin',(18.,5.925,-40.));
#6846=CARTESIAN_POINT('',(18.,6.175,40.));
#6847=CARTESIAN_POINT('Origin',(18.,5.925,40.));
#6848=CARTESIAN_POINT('',(18.,6.175,40.));
#6849=CARTESIAN_POINT('Origin',(18.,6.175,40.));
#6850=CARTESIAN_POINT('',(19.5,6.175,-40.));
#6851=CARTESIAN_POINT('',(9.,6.175,-40.));
#6852=CARTESIAN_POINT('',(19.5,6.175,40.));
#6853=CARTESIAN_POINT('',(9.,6.175,40.));
#6854=CARTESIAN_POINT('',(19.5,6.175,40.));
#6855=CARTESIAN_POINT('Origin',(19.5,6.425,40.));
#6856=CARTESIAN_POINT('',(19.75,6.425,-40.));
#6857=CARTESIAN_POINT('Origin',(19.5,6.425,-40.));
#6858=CARTESIAN_POINT('',(19.75,6.425,40.));
#6859=CARTESIAN_POINT('Origin',(19.5,6.425,40.));
#6860=CARTESIAN_POINT('',(19.75,6.425,40.));
#6861=CARTESIAN_POINT('Origin',(19.75,6.425,40.));
#6862=CARTESIAN_POINT('',(19.75,7.725,-40.));
#6863=CARTESIAN_POINT('',(19.75,3.2125,-40.));
#6864=CARTESIAN_POINT('',(19.75,7.725,40.));
#6865=CARTESIAN_POINT('',(19.75,3.2125,40.));
#6866=CARTESIAN_POINT('',(19.75,7.725,40.));
#6867=CARTESIAN_POINT('Origin',(19.5,7.725,40.));
#6868=CARTESIAN_POINT('',(19.5,7.975,-40.));
#6869=CARTESIAN_POINT('Origin',(19.5,7.725,-40.));
#6870=CARTESIAN_POINT('',(19.5,7.975,40.));
#6871=CARTESIAN_POINT('Origin',(19.5,7.725,40.));
#6872=CARTESIAN_POINT('',(19.5,7.975,40.));
#6873=CARTESIAN_POINT('Origin',(19.5,7.975,40.));
#6874=CARTESIAN_POINT('',(18.,7.975,-40.));
#6875=CARTESIAN_POINT('',(9.75,7.975,-40.));
#6876=CARTESIAN_POINT('',(18.,7.975,40.));
#6877=CARTESIAN_POINT('',(9.75,7.975,40.));
#6878=CARTESIAN_POINT('',(18.,7.975,40.));
#6879=CARTESIAN_POINT('Origin',(18.,8.225,40.));
#6880=CARTESIAN_POINT('',(17.75,8.225,-40.));
#6881=CARTESIAN_POINT('Origin',(18.,8.225,-40.));
#6882=CARTESIAN_POINT('',(17.75,8.225,40.));
#6883=CARTESIAN_POINT('Origin',(18.,8.225,40.));
#6884=CARTESIAN_POINT('',(17.75,8.225,40.));
#6885=CARTESIAN_POINT('Origin',(17.75,8.225,40.));
#6886=CARTESIAN_POINT('',(17.75,4.1125,-40.));
#6887=CARTESIAN_POINT('',(17.75,4.1125,40.));
#6888=CARTESIAN_POINT('Origin',(-17.5,9.75,40.));
#6889=CARTESIAN_POINT('',(-17.75,9.75,-40.));
#6890=CARTESIAN_POINT('Origin',(-17.5,9.75,-40.));
#6891=CARTESIAN_POINT('',(-17.75,9.75,40.));
#6892=CARTESIAN_POINT('Origin',(-17.5,9.75,40.));
#6893=CARTESIAN_POINT('',(-17.75,9.75,40.));
#6894=CARTESIAN_POINT('Origin',(-17.75,9.75,40.));
#6895=CARTESIAN_POINT('',(-17.75,8.225,-40.));
#6896=CARTESIAN_POINT('',(-17.75,4.875,-40.));
#6897=CARTESIAN_POINT('',(-17.75,8.225,40.));
#6898=CARTESIAN_POINT('',(-17.75,4.875,40.));
#6899=CARTESIAN_POINT('',(-17.75,8.225,40.));
#6900=CARTESIAN_POINT('Origin',(-18.,8.225,40.));
#6901=CARTESIAN_POINT('',(-18.,7.975,-40.));
#6902=CARTESIAN_POINT('Origin',(-18.,8.225,-40.));
#6903=CARTESIAN_POINT('',(-18.,7.975,40.));
#6904=CARTESIAN_POINT('Origin',(-18.,8.225,40.));
#6905=CARTESIAN_POINT('',(-18.,7.975,40.));
#6906=CARTESIAN_POINT('Origin',(-18.,7.975,40.));
#6907=CARTESIAN_POINT('',(-19.5,7.975,-40.));
#6908=CARTESIAN_POINT('',(-9.,7.975,-40.));
#6909=CARTESIAN_POINT('',(-19.5,7.975,40.));
#6910=CARTESIAN_POINT('',(-9.,7.975,40.));
#6911=CARTESIAN_POINT('',(-19.5,7.975,40.));
#6912=CARTESIAN_POINT('Origin',(-19.5,7.725,40.));
#6913=CARTESIAN_POINT('',(-19.75,7.725,-40.));
#6914=CARTESIAN_POINT('Origin',(-19.5,7.725,-40.));
#6915=CARTESIAN_POINT('',(-19.75,7.725,40.));
#6916=CARTESIAN_POINT('Origin',(-19.5,7.725,40.));
#6917=CARTESIAN_POINT('',(-19.75,7.725,40.));
#6918=CARTESIAN_POINT('Origin',(-19.75,7.725,40.));
#6919=CARTESIAN_POINT('',(-19.75,6.425,-40.));
#6920=CARTESIAN_POINT('',(-19.75,3.8625,-40.));
#6921=CARTESIAN_POINT('',(-19.75,6.425,40.));
#6922=CARTESIAN_POINT('',(-19.75,3.8625,40.));
#6923=CARTESIAN_POINT('',(-19.75,6.425,40.));
#6924=CARTESIAN_POINT('Origin',(-19.5,6.425,40.));
#6925=CARTESIAN_POINT('',(-19.5,6.175,-40.));
#6926=CARTESIAN_POINT('Origin',(-19.5,6.425,-40.));
#6927=CARTESIAN_POINT('',(-19.5,6.175,40.));
#6928=CARTESIAN_POINT('Origin',(-19.5,6.425,40.));
#6929=CARTESIAN_POINT('',(-19.5,6.175,40.));
#6930=CARTESIAN_POINT('Origin',(-19.5,6.175,40.));
#6931=CARTESIAN_POINT('',(-18.,6.175,-40.));
#6932=CARTESIAN_POINT('',(-9.75,6.175,-40.));
#6933=CARTESIAN_POINT('',(-18.,6.175,40.));
#6934=CARTESIAN_POINT('',(-9.75,6.175,40.));
#6935=CARTESIAN_POINT('',(-18.,6.175,40.));
#6936=CARTESIAN_POINT('Origin',(-18.,5.925,40.));
#6937=CARTESIAN_POINT('',(-17.75,5.925,-40.));
#6938=CARTESIAN_POINT('Origin',(-18.,5.925,-40.));
#6939=CARTESIAN_POINT('',(-17.75,5.925,40.));
#6940=CARTESIAN_POINT('Origin',(-18.,5.925,40.));
#6941=CARTESIAN_POINT('',(-17.75,5.925,40.));
#6942=CARTESIAN_POINT('Origin',(-17.75,5.925,40.));
#6943=CARTESIAN_POINT('',(-17.75,4.97,-40.));
#6944=CARTESIAN_POINT('',(-17.75,2.9625,-40.));
#6945=CARTESIAN_POINT('',(-17.75,4.97,40.));
#6946=CARTESIAN_POINT('',(-17.75,2.9625,40.));
#6947=CARTESIAN_POINT('',(-17.75,4.97,40.));
#6948=CARTESIAN_POINT('Origin',(-18.,4.97,40.));
#6949=CARTESIAN_POINT('',(-18.,4.72,-40.));
#6950=CARTESIAN_POINT('Origin',(-18.,4.97,-40.));
#6951=CARTESIAN_POINT('',(-18.,4.72,40.));
#6952=CARTESIAN_POINT('Origin',(-18.,4.97,40.));
#6953=CARTESIAN_POINT('',(-18.,4.72,40.));
#6954=CARTESIAN_POINT('Origin',(-18.,4.72,40.));
#6955=CARTESIAN_POINT('',(-19.5,4.72,-40.));
#6956=CARTESIAN_POINT('',(-9.,4.72000000000001,-40.));
#6957=CARTESIAN_POINT('',(-19.5,4.72,40.));
#6958=CARTESIAN_POINT('',(-9.,4.72000000000001,40.));
#6959=CARTESIAN_POINT('',(-19.5,4.72,40.));
#6960=CARTESIAN_POINT('Origin',(-19.5,4.47,40.));
#6961=CARTESIAN_POINT('',(-19.75,4.47,-40.));
#6962=CARTESIAN_POINT('Origin',(-19.5,4.47,-40.));
#6963=CARTESIAN_POINT('',(-19.75,4.47,40.));
#6964=CARTESIAN_POINT('Origin',(-19.5,4.47,40.));
#6965=CARTESIAN_POINT('',(-19.75,4.47,40.));
#6966=CARTESIAN_POINT('Origin',(-19.75,4.47,40.));
#6967=CARTESIAN_POINT('',(-19.75,3.17,-40.));
#6968=CARTESIAN_POINT('',(-19.75,2.235,-40.));
#6969=CARTESIAN_POINT('',(-19.75,3.17,40.));
#6970=CARTESIAN_POINT('',(-19.75,2.235,40.));
#6971=CARTESIAN_POINT('',(-19.75,3.17,40.));
#6972=CARTESIAN_POINT('Origin',(-19.5,3.17,40.));
#6973=CARTESIAN_POINT('',(-19.5,2.92,-40.));
#6974=CARTESIAN_POINT('Origin',(-19.5,3.17,-40.));
#6975=CARTESIAN_POINT('',(-19.5,2.92,40.));
#6976=CARTESIAN_POINT('Origin',(-19.5,3.17,40.));
#6977=CARTESIAN_POINT('',(-19.5,2.92,40.));
#6978=CARTESIAN_POINT('Origin',(-19.5,2.92,40.));
#6979=CARTESIAN_POINT('',(-17.8,2.92000000000001,-40.));
#6980=CARTESIAN_POINT('',(-9.75000000000001,2.92000000000004,-40.));
#6981=CARTESIAN_POINT('',(-17.8,2.92000000000001,40.));
#6982=CARTESIAN_POINT('',(-9.75000000000001,2.92000000000004,40.));
#6983=CARTESIAN_POINT('',(-17.8,2.92000000000001,40.));
#6984=CARTESIAN_POINT('Origin',(-17.8,-3.76681082243033E-27,40.));
#6985=CARTESIAN_POINT('',(-15.9999254317131,2.29915887850467,-40.));
#6986=CARTESIAN_POINT('Origin',(-17.8,-3.76681082243033E-27,-40.));
#6987=CARTESIAN_POINT('',(-15.9999254317131,2.29915887850467,40.));
#6988=CARTESIAN_POINT('Origin',(-17.8,-3.76681082243033E-27,40.));
#6989=CARTESIAN_POINT('',(-15.9999254317131,2.29915887850467,40.));
#6990=CARTESIAN_POINT('Origin',(-16.4807672684473,1.685,40.));
#6991=CARTESIAN_POINT('',(-16.3446320358753,0.916971876522366,-40.));
#6992=CARTESIAN_POINT('Origin',(-16.4807672684473,1.685,-40.));
#6993=CARTESIAN_POINT('',(-16.3446320358753,0.916971876522366,40.));
#6994=CARTESIAN_POINT('Origin',(-16.4807672684473,1.685,40.));
#6995=CARTESIAN_POINT('',(-16.3446320358753,0.916971876522366,40.));
#6996=CARTESIAN_POINT('Origin',(-16.4336435340955,1.4191441111039,40.));
#6997=CARTESIAN_POINT('',(-16.9378013277721,1.34217061517781,-40.));
#6998=CARTESIAN_POINT('Origin',(-16.4336435340955,1.4191441111039,-40.));
#6999=CARTESIAN_POINT('',(-16.9378013277721,1.34217061517781,40.));
#7000=CARTESIAN_POINT('Origin',(-16.4336435340955,1.4191441111039,40.));
#7001=CARTESIAN_POINT('',(-16.9378013277721,1.34217061517781,40.));
#7002=CARTESIAN_POINT('Origin',(-16.4336435340955,-1.4191441111039,40.));
#7003=CARTESIAN_POINT('',(-16.9378013277721,-1.34217061517781,-40.));
#7004=CARTESIAN_POINT('',(-16.3446320358753,-0.916971876522366,-40.));
#7005=CARTESIAN_POINT('Origin',(-16.4336435340955,-1.4191441111039,-40.));
#7006=CARTESIAN_POINT('',(-16.9378013277721,-1.34217061517781,40.));
#7007=CARTESIAN_POINT('',(-16.9378013277721,-1.34217061517781,40.));
#7008=CARTESIAN_POINT('',(-16.3446320358753,-0.916971876522366,40.));
#7009=CARTESIAN_POINT('Origin',(-16.4336435340955,-1.4191441111039,40.));
#7010=CARTESIAN_POINT('',(-16.3446320358753,-0.916971876522366,40.));
#7011=CARTESIAN_POINT('Origin',(-17.3628755459701,1.27727139312249,40.));
#7012=CARTESIAN_POINT('',(-17.2236433124643,1.68410598500594,-40.));
#7013=CARTESIAN_POINT('Origin',(-17.3628755459701,1.27727139312249,-40.));
#7014=CARTESIAN_POINT('',(-17.2236433124643,1.68410598500594,40.));
#7015=CARTESIAN_POINT('Origin',(-17.3628755459701,1.27727139312249,40.));
#7016=CARTESIAN_POINT('',(-17.2236433124643,1.68410598500594,40.));
#7017=CARTESIAN_POINT('Origin',(-17.8,-3.76681082243033E-27,40.));
#7018=CARTESIAN_POINT('',(-18.4081627560385,1.67288315855223,-40.));
#7019=CARTESIAN_POINT('Origin',(-17.8,-3.76681082243033E-27,-40.));
#7020=CARTESIAN_POINT('',(-18.4081627560385,1.67288315855223,40.));
#7021=CARTESIAN_POINT('Origin',(-17.8,-3.76681082243033E-27,40.));
#7022=CARTESIAN_POINT('',(-18.4081627560385,1.67288315855223,40.));
#7023=CARTESIAN_POINT('Origin',(-18.2612470340741,1.26875969890197,40.));
#7024=CARTESIAN_POINT('',(-18.6874746188521,1.32559319232248,-40.));
#7025=CARTESIAN_POINT('Origin',(-18.2612470340741,1.26875969890197,-40.));
#7026=CARTESIAN_POINT('',(-18.6874746188521,1.32559319232248,40.));
#7027=CARTESIAN_POINT('Origin',(-18.2612470340741,1.26875969890197,40.));
#7028=CARTESIAN_POINT('',(-18.6874746188521,1.32559319232248,40.));
#7029=CARTESIAN_POINT('Origin',(-19.1930003589375,1.3930003589375,40.));
#7030=CARTESIAN_POINT('',(-19.1255931923225,0.887474618852055,-40.));
#7031=CARTESIAN_POINT('Origin',(-19.1930003589375,1.3930003589375,-40.));
#7032=CARTESIAN_POINT('',(-19.1255931923225,0.887474618852055,40.));
#7033=CARTESIAN_POINT('Origin',(-19.1930003589375,1.3930003589375,40.));
#7034=CARTESIAN_POINT('',(-19.1255931923225,0.887474618852055,40.));
#7035=CARTESIAN_POINT('Origin',(-19.068759698902,0.461247034074132,40.));
#7036=CARTESIAN_POINT('',(-19.4728831585522,0.608162756038486,-40.));
#7037=CARTESIAN_POINT('Origin',(-19.068759698902,0.461247034074132,-40.));
#7038=CARTESIAN_POINT('',(-19.4728831585522,0.608162756038486,40.));
#7039=CARTESIAN_POINT('Origin',(-19.068759698902,0.461247034074132,40.));
#7040=CARTESIAN_POINT('',(-19.4728831585522,0.608162756038486,40.));
#7041=CARTESIAN_POINT('Origin',(-17.8,-3.76681082243033E-27,40.));
#7042=CARTESIAN_POINT('',(-19.4728831585522,-0.608162756038486,-40.));
#7043=CARTESIAN_POINT('Origin',(-17.8,-3.76681082243033E-27,-40.));
#7044=CARTESIAN_POINT('',(-19.4728831585522,-0.608162756038486,40.));
#7045=CARTESIAN_POINT('Origin',(-17.8,-3.76681082243033E-27,40.));
#7046=CARTESIAN_POINT('',(-19.4728831585522,-0.608162756038486,40.));
#7047=CARTESIAN_POINT('Origin',(-19.068759698902,-0.461247034074132,40.));
#7048=CARTESIAN_POINT('',(-19.1255931923225,-0.887474618852055,-40.));
#7049=CARTESIAN_POINT('Origin',(-19.068759698902,-0.461247034074132,-40.));
#7050=CARTESIAN_POINT('',(-19.1255931923225,-0.887474618852055,40.));
#7051=CARTESIAN_POINT('Origin',(-19.068759698902,-0.461247034074132,40.));
#7052=CARTESIAN_POINT('',(-19.1255931923225,-0.887474618852055,40.));
#7053=CARTESIAN_POINT('Origin',(-19.1930003589375,-1.3930003589375,40.));
#7054=CARTESIAN_POINT('',(-18.6874746188521,-1.32559319232248,-40.));
#7055=CARTESIAN_POINT('Origin',(-19.1930003589375,-1.3930003589375,-40.));
#7056=CARTESIAN_POINT('',(-18.6874746188521,-1.32559319232248,40.));
#7057=CARTESIAN_POINT('Origin',(-19.1930003589375,-1.3930003589375,40.));
#7058=CARTESIAN_POINT('',(-18.6874746188521,-1.32559319232248,40.));
#7059=CARTESIAN_POINT('Origin',(-18.2612470340741,-1.26875969890197,40.));
#7060=CARTESIAN_POINT('',(-18.4081627560385,-1.67288315855223,-40.));
#7061=CARTESIAN_POINT('Origin',(-18.2612470340741,-1.26875969890197,-40.));
#7062=CARTESIAN_POINT('',(-18.4081627560385,-1.67288315855223,40.));
#7063=CARTESIAN_POINT('Origin',(-18.2612470340741,-1.26875969890197,40.));
#7064=CARTESIAN_POINT('',(-18.4081627560385,-1.67288315855223,40.));
#7065=CARTESIAN_POINT('Origin',(-17.8,-3.76681082243033E-27,40.));
#7066=CARTESIAN_POINT('',(-17.2236433124643,-1.68410598500594,-40.));
#7067=CARTESIAN_POINT('Origin',(-17.8,-3.76681082243033E-27,-40.));
#7068=CARTESIAN_POINT('',(-17.2236433124643,-1.68410598500594,40.));
#7069=CARTESIAN_POINT('Origin',(-17.8,-3.76681082243033E-27,40.));
#7070=CARTESIAN_POINT('',(-17.2236433124643,-1.68410598500594,40.));
#7071=CARTESIAN_POINT('Origin',(-17.3628755459701,-1.27727139312249,40.));
#7072=CARTESIAN_POINT('Origin',(-17.3628755459701,-1.27727139312249,-40.));
#7073=CARTESIAN_POINT('Origin',(-17.3628755459701,-1.27727139312249,40.));
#7074=CARTESIAN_POINT('Origin',(-16.4807672684473,-1.685,40.));
#7075=CARTESIAN_POINT('',(-15.9999254317131,-2.29915887850467,-40.));
#7076=CARTESIAN_POINT('Origin',(-16.4807672684473,-1.685,-40.));
#7077=CARTESIAN_POINT('',(-15.9999254317131,-2.29915887850467,40.));
#7078=CARTESIAN_POINT('Origin',(-16.4807672684473,-1.685,40.));
#7079=CARTESIAN_POINT('',(-15.9999254317131,-2.29915887850467,40.));
#7080=CARTESIAN_POINT('Origin',(-17.8,-3.76681082243033E-27,40.));
#7081=CARTESIAN_POINT('',(-17.8,-2.92000000000001,-40.));
#7082=CARTESIAN_POINT('Origin',(-17.8,-3.76681082243033E-27,-40.));
#7083=CARTESIAN_POINT('',(-17.8,-2.92000000000001,40.));
#7084=CARTESIAN_POINT('Origin',(-17.8,-3.76681082243033E-27,40.));
#7085=CARTESIAN_POINT('',(-17.8,-2.92000000000001,40.));
#7086=CARTESIAN_POINT('Origin',(-17.8,-2.92000000000001,40.));
#7087=CARTESIAN_POINT('',(-19.5,-2.92,-40.));
#7088=CARTESIAN_POINT('',(-8.90000000000001,-2.92000000000003,-40.));
#7089=CARTESIAN_POINT('',(-19.5,-2.92,40.));
#7090=CARTESIAN_POINT('',(-8.90000000000001,-2.92000000000003,40.));
#7091=CARTESIAN_POINT('',(-19.5,-2.92,40.));
#7092=CARTESIAN_POINT('Origin',(-19.5,-3.17,40.));
#7093=CARTESIAN_POINT('',(-19.75,-3.17,-40.));
#7094=CARTESIAN_POINT('Origin',(-19.5,-3.17,-40.));
#7095=CARTESIAN_POINT('',(-19.75,-3.17,40.));
#7096=CARTESIAN_POINT('Origin',(-19.5,-3.17,40.));
#7097=CARTESIAN_POINT('',(-19.75,-3.17,40.));
#7098=CARTESIAN_POINT('Origin',(-19.75,-3.17,40.));
#7099=CARTESIAN_POINT('',(-19.75,-4.47,-40.));
#7100=CARTESIAN_POINT('',(-19.75,-1.585,-40.));
#7101=CARTESIAN_POINT('',(-19.75,-4.47,40.));
#7102=CARTESIAN_POINT('',(-19.75,-1.585,40.));
#7103=CARTESIAN_POINT('',(-19.75,-4.47,40.));
#7104=CARTESIAN_POINT('Origin',(-19.5,-4.47,40.));
#7105=CARTESIAN_POINT('',(-19.5,-4.72,-40.));
#7106=CARTESIAN_POINT('Origin',(-19.5,-4.47,-40.));
#7107=CARTESIAN_POINT('',(-19.5,-4.72,40.));
#7108=CARTESIAN_POINT('Origin',(-19.5,-4.47,40.));
#7109=CARTESIAN_POINT('',(-19.5,-4.72,40.));
#7110=CARTESIAN_POINT('Origin',(-19.5,-4.72,40.));
#7111=CARTESIAN_POINT('',(-18.,-4.72,-40.));
#7112=CARTESIAN_POINT('',(-9.75,-4.72,-40.));
#7113=CARTESIAN_POINT('',(-18.,-4.72,40.));
#7114=CARTESIAN_POINT('',(-9.75,-4.72,40.));
#7115=CARTESIAN_POINT('',(-18.,-4.72,40.));
#7116=CARTESIAN_POINT('Origin',(-18.,-4.97,40.));
#7117=CARTESIAN_POINT('',(-17.75,-4.97,-40.));
#7118=CARTESIAN_POINT('Origin',(-18.,-4.97,-40.));
#7119=CARTESIAN_POINT('',(-17.75,-4.97,40.));
#7120=CARTESIAN_POINT('Origin',(-18.,-4.97,40.));
#7121=CARTESIAN_POINT('',(-17.75,-4.97,40.));
#7122=CARTESIAN_POINT('Origin',(-17.75,-4.97,40.));
#7123=CARTESIAN_POINT('',(-17.75,-5.925,-40.));
#7124=CARTESIAN_POINT('',(-17.75,-2.485,-40.));
#7125=CARTESIAN_POINT('',(-17.75,-5.925,40.));
#7126=CARTESIAN_POINT('',(-17.75,-2.485,40.));
#7127=CARTESIAN_POINT('',(-17.75,-5.925,40.));
#7128=CARTESIAN_POINT('Origin',(-18.,-5.925,40.));
#7129=CARTESIAN_POINT('',(-18.,-6.175,-40.));
#7130=CARTESIAN_POINT('Origin',(-18.,-5.925,-40.));
#7131=CARTESIAN_POINT('',(-18.,-6.175,40.));
#7132=CARTESIAN_POINT('Origin',(-18.,-5.925,40.));
#7133=CARTESIAN_POINT('',(-18.,-6.175,40.));
#7134=CARTESIAN_POINT('Origin',(-18.,-6.175,40.));
#7135=CARTESIAN_POINT('',(-19.5,-6.175,-40.));
#7136=CARTESIAN_POINT('',(-9.,-6.175,-40.));
#7137=CARTESIAN_POINT('',(-19.5,-6.175,40.));
#7138=CARTESIAN_POINT('',(-9.,-6.175,40.));
#7139=CARTESIAN_POINT('',(-19.5,-6.175,40.));
#7140=CARTESIAN_POINT('Origin',(-19.5,-6.425,40.));
#7141=CARTESIAN_POINT('',(-19.75,-6.425,-40.));
#7142=CARTESIAN_POINT('Origin',(-19.5,-6.425,-40.));
#7143=CARTESIAN_POINT('',(-19.75,-6.425,40.));
#7144=CARTESIAN_POINT('Origin',(-19.5,-6.425,40.));
#7145=CARTESIAN_POINT('',(-19.75,-6.425,40.));
#7146=CARTESIAN_POINT('Origin',(-19.75,-6.425,40.));
#7147=CARTESIAN_POINT('',(-19.75,-7.725,-40.));
#7148=CARTESIAN_POINT('',(-19.75,-3.2125,-40.));
#7149=CARTESIAN_POINT('',(-19.75,-7.725,40.));
#7150=CARTESIAN_POINT('',(-19.75,-3.2125,40.));
#7151=CARTESIAN_POINT('',(-19.75,-7.725,40.));
#7152=CARTESIAN_POINT('Origin',(-19.5,-7.725,40.));
#7153=CARTESIAN_POINT('',(-19.5,-7.975,-40.));
#7154=CARTESIAN_POINT('Origin',(-19.5,-7.725,-40.));
#7155=CARTESIAN_POINT('',(-19.5,-7.975,40.));
#7156=CARTESIAN_POINT('Origin',(-19.5,-7.725,40.));
#7157=CARTESIAN_POINT('',(-19.5,-7.975,40.));
#7158=CARTESIAN_POINT('Origin',(-19.5,-7.975,40.));
#7159=CARTESIAN_POINT('',(-18.,-7.975,-40.));
#7160=CARTESIAN_POINT('',(-9.75,-7.975,-40.));
#7161=CARTESIAN_POINT('',(-18.,-7.975,40.));
#7162=CARTESIAN_POINT('',(-9.75,-7.975,40.));
#7163=CARTESIAN_POINT('',(-18.,-7.975,40.));
#7164=CARTESIAN_POINT('Origin',(-18.,-8.225,40.));
#7165=CARTESIAN_POINT('',(-17.75,-8.225,-40.));
#7166=CARTESIAN_POINT('Origin',(-18.,-8.225,-40.));
#7167=CARTESIAN_POINT('',(-17.75,-8.225,40.));
#7168=CARTESIAN_POINT('Origin',(-18.,-8.225,40.));
#7169=CARTESIAN_POINT('',(-17.75,-8.225,40.));
#7170=CARTESIAN_POINT('Origin',(-17.75,-8.225,40.));
#7171=CARTESIAN_POINT('',(-17.75,-9.75,-40.));
#7172=CARTESIAN_POINT('',(-17.75,-4.1125,-40.));
#7173=CARTESIAN_POINT('',(-17.75,-9.75,40.));
#7174=CARTESIAN_POINT('',(-17.75,-4.1125,40.));
#7175=CARTESIAN_POINT('',(-17.75,-9.75,40.));
#7176=CARTESIAN_POINT('Origin',(-17.5,-9.75,40.));
#7177=CARTESIAN_POINT('',(-17.5,-10.,-40.));
#7178=CARTESIAN_POINT('Origin',(-17.5,-9.75,-40.));
#7179=CARTESIAN_POINT('',(-17.5,-10.,40.));
#7180=CARTESIAN_POINT('Origin',(-17.5,-9.75,40.));
#7181=CARTESIAN_POINT('',(-17.5,-10.,40.));
#7182=CARTESIAN_POINT('Origin',(0.,-10.,40.));
#7183=CARTESIAN_POINT('',(-1.03985677658553E-15,-10.,-40.));
#7184=CARTESIAN_POINT('',(-1.12844340422544E-15,-10.,40.));
#7185=CARTESIAN_POINT('Origin',(18.,-8.225,40.));
#7186=CARTESIAN_POINT('',(18.,-7.975,-40.));
#7187=CARTESIAN_POINT('Origin',(18.,-8.225,-40.));
#7188=CARTESIAN_POINT('',(18.,-7.975,40.));
#7189=CARTESIAN_POINT('Origin',(18.,-8.225,40.));
#7190=CARTESIAN_POINT('',(18.,-7.975,40.));
#7191=CARTESIAN_POINT('Origin',(18.,-7.975,40.));
#7192=CARTESIAN_POINT('',(19.5,-7.975,-40.));
#7193=CARTESIAN_POINT('',(9.,-7.975,-40.));
#7194=CARTESIAN_POINT('',(19.5,-7.975,40.));
#7195=CARTESIAN_POINT('',(9.,-7.975,40.));
#7196=CARTESIAN_POINT('',(19.5,-7.975,40.));
#7197=CARTESIAN_POINT('Origin',(19.5,-7.725,40.));
#7198=CARTESIAN_POINT('',(19.75,-7.725,-40.));
#7199=CARTESIAN_POINT('Origin',(19.5,-7.725,-40.));
#7200=CARTESIAN_POINT('',(19.75,-7.725,40.));
#7201=CARTESIAN_POINT('Origin',(19.5,-7.725,40.));
#7202=CARTESIAN_POINT('',(19.75,-7.725,40.));
#7203=CARTESIAN_POINT('Origin',(19.75,-7.725,40.));
#7204=CARTESIAN_POINT('',(19.75,-6.425,-40.));
#7205=CARTESIAN_POINT('',(19.75,-3.8625,-40.));
#7206=CARTESIAN_POINT('',(19.75,-6.425,40.));
#7207=CARTESIAN_POINT('',(19.75,-3.8625,40.));
#7208=CARTESIAN_POINT('',(19.75,-6.425,40.));
#7209=CARTESIAN_POINT('Origin',(19.5,-6.425,40.));
#7210=CARTESIAN_POINT('',(19.5,-6.175,-40.));
#7211=CARTESIAN_POINT('Origin',(19.5,-6.425,-40.));
#7212=CARTESIAN_POINT('',(19.5,-6.175,40.));
#7213=CARTESIAN_POINT('Origin',(19.5,-6.425,40.));
#7214=CARTESIAN_POINT('',(19.5,-6.175,40.));
#7215=CARTESIAN_POINT('Origin',(19.5,-6.175,40.));
#7216=CARTESIAN_POINT('',(18.,-6.175,-40.));
#7217=CARTESIAN_POINT('',(9.75,-6.175,-40.));
#7218=CARTESIAN_POINT('',(18.,-6.175,40.));
#7219=CARTESIAN_POINT('',(9.75,-6.175,40.));
#7220=CARTESIAN_POINT('',(18.,-6.175,40.));
#7221=CARTESIAN_POINT('Origin',(18.,-5.925,40.));
#7222=CARTESIAN_POINT('',(17.75,-5.925,-40.));
#7223=CARTESIAN_POINT('Origin',(18.,-5.925,-40.));
#7224=CARTESIAN_POINT('',(17.75,-5.925,40.));
#7225=CARTESIAN_POINT('Origin',(18.,-5.925,40.));
#7226=CARTESIAN_POINT('',(17.75,-5.925,40.));
#7227=CARTESIAN_POINT('Origin',(17.75,-5.925,40.));
#7228=CARTESIAN_POINT('',(17.75,-4.97,-40.));
#7229=CARTESIAN_POINT('',(17.75,-2.9625,-40.));
#7230=CARTESIAN_POINT('',(17.75,-4.97,40.));
#7231=CARTESIAN_POINT('',(17.75,-2.9625,40.));
#7232=CARTESIAN_POINT('',(17.75,-4.97,40.));
#7233=CARTESIAN_POINT('Origin',(18.,-4.97,40.));
#7234=CARTESIAN_POINT('',(18.,-4.72,-40.));
#7235=CARTESIAN_POINT('Origin',(18.,-4.97,-40.));
#7236=CARTESIAN_POINT('',(18.,-4.72,40.));
#7237=CARTESIAN_POINT('Origin',(18.,-4.97,40.));
#7238=CARTESIAN_POINT('',(18.,-4.72,40.));
#7239=CARTESIAN_POINT('Origin',(18.,-4.72,40.));
#7240=CARTESIAN_POINT('',(19.5,-4.72,-40.));
#7241=CARTESIAN_POINT('',(9.,-4.72000000000001,-40.));
#7242=CARTESIAN_POINT('',(19.5,-4.72,40.));
#7243=CARTESIAN_POINT('',(9.,-4.72000000000001,40.));
#7244=CARTESIAN_POINT('',(19.5,-4.72,40.));
#7245=CARTESIAN_POINT('Origin',(19.5,-4.47,40.));
#7246=CARTESIAN_POINT('',(19.75,-4.47,-40.));
#7247=CARTESIAN_POINT('Origin',(19.5,-4.47,-40.));
#7248=CARTESIAN_POINT('',(19.75,-4.47,40.));
#7249=CARTESIAN_POINT('Origin',(19.5,-4.47,40.));
#7250=CARTESIAN_POINT('',(19.75,-4.47,40.));
#7251=CARTESIAN_POINT('Origin',(19.75,-4.47,40.));
#7252=CARTESIAN_POINT('',(19.75,-3.16999999999999,-40.));
#7253=CARTESIAN_POINT('',(19.75,-2.235,-40.));
#7254=CARTESIAN_POINT('',(19.75,-3.16999999999999,40.));
#7255=CARTESIAN_POINT('',(19.75,-2.235,40.));
#7256=CARTESIAN_POINT('',(19.75,-3.16999999999999,40.));
#7257=CARTESIAN_POINT('Origin',(19.5,-3.16999999999999,40.));
#7258=CARTESIAN_POINT('',(19.5,-2.91999999999999,-40.));
#7259=CARTESIAN_POINT('Origin',(19.5,-3.16999999999999,-40.));
#7260=CARTESIAN_POINT('',(19.5,-2.91999999999999,40.));
#7261=CARTESIAN_POINT('Origin',(19.5,-3.16999999999999,40.));
#7262=CARTESIAN_POINT('',(19.5,-2.91999999999999,40.));
#7263=CARTESIAN_POINT('Origin',(19.5,-2.91999999999999,40.));
#7264=CARTESIAN_POINT('',(17.8,-2.9199999999999,-40.));
#7265=CARTESIAN_POINT('',(9.74999999999993,-2.91999999999951,-40.));
#7266=CARTESIAN_POINT('',(17.8,-2.9199999999999,40.));
#7267=CARTESIAN_POINT('',(9.74999999999993,-2.91999999999951,40.));
#7268=CARTESIAN_POINT('',(17.8,-2.9199999999999,40.));
#7269=CARTESIAN_POINT('Origin',(17.8,1.2637460522491E-14,40.));
#7270=CARTESIAN_POINT('',(15.992971366018,-2.29369734620094,-40.));
#7271=CARTESIAN_POINT('Origin',(17.8,1.2637460522491E-14,-40.));
#7272=CARTESIAN_POINT('',(15.992971366018,-2.29369734620094,40.));
#7273=CARTESIAN_POINT('Origin',(17.8,1.2637460522491E-14,40.));
#7274=CARTESIAN_POINT('',(15.992971366018,-2.29369734620094,40.));
#7275=CARTESIAN_POINT('Origin',(16.4756707956433,-1.68099737016096,40.));
#7276=CARTESIAN_POINT('',(16.3418619320716,-0.9125605230293,-40.));
#7277=CARTESIAN_POINT('Origin',(16.4756707956433,-1.68099737016096,-40.));
#7278=CARTESIAN_POINT('',(16.3418619320716,-0.9125605230293,40.));
#7279=CARTESIAN_POINT('Origin',(16.4756707956433,-1.68099737016096,40.));
#7280=CARTESIAN_POINT('',(16.3418619320716,-0.9125605230293,40.));
#7281=CARTESIAN_POINT('Origin',(16.4293523428685,-1.415,40.));
#7282=CARTESIAN_POINT('Origin',(16.4293523428685,-1.415,-40.));
#7283=CARTESIAN_POINT('Origin',(16.4293523428685,-1.415,40.));
#7284=CARTESIAN_POINT('Origin',(17.25,-11.5,0.));
#7285=CARTESIAN_POINT('',(17.25,-11.5,-40.));
#7286=CARTESIAN_POINT('',(-17.25,-11.5,-40.));
#7287=CARTESIAN_POINT('',(17.25,-11.5,40.));
#7288=CARTESIAN_POINT('',(17.25,-11.5,0.));
#7289=CARTESIAN_POINT('',(-17.25,-11.5,40.));
#7290=CARTESIAN_POINT('Origin',(17.25,-11.5,0.));
#7291=CARTESIAN_POINT('',(-17.25,-11.5,40.));
#7292=CARTESIAN_POINT('',(-17.25,-11.5,40.));
#7293=CARTESIAN_POINT('',(-17.25,-11.5,-40.));
#7294=CARTESIAN_POINT('',(-17.25,-11.5,0.));
#7295=CARTESIAN_POINT('',(-17.25,-11.5,-40.));
#7296=CARTESIAN_POINT('Origin',(-21.25,-7.5,0.));
#7297=CARTESIAN_POINT('',(-21.25,-7.5,-40.));
#7298=CARTESIAN_POINT('',(-21.25,7.5,-40.));
#7299=CARTESIAN_POINT('',(-21.25,-7.5,40.));
#7300=CARTESIAN_POINT('',(-21.25,-7.5,0.));
#7301=CARTESIAN_POINT('',(-21.25,7.5,40.));
#7302=CARTESIAN_POINT('Origin',(-21.25,-7.5,0.));
#7303=CARTESIAN_POINT('',(-21.25,7.5,40.));
#7304=CARTESIAN_POINT('',(-21.25,7.5,40.));
#7305=CARTESIAN_POINT('',(-21.25,7.5,-40.));
#7306=CARTESIAN_POINT('',(-21.25,7.5,0.));
#7307=CARTESIAN_POINT('',(-21.25,7.5,-40.));
#7308=CARTESIAN_POINT('Origin',(-21.25,-7.5,0.));
#7309=CARTESIAN_POINT('',(-21.25,7.5,-40.));
#7310=CARTESIAN_POINT('',(-21.25,7.5,40.));
#7311=CARTESIAN_POINT('Origin',(-21.25,-7.5,0.));
#7312=CARTESIAN_POINT('',(-21.25,7.5,40.));
#7313=CARTESIAN_POINT('',(-21.25,7.5,-40.));
#7314=CARTESIAN_POINT('Origin',(21.25,7.5,0.));
#7315=CARTESIAN_POINT('',(21.25,-7.5,-40.));
#7316=CARTESIAN_POINT('',(21.25,-7.5,40.));
#7317=CARTESIAN_POINT('Origin',(21.25,7.5,0.));
#7318=CARTESIAN_POINT('',(21.25,-7.5,-40.));
#7319=CARTESIAN_POINT('',(21.25,-7.5,40.));
#7320=CARTESIAN_POINT('Origin',(21.25,7.5,0.));
#7321=CARTESIAN_POINT('',(21.25,-7.5,40.));
#7322=CARTESIAN_POINT('',(21.25,-7.5,40.));
#7323=CARTESIAN_POINT('',(21.25,-7.5,-40.));
#7324=CARTESIAN_POINT('',(21.25,-7.5,0.));
#7325=CARTESIAN_POINT('',(21.25,-7.5,-40.));
#7326=CARTESIAN_POINT('Origin',(21.25,7.5,0.));
#7327=CARTESIAN_POINT('',(21.25,7.5,-40.));
#7328=CARTESIAN_POINT('',(21.25,-7.5,-40.));
#7329=CARTESIAN_POINT('',(21.25,7.5,40.));
#7330=CARTESIAN_POINT('',(21.25,7.5,0.));
#7331=CARTESIAN_POINT('',(21.25,-7.5,40.));
#7332=CARTESIAN_POINT('Origin',(21.25,7.5,0.));
#7333=CARTESIAN_POINT('',(21.25,-7.5,40.));
#7334=CARTESIAN_POINT('',(21.25,-7.5,-40.));
#7335=CARTESIAN_POINT('Origin',(-17.25,11.5,0.));
#7336=CARTESIAN_POINT('',(17.25,11.5,40.));
#7337=CARTESIAN_POINT('',(17.25,11.5,40.));
#7338=CARTESIAN_POINT('',(17.25,11.5,-40.));
#7339=CARTESIAN_POINT('',(17.25,11.5,0.));
#7340=CARTESIAN_POINT('',(17.25,11.5,-40.));
#7341=CARTESIAN_POINT('Origin',(-3.50784232915528E-15,-1.11022302462516E-15,
40.));
#7342=CARTESIAN_POINT('Origin',(17.25,-7.5,40.));
#7343=CARTESIAN_POINT('Origin',(17.25,7.5,40.));
#7344=CARTESIAN_POINT('',(-17.25,11.5,40.));
#7345=CARTESIAN_POINT('',(17.25,11.5,40.));
#7346=CARTESIAN_POINT('Origin',(-17.25,7.5,40.));
#7347=CARTESIAN_POINT('',(-21.25,7.5,40.));
#7348=CARTESIAN_POINT('Origin',(-17.25,-7.5,40.));
#7349=CARTESIAN_POINT('Origin',(-3.33066907387547E-15,-1.28854482791737E-15,
-40.));
#7350=CARTESIAN_POINT('Origin',(-17.25,-7.5,-40.));
#7351=CARTESIAN_POINT('',(-21.25,7.5,-40.));
#7352=CARTESIAN_POINT('',(-17.25,11.5,-40.));
#7353=CARTESIAN_POINT('Origin',(-17.25,7.5,-40.));
#7354=CARTESIAN_POINT('',(17.25,11.5,-40.));
#7355=CARTESIAN_POINT('Origin',(17.25,7.5,-40.));
#7356=CARTESIAN_POINT('Origin',(17.25,-7.5,-40.));
#7357=CARTESIAN_POINT('Origin',(-17.25,11.5,0.));
#7358=CARTESIAN_POINT('',(-17.25,11.5,0.));
#7359=CARTESIAN_POINT('Origin',(17.25,7.5,0.));
#7360=CARTESIAN_POINT('Origin',(17.25,-7.5,0.));
#7361=CARTESIAN_POINT('Origin',(-17.25,-7.5,0.));
#7362=CARTESIAN_POINT('Origin',(-21.25,-7.5,0.));
#7363=CARTESIAN_POINT('Origin',(-17.25,7.5,0.));
#7364=CARTESIAN_POINT('',(0.,0.,0.));
#7365=CARTESIAN_POINT('Origin',(-9.75,-10.0711616489483,0.70594842216726));
#7366=CARTESIAN_POINT('',(-9.75,-10.065,1.39978677321895));
#7367=CARTESIAN_POINT('',(-9.75,-10.0894333690122,1.39978677321895));
#7368=CARTESIAN_POINT('',(-9.75,-10.065,1.39978677321895));
#7369=CARTESIAN_POINT('',(-9.75,-10.065,0.));
#7370=CARTESIAN_POINT('',(-9.75,-10.065,0.));
#7371=CARTESIAN_POINT('',(-9.75,-10.0711602495354,0.352920459519244));
#7372=CARTESIAN_POINT('Origin',(-8.,-10.065,1.39978677321895));
#7373=CARTESIAN_POINT('',(-6.25,-10.065,1.39978677321895));
#7374=CARTESIAN_POINT('',(-6.25,-10.065,0.));
#7375=CARTESIAN_POINT('',(-6.25,-10.065,0.));
#7376=CARTESIAN_POINT('',(17.315,-10.065,0.));
#7377=CARTESIAN_POINT('',(-8.,-10.065,1.39978677321895));
#7378=CARTESIAN_POINT('Origin',(-6.25,-10.0711616489483,0.70594842216726));
#7379=CARTESIAN_POINT('',(-6.25,-10.0894333690122,1.39978677321895));
#7380=CARTESIAN_POINT('',(-6.25,-10.0711602495354,0.352920459519244));
#7381=CARTESIAN_POINT('',(-6.25,-10.065,1.39978677321895));
#7382=CARTESIAN_POINT('Origin',(17.315,-10.065,0.));
#7383=CARTESIAN_POINT('',(-17.315,-10.065,0.));
#7384=CARTESIAN_POINT('',(17.315,-10.065,0.));
#7385=CARTESIAN_POINT('',(-17.315,-10.0894333690122,1.39978677321895));
#7386=CARTESIAN_POINT('',(-17.315,-10.0894333690122,1.39978677321895));
#7387=CARTESIAN_POINT('',(17.315,-10.0894333690122,1.39978677321895));
#7388=CARTESIAN_POINT('Origin',(17.315,-10.065,0.));
#7389=CARTESIAN_POINT('',(17.315,-10.0894333690122,1.39978677321895));
#7390=CARTESIAN_POINT('',(17.315,-10.0894333690122,1.39978677321895));
#7391=CARTESIAN_POINT('',(17.315,-10.065,0.));
#7392=CARTESIAN_POINT('',(17.315,-10.0894333690122,1.39978677321895));
#7393=CARTESIAN_POINT('',(17.315,-10.065,0.));
#7394=CARTESIAN_POINT('Ctrl Pts',(-17.3559113040931,10.0892246092662,1.40681928377402));
#7395=CARTESIAN_POINT('Ctrl Pts',(-17.3424452157148,10.0812563919994,0.937878402356831));
#7396=CARTESIAN_POINT('Ctrl Pts',(-17.3288941334541,10.0731839563544,0.468938619290164));
#7397=CARTESIAN_POINT('Ctrl Pts',(-17.3152538156345,10.0649999871155,2.08166817117217E-16));
#7398=CARTESIAN_POINT('Ctrl Pts',(-17.6518827048899,10.0843389371824,1.40173699251077));
#7399=CARTESIAN_POINT('Ctrl Pts',(-17.6394529485714,10.0779636867909,0.932750830336383));
#7400=CARTESIAN_POINT('Ctrl Pts',(-17.6269265700303,10.0713819002144,0.463768187921447));
#7401=CARTESIAN_POINT('Ctrl Pts',(-17.6143302216629,10.0648785376196,-0.00521827839210319));
#7402=CARTESIAN_POINT('Ctrl Pts',(-18.1605858041311,9.83041209847593,1.39721860190799));
#7403=CARTESIAN_POINT('Ctrl Pts',(-18.1511284559889,9.82486784008728,0.928189683109315));
#7404=CARTESIAN_POINT('Ctrl Pts',(-18.1416560630984,9.81934334290284,0.459158145565698));
#7405=CARTESIAN_POINT('Ctrl Pts',(-18.1321408746076,9.81375040628917,-0.00987368413556408));
#7406=CARTESIAN_POINT('Ctrl Pts',(-18.3394895881476,9.31151699127792,1.40300756532658));
#7407=CARTESIAN_POINT('Ctrl Pts',(-18.3313166589803,9.30421075924616,0.934033524005819));
#7408=CARTESIAN_POINT('Ctrl Pts',(-18.3231036002264,9.29687220635516,0.465059932989431));
#7409=CARTESIAN_POINT('Ctrl Pts',(-18.3149316859589,9.28945960972514,-0.00391370879407851));
#7410=CARTESIAN_POINT('Ctrl Pts',(-18.3395561219406,9.08950820934242,1.40681928377401));
#7411=CARTESIAN_POINT('Ctrl Pts',(-18.3313707284079,9.08145440535258,0.937878402356829));
#7412=CARTESIAN_POINT('Ctrl Pts',(-18.3231853540471,9.07333682017304,0.468938619290162));
#7413=CARTESIAN_POINT('Ctrl Pts',(-18.315,9.06515229711213,-1.29453739394769E-15));
#7414=CARTESIAN_POINT('',(-17.3557093524137,10.0891051054204,1.39978677322568));
#7415=CARTESIAN_POINT('',(-18.3394333690122,9.08938742502277,1.39978677322044));
#7416=CARTESIAN_POINT('Ctrl Pts',(-17.355709352415,10.0891051054244,1.39978677321909));
#7417=CARTESIAN_POINT('Ctrl Pts',(-17.3992656314856,10.0884027211683,1.39978677067198));
#7418=CARTESIAN_POINT('Ctrl Pts',(-17.442570040983,10.0846713944169,1.39979111766286));
#7419=CARTESIAN_POINT('Ctrl Pts',(-17.485393404702,10.0781097482312,1.39979666400247));
#7420=CARTESIAN_POINT('Ctrl Pts',(-17.5294874945225,10.0713533939621,1.39980237492229));
#7421=CARTESIAN_POINT('Ctrl Pts',(-17.5730725921922,10.0615959766539,1.39980934431672));
#7422=CARTESIAN_POINT('Ctrl Pts',(-17.615894635466,10.0489987465587,1.39981515709096));
#7423=CARTESIAN_POINT('Ctrl Pts',(-17.6558009461142,10.0372592558887,1.39982057407616));
#7424=CARTESIAN_POINT('Ctrl Pts',(-17.6950452236877,10.0230526317475,1.39982499038813));
#7425=CARTESIAN_POINT('Ctrl Pts',(-17.7334067691926,10.0064715621523,1.39982736540014));
#7426=CARTESIAN_POINT('Ctrl Pts',(-17.7745341946481,9.98869499202787,1.39982991165128));
#7427=CARTESIAN_POINT('Ctrl Pts',(-17.8143790787887,9.96830576545396,1.39983005057615));
#7428=CARTESIAN_POINT('Ctrl Pts',(-17.8526944964394,9.94547597531519,1.39982771411485));
#7429=CARTESIAN_POINT('Ctrl Pts',(-17.8906918438705,9.92283570356902,1.39982539704936));
#7430=CARTESIAN_POINT('Ctrl Pts',(-17.927185993915,9.89779460840751,1.39982063891474));
#7431=CARTESIAN_POINT('Ctrl Pts',(-17.9619142982969,9.87047535977493,1.39981453142349));
#7432=CARTESIAN_POINT('Ctrl Pts',(-17.9938959114219,9.84531681385161,1.39980890697893));
#7433=CARTESIAN_POINT('Ctrl Pts',(-18.0243803319809,9.81822544084503,1.3998021451437));
#7434=CARTESIAN_POINT('Ctrl Pts',(-18.0531350328197,9.78926909878871,1.39979605772409));
#7435=CARTESIAN_POINT('Ctrl Pts',(-18.0788446447699,9.76337919918793,1.39979061495504));
#7436=CARTESIAN_POINT('Ctrl Pts',(-18.1030341044861,9.7361357088372,1.39978575820882));
#7437=CARTESIAN_POINT('Ctrl Pts',(-18.1255649276427,9.70761450665236,1.39978338661274));
#7438=CARTESIAN_POINT('Ctrl Pts',(-18.1527429164596,9.67321057437541,1.39978052585567));
#7439=CARTESIAN_POINT('Ctrl Pts',(-18.1775091635567,9.63694801877948,1.39978124298007));
#7440=CARTESIAN_POINT('Ctrl Pts',(-18.1997979231098,9.59913183659697,1.39978282596743));
#7441=CARTESIAN_POINT('Ctrl Pts',(-18.2223445422531,9.56087815742345,1.39978442726845));
#7442=CARTESIAN_POINT('Ctrl Pts',(-18.2423564942197,9.52103359896758,1.39978692512225));
#7443=CARTESIAN_POINT('Ctrl Pts',(-18.2597192604014,9.47988990746656,1.39978873527714));
#7444=CARTESIAN_POINT('Ctrl Pts',(-18.2615826303489,9.47547437151637,1.39978892954274));
#7445=CARTESIAN_POINT('Ctrl Pts',(-18.2634154404232,9.4710438596404,1.39978911694589));
#7446=CARTESIAN_POINT('Ctrl Pts',(-18.2652175140484,9.4665987246549,1.39978929627386));
#7447=CARTESIAN_POINT('Ctrl Pts',(-18.2819790734039,9.42525335848281,1.3997909642503));
#7448=CARTESIAN_POINT('Ctrl Pts',(-18.2959774418255,9.38291114550154,1.39979185807953));
#7449=CARTESIAN_POINT('Ctrl Pts',(-18.3071500012522,9.33988434418341,1.39979172091804));
#7450=CARTESIAN_POINT('Ctrl Pts',(-18.3182285012372,9.29721977650894,1.39979158491128));
#7451=CARTESIAN_POINT('Ctrl Pts',(-18.3265288568531,9.25388094343577,1.39979045008012));
#7452=CARTESIAN_POINT('Ctrl Pts',(-18.3319429678069,9.21015504551459,1.39978918287179));
#7453=CARTESIAN_POINT('Ctrl Pts',(-18.3368962563323,9.17015088042009,1.399788023522));
#7454=CARTESIAN_POINT('Ctrl Pts',(-18.3394334040754,9.12982191072899,1.39978677300699));
#7455=CARTESIAN_POINT('Ctrl Pts',(-18.3394333690122,9.08938742502428,1.39978677321909));
#7456=CARTESIAN_POINT('',(-18.315,9.06515229711219,1.63517986301239E-12));
#7457=CARTESIAN_POINT('Ctrl Pts',(-18.3394333690122,9.0893874250243,1.39978677322058));
#7458=CARTESIAN_POINT('Ctrl Pts',(-18.3312888933136,9.08137324632244,0.933190072943058));
#7459=CARTESIAN_POINT('Ctrl Pts',(-18.3231444366012,9.07329590688115,0.466594460386293));
#7460=CARTESIAN_POINT('Ctrl Pts',(-18.315,9.06515229711213,-1.29453739394769E-15));
#7461=CARTESIAN_POINT('',(-17.3152538156349,10.0649999871158,7.3805631745083E-12));
#7462=CARTESIAN_POINT('Ctrl Pts',(-18.315,9.06515229711213,-1.01481323344643E-16));
#7463=CARTESIAN_POINT('Ctrl Pts',(-18.315,9.10905827009567,-1.32922120615197E-16));
#7464=CARTESIAN_POINT('Ctrl Pts',(-18.312006554185,9.15283892420774,1.50040141966884E-6));
#7465=CARTESIAN_POINT('Ctrl Pts',(-18.3061744663124,9.19621388989177,2.78916464178849E-6));
#7466=CARTESIAN_POINT('Ctrl Pts',(-18.300240201118,9.24034877859536,4.1005068060194E-6));
#7467=CARTESIAN_POINT('Ctrl Pts',(-18.2913667157683,9.28406478501232,5.17693609661295E-6));
#7468=CARTESIAN_POINT('Ctrl Pts',(-18.2796633519979,9.32706475837763,5.18334167333954E-6));
#7469=CARTESIAN_POINT('Ctrl Pts',(-18.2687545054758,9.36714555216445,5.18931238866263E-6));
#7470=CARTESIAN_POINT('Ctrl Pts',(-18.255386217129,9.40660497643774,4.26571507034414E-6));
#7471=CARTESIAN_POINT('Ctrl Pts',(-18.2396090539857,9.44518756572302,2.65745019036013E-6));
#7472=CARTESIAN_POINT('Ctrl Pts',(-18.2226923940178,9.48655676103962,9.33029274845718E-7));
#7473=CARTESIAN_POINT('Ctrl Pts',(-18.2031167066303,9.52664921407712,-1.60666904979245E-6));
#7474=CARTESIAN_POINT('Ctrl Pts',(-18.1810030999825,9.56517490539961,-3.48880449848753E-6));
#7475=CARTESIAN_POINT('Ctrl Pts',(-18.1591339094586,9.60327478196029,-5.35013717816655E-6));
#7476=CARTESIAN_POINT('Ctrl Pts',(-18.1347821192151,9.63984341587526,-6.57891879024438E-6));
#7477=CARTESIAN_POINT('Ctrl Pts',(-18.1080193996727,9.67457878226154,-4.58105290355831E-6));
#7478=CARTESIAN_POINT('Ctrl Pts',(-18.1043466685642,9.67934562445365,-4.30687956400181E-6));
#7479=CARTESIAN_POINT('Ctrl Pts',(-18.1006284681163,9.6840778927981,-3.96997375836418E-6));
#7480=CARTESIAN_POINT('Ctrl Pts',(-18.0968649231981,9.68877475718012,-3.56171205706524E-6));
#7481=CARTESIAN_POINT('Ctrl Pts',(-18.0749255916961,9.71615481160677,-1.18177797945168E-6));
#7482=CARTESIAN_POINT('Ctrl Pts',(-18.0514463580089,9.74233305603883,3.58275126240132E-6));
#7483=CARTESIAN_POINT('Ctrl Pts',(-18.0265524385911,9.76724270010568,8.98221329277346E-6));
#7484=CARTESIAN_POINT('Ctrl Pts',(-17.9954408428335,9.7983739480087,1.5730282055126E-5));
#7485=CARTESIAN_POINT('Ctrl Pts',(-17.9623208169752,9.82732511657967,2.33797515211051E-5));
#7486=CARTESIAN_POINT('Ctrl Pts',(-17.9274843290337,9.85401348571151,2.96116553346812E-5));
#7487=CARTESIAN_POINT('Ctrl Pts',(-17.8920415675767,9.88116632334554,3.59520154955053E-5));
#7488=CARTESIAN_POINT('Ctrl Pts',(-17.8548211320697,9.90597754314111,4.08306128804433E-5));
#7489=CARTESIAN_POINT('Ctrl Pts',(-17.8160936415728,9.9283208827316,4.31332636110383E-5));
#7490=CARTESIAN_POINT('Ctrl Pts',(-17.7806390867426,9.94877594316636,4.52413128426102E-5));
#7491=CARTESIAN_POINT('Ctrl Pts',(-17.7439204169427,9.96716250523997,4.52104462159968E-5));
#7492=CARTESIAN_POINT('Ctrl Pts',(-17.7061293632953,9.98334885524271,4.30725344698598E-5));
#7493=CARTESIAN_POINT('Ctrl Pts',(-17.6650992908851,10.0009225148412,4.07513852748791E-5));
#7494=CARTESIAN_POINT('Ctrl Pts',(-17.6230077631098,10.0158165403847,3.59594521657453E-5));
#7495=CARTESIAN_POINT('Ctrl Pts',(-17.5801164132501,10.027894058342,2.99641296960815E-5));
#7496=CARTESIAN_POINT('Ctrl Pts',(-17.558528654,10.0339728259923,2.69466080157151E-5));
#7497=CARTESIAN_POINT('Ctrl Pts',(-17.536737947952,10.0393373669428,2.36429706211823E-5));
#7498=CARTESIAN_POINT('Ctrl Pts',(-17.5147763156869,10.0439653862415,2.03228572556334E-5));
#7499=CARTESIAN_POINT('Ctrl Pts',(-17.4717034745331,10.0530422133964,1.38111957414628E-5));
#7500=CARTESIAN_POINT('Ctrl Pts',(-17.4281168969029,10.0592587800762,7.20016945174264E-6));
#7501=CARTESIAN_POINT('Ctrl Pts',(-17.3842620825827,10.0624662157388,3.30910923142941E-6));
#7502=CARTESIAN_POINT('Ctrl Pts',(-17.3613213619815,10.0641440448784,1.27367191991434E-6));
#7503=CARTESIAN_POINT('Ctrl Pts',(-17.3383070502623,10.064997646607,1.79877966519147E-16));
#7504=CARTESIAN_POINT('Ctrl Pts',(-17.3152538156345,10.0649999871155,2.22044604925031E-16));
#7505=CARTESIAN_POINT('Ctrl Pts',(-17.3152538156345,10.0649999871155,2.08166817117217E-16));
#7506=CARTESIAN_POINT('Ctrl Pts',(-17.3288259474034,10.073143045831,0.466594460388043));
#7507=CARTESIAN_POINT('Ctrl Pts',(-17.342309733536,10.0811756832474,0.933190072946557));
#7508=CARTESIAN_POINT('Ctrl Pts',(-17.3557093524152,10.0891051054246,1.39978677322583));
#7509=CARTESIAN_POINT('Origin',(-18.3394333690122,3.20491991169766,1.39978677321895));
#7510=CARTESIAN_POINT('',(-18.3394333690122,3.43322794588101,1.39978677321894));
#7511=CARTESIAN_POINT('',(-18.3394333690122,9.87222779695386,1.39978677321895));
#7512=CARTESIAN_POINT('',(-18.315,3.46009123811537,-1.06879221440868E-14));
#7513=CARTESIAN_POINT('Ctrl Pts',(-18.315,3.46009123811537,-1.09287578986539E-14));
#7514=CARTESIAN_POINT('Ctrl Pts',(-18.3231444679586,3.45117155463563,0.46659625684881));
#7515=CARTESIAN_POINT('Ctrl Pts',(-18.3312889244186,3.4422173956421,0.933191854946278));
#7516=CARTESIAN_POINT('Ctrl Pts',(-18.3394333690122,3.43322794588103,1.39978677321894));
#7517=CARTESIAN_POINT('',(-18.315,1.60245995584883,1.38777878078145E-16));
#7518=CARTESIAN_POINT('Ctrl Pts',(-17.3152538156345,-10.0649999871155,-5.72458747072346E-16));
#7519=CARTESIAN_POINT('Ctrl Pts',(-17.3288941369945,-10.0731839584786,0.468938741004586));
#7520=CARTESIAN_POINT('Ctrl Pts',(-17.3424452227493,-10.0812563961899,0.93787864578628));
#7521=CARTESIAN_POINT('Ctrl Pts',(-17.3559113145786,-10.0892246154707,1.40681964891904));
#7522=CARTESIAN_POINT('Ctrl Pts',(-17.6143302216629,-10.0648785376196,-0.00521827839210338));
#7523=CARTESIAN_POINT('Ctrl Pts',(-17.6269265732998,-10.0713819019024,0.46376830964829));
#7524=CARTESIAN_POINT('Ctrl Pts',(-17.6394529550699,-10.0779636901688,0.932751073789064));
#7525=CARTESIAN_POINT('Ctrl Pts',(-17.6518827145726,-10.0843389421828,1.40173735769015));
#7526=CARTESIAN_POINT('Ctrl Pts',(-18.1321408746046,-9.81375040628673,-0.00987368413546971));
#7527=CARTESIAN_POINT('Ctrl Pts',(-18.1416560655652,-9.81934334435207,0.459158267304406));
#7528=CARTESIAN_POINT('Ctrl Pts',(-18.1511284609066,-9.82486784296446,0.928189926586153));
#7529=CARTESIAN_POINT('Ctrl Pts',(-18.160585811489,-9.83041210277973,1.39721896712197));
#7530=CARTESIAN_POINT('Ctrl Pts',(-18.3149316859589,-9.28945960972513,-0.00391370879407729));
#7531=CARTESIAN_POINT('Ctrl Pts',(-18.3231036023474,-9.29687220827912,0.465060054712946));
#7532=CARTESIAN_POINT('Ctrl Pts',(-18.3313166632328,-9.3042107630609,0.934033767452887));
#7533=CARTESIAN_POINT('Ctrl Pts',(-18.3394895945217,-9.31151699696204,1.40300793049737));
#7534=CARTESIAN_POINT('Ctrl Pts',(-18.315,-9.06515229711213,-6.93889390390723E-17));
#7535=CARTESIAN_POINT('Ctrl Pts',(-18.3231853561716,-9.07333682229735,0.468938741004586));
#7536=CARTESIAN_POINT('Ctrl Pts',(-18.331370732657,-9.08145440956647,0.937878645786281));
#7537=CARTESIAN_POINT('Ctrl Pts',(-18.3395561283142,-9.08950821561358,1.40681964891905));
#7538=CARTESIAN_POINT('',(-17.3152538156349,-10.0649999871158,7.38079736217756E-12));
#7539=CARTESIAN_POINT('',(-18.315,-9.06515229711218,1.63514087389005E-12));
#7540=CARTESIAN_POINT('Ctrl Pts',(-17.3152538156345,-10.0649999871155,-1.75162672382613E-17));
#7541=CARTESIAN_POINT('Ctrl Pts',(-17.3588011817571,-10.0649955659145,-1.49780345772939E-17));
#7542=CARTESIAN_POINT('Ctrl Pts',(-17.4021433645924,-10.061956915832,4.46395720358965E-6));
#7543=CARTESIAN_POINT('Ctrl Pts',(-17.4450491629619,-10.0560803465884,1.01905464098325E-5));
#7544=CARTESIAN_POINT('Ctrl Pts',(-17.4892459715388,-10.0500269548366,1.6089445313117E-5));
#7545=CARTESIAN_POINT('Ctrl Pts',(-17.5329807671041,-10.0409620280551,2.33147695549447E-5));
#7546=CARTESIAN_POINT('Ctrl Pts',(-17.5759978318467,-10.0290444308541,2.93939421667708E-5));
#7547=CARTESIAN_POINT('Ctrl Pts',(-17.6160947905178,-10.0179358299932,3.50604453191719E-5));
#7548=CARTESIAN_POINT('Ctrl Pts',(-17.655568813883,-10.004347835735,3.97348134809735E-5));
#7549=CARTESIAN_POINT('Ctrl Pts',(-17.6941983266367,-9.98837102400999,4.23332864558403E-5));
#7550=CARTESIAN_POINT('Ctrl Pts',(-17.7356029658661,-9.97124644545971,4.51184325372147E-5));
#7551=CARTESIAN_POINT('Ctrl Pts',(-17.7757676385477,-9.95148978880519,4.54551182825989E-5));
#7552=CARTESIAN_POINT('Ctrl Pts',(-17.8144435934708,-9.92927083699866,4.32294636910297E-5));
#7553=CARTESIAN_POINT('Ctrl Pts',(-17.8528166391898,-9.90722590352014,4.10212403758828E-5));
#7554=CARTESIAN_POINT('Ctrl Pts',(-17.8897251867213,-9.88275649494624,3.62837967569147E-5));
#7555=CARTESIAN_POINT('Ctrl Pts',(-17.9249051625854,-9.85598286572957,3.00713392594118E-5));
#7556=CARTESIAN_POINT('Ctrl Pts',(-17.9572656880124,-9.83135497194167,2.43567705630209E-5));
#7557=CARTESIAN_POINT('Ctrl Pts',(-17.9881639869236,-9.80477660848134,1.74012492827477E-5));
#7558=CARTESIAN_POINT('Ctrl Pts',(-18.0173676667342,-9.77631311886509,1.09881844343133E-5));
#7559=CARTESIAN_POINT('Ctrl Pts',(-18.0456828424524,-9.74871561350728,4.77023316055116E-6));
#7560=CARTESIAN_POINT('Ctrl Pts',(-18.0722412344144,-9.7195048611643,-8.9128953514854E-7));
#7561=CARTESIAN_POINT('Ctrl Pts',(-18.0968649231732,-9.68877475716345,-3.56285381000309E-6));
#7562=CARTESIAN_POINT('Ctrl Pts',(-18.124967029017,-9.65370362530824,-6.61181137098074E-6));
#7563=CARTESIAN_POINT('Ctrl Pts',(-18.1505508503832,-9.61665379986009,-5.7989355680934E-6));
#7564=CARTESIAN_POINT('Ctrl Pts',(-18.1735415073034,-9.57795220683178,-4.08511904940632E-6));
#7565=CARTESIAN_POINT('Ctrl Pts',(-18.1965321642237,-9.53925061380347,-2.37130253071923E-6));
#7566=CARTESIAN_POINT('Ctrl Pts',(-18.2169300872704,-9.49889601106947,2.57635475140124E-7));
#7567=CARTESIAN_POINT('Ctrl Pts',(-18.2346108382874,-9.45719067553748,2.13655166361173E-6));
#7568=CARTESIAN_POINT('Ctrl Pts',(-18.2520200932469,-9.41612574459953,3.98661623053192E-6));
#7569=CARTESIAN_POINT('Ctrl Pts',(-18.266709181276,-9.37395353938189,5.1163292448215E-6));
#7570=CARTESIAN_POINT('Ctrl Pts',(-18.2785896090548,-9.33097908141828,5.17388366331334E-6));
#7571=CARTESIAN_POINT('Ctrl Pts',(-18.2846042599058,-9.30922259545852,5.20302148045347E-6));
#7572=CARTESIAN_POINT('Ctrl Pts',(-18.2898982823077,-9.28726013778061,4.97665981204698E-6));
#7573=CARTESIAN_POINT('Ctrl Pts',(-18.294455282156,-9.2651299214639,4.55868368239454E-6));
#7574=CARTESIAN_POINT('Ctrl Pts',(-18.3034003523738,-9.22168986320663,3.73822593527529E-6));
#7575=CARTESIAN_POINT('Ctrl Pts',(-18.3094788050296,-9.17774912859208,2.12340949586204E-6));
#7576=CARTESIAN_POINT('Ctrl Pts',(-18.3125859055623,-9.13360055597331,1.00474056317478E-6));
#7577=CARTESIAN_POINT('Ctrl Pts',(-18.3141886919024,-9.11082667775997,4.27679323753569E-7));
#7578=CARTESIAN_POINT('Ctrl Pts',(-18.315,-9.08799730830467,-5.50587636715506E-17));
#7579=CARTESIAN_POINT('Ctrl Pts',(-18.315,-9.06515229711213,-6.93889390390723E-17));
#7580=CARTESIAN_POINT('',(-18.3394333690122,-9.08938742502276,1.39978677322044));
#7581=CARTESIAN_POINT('Ctrl Pts',(-18.315,-9.06515229711213,-6.93889390390723E-17));
#7582=CARTESIAN_POINT('Ctrl Pts',(-18.3231444366012,-9.07329590688115,0.466594460386294));
#7583=CARTESIAN_POINT('Ctrl Pts',(-18.3312888933136,-9.08137324632244,0.93319007294306));
#7584=CARTESIAN_POINT('Ctrl Pts',(-18.3394333690122,-9.0893874250243,1.39978677322058));
#7585=CARTESIAN_POINT('',(-17.3557093524137,-10.0891051054204,1.39978677322568));
#7586=CARTESIAN_POINT('Ctrl Pts',(-18.3394333690122,-9.08938742502427,1.39978677321909));
#7587=CARTESIAN_POINT('Ctrl Pts',(-18.3394334070976,-9.13330476634649,1.39978677298871));
#7588=CARTESIAN_POINT('Ctrl Pts',(-18.3364410282347,-9.17709648984399,1.399788236895));
#7589=CARTESIAN_POINT('Ctrl Pts',(-18.3306096465217,-9.22048185808334,1.39978947995782));
#7590=CARTESIAN_POINT('Ctrl Pts',(-18.3246784756669,-9.26460965562547,1.39979074429246));
#7591=CARTESIAN_POINT('Ctrl Pts',(-18.3158100653923,-9.30831821758351,1.39979176466497));
#7592=CARTESIAN_POINT('Ctrl Pts',(-18.3041121592712,-9.35131035526668,1.39979173520737));
#7593=CARTESIAN_POINT('Ctrl Pts',(-18.2932084312756,-9.39138372997108,1.39979170774966));
#7594=CARTESIAN_POINT('Ctrl Pts',(-18.2798456118379,-9.43083539853401,1.39979076841958));
#7595=CARTESIAN_POINT('Ctrl Pts',(-18.2640729732009,-9.46940986514955,1.3997891817507));
#7596=CARTESIAN_POINT('Ctrl Pts',(-18.2465394016312,-9.51229096999999,1.39978741793851));
#7597=CARTESIAN_POINT('Ctrl Pts',(-18.226146798858,-9.55379948283985,1.39978481712558));
#7598=CARTESIAN_POINT('Ctrl Pts',(-18.2030273577654,-9.59361185280904,1.39978306321891));
#7599=CARTESIAN_POINT('Ctrl Pts',(-18.1799079166728,-9.63342422277823,1.39978130931225));
#7600=CARTESIAN_POINT('Ctrl Pts',(-18.1540611621317,-9.67154184032829,1.39978038670485));
#7601=CARTESIAN_POINT('Ctrl Pts',(-18.1255649276383,-9.7076145066473,1.39978338634412));
#7602=CARTESIAN_POINT('Ctrl Pts',(-18.1024027137239,-9.73693497051199,1.39978582450086));
#7603=CARTESIAN_POINT('Ctrl Pts',(-18.0774886664431,-9.76490394366381,1.39979088614077));
#7604=CARTESIAN_POINT('Ctrl Pts',(-18.050973419556,-9.79143909064901,1.39979651603523));
#7605=CARTESIAN_POINT('Ctrl Pts',(-18.0198342289953,-9.82260165164825,1.39980312771633));
#7606=CARTESIAN_POINT('Ctrl Pts',(-17.9866879788878,-9.8515874303292,1.39981044347974));
#7607=CARTESIAN_POINT('Ctrl Pts',(-17.9518253814761,-9.87830965815857,1.39981626115357));
#7608=CARTESIAN_POINT('Ctrl Pts',(-17.9163948588681,-9.90546720141509,1.39982217359955));
#7609=CARTESIAN_POINT('Ctrl Pts',(-17.87919066491,-9.93028747706586,1.39982654444147));
#7610=CARTESIAN_POINT('Ctrl Pts',(-17.8404811979485,-9.9526403871117,1.39982837512431));
#7611=CARTESIAN_POINT('Ctrl Pts',(-17.8050479752402,-9.97310141905046,1.39983005086408));
#7612=CARTESIAN_POINT('Ctrl Pts',(-17.768352480986,-9.99149495501472,1.39982961800095));
#7613=CARTESIAN_POINT('Ctrl Pts',(-17.7305846805817,-10.0076863857389,1.39982718721692));
#7614=CARTESIAN_POINT('Ctrl Pts',(-17.6893274721852,-10.0253737602875,1.39982453185012));
#7615=CARTESIAN_POINT('Ctrl Pts',(-17.6470593826398,-10.0403187760991,1.39981952533658));
#7616=CARTESIAN_POINT('Ctrl Pts',(-17.6040526929706,-10.0524043422755,1.39981352682559));
#7617=CARTESIAN_POINT('Ctrl Pts',(-17.5620048551902,-10.0642204557679,1.39980766205387));
#7618=CARTESIAN_POINT('Ctrl Pts',(-17.5192499352907,-10.0733035280222,1.39980086177461));
#7619=CARTESIAN_POINT('Ctrl Pts',(-17.4760253588382,-10.0794988011112,1.39979547375046));
#7620=CARTESIAN_POINT('Ctrl Pts',(-17.4362573955155,-10.0851986462734,1.3997905165996));
#7621=CARTESIAN_POINT('Ctrl Pts',(-17.3960911486192,-10.0884539125704,1.3997867708575));
#7622=CARTESIAN_POINT('Ctrl Pts',(-17.355709352415,-10.0891051054244,1.39978677321909));
#7623=CARTESIAN_POINT('Ctrl Pts',(-17.3557093524152,-10.0891051054245,1.39978677322583));
#7624=CARTESIAN_POINT('Ctrl Pts',(-17.342309733536,-10.0811756832474,0.933190072946557));
#7625=CARTESIAN_POINT('Ctrl Pts',(-17.3288259474034,-10.073143045831,0.466594460388042));
#7626=CARTESIAN_POINT('Ctrl Pts',(-17.3152538156345,-10.0649999871155,-5.72458747072346E-16));
#7627=CARTESIAN_POINT('Origin',(-18.3394333690122,-9.87222779695385,1.39978677321895));
#7628=CARTESIAN_POINT('',(-18.315,-3.46009123811537,-1.09647331090461E-14));
#7629=CARTESIAN_POINT('',(-18.315,-4.93611389847693,6.93889390390723E-17));
#7630=CARTESIAN_POINT('',(-18.3394333690122,-3.43322794588101,1.39978677321894));
#7631=CARTESIAN_POINT('Ctrl Pts',(-18.3394333690122,-3.43322794588103,1.39978677321894));
#7632=CARTESIAN_POINT('Ctrl Pts',(-18.3312889244186,-3.44221739564209,0.933191854947051));
#7633=CARTESIAN_POINT('Ctrl Pts',(-18.3231444679586,-3.45117155463562,0.466596256849341));
#7634=CARTESIAN_POINT('Ctrl Pts',(-18.315,-3.46009123811537,-1.0897858136738E-14));
#7635=CARTESIAN_POINT('',(-18.3394333690122,-3.20491991169766,1.39978677321895));
#7636=CARTESIAN_POINT('Ctrl Pts',(17.3559113040931,-10.0892246092662,1.40681928377401));
#7637=CARTESIAN_POINT('Ctrl Pts',(17.3424452157148,-10.0812563919994,0.93787840235683));
#7638=CARTESIAN_POINT('Ctrl Pts',(17.328894133454,-10.0731839563544,0.468938619290164));
#7639=CARTESIAN_POINT('Ctrl Pts',(17.3152538156344,-10.0649999871155,-3.46944695195361E-17));
#7640=CARTESIAN_POINT('Ctrl Pts',(17.6518827048898,-10.0843389371824,1.40173699251077));
#7641=CARTESIAN_POINT('Ctrl Pts',(17.6394529485713,-10.0779636867909,0.932750830336383));
#7642=CARTESIAN_POINT('Ctrl Pts',(17.6269265700303,-10.0713819002144,0.463768187921448));
#7643=CARTESIAN_POINT('Ctrl Pts',(17.6143302216628,-10.0648785376197,-0.00521827839210327));
#7644=CARTESIAN_POINT('Ctrl Pts',(18.1605858041311,-9.83041209847594,1.39721860190799));
#7645=CARTESIAN_POINT('Ctrl Pts',(18.1511284559889,-9.8248678400873,0.928189683109314));
#7646=CARTESIAN_POINT('Ctrl Pts',(18.1416560630984,-9.81934334290286,0.459158145565697));
#7647=CARTESIAN_POINT('Ctrl Pts',(18.1321408746075,-9.81375040628918,-0.00987368413556381));
#7648=CARTESIAN_POINT('Ctrl Pts',(18.3394895881476,-9.31151699127793,1.40300756532658));
#7649=CARTESIAN_POINT('Ctrl Pts',(18.3313166589803,-9.30421075924617,0.93403352400582));
#7650=CARTESIAN_POINT('Ctrl Pts',(18.3231036002264,-9.29687220635517,0.465059932989432));
#7651=CARTESIAN_POINT('Ctrl Pts',(18.3149316859589,-9.28945960972514,-0.00391370879407792));
#7652=CARTESIAN_POINT('Ctrl Pts',(18.3395561219405,-9.08950820934243,1.40681928377401));
#7653=CARTESIAN_POINT('Ctrl Pts',(18.3313707284079,-9.08145440535259,0.93787840235683));
#7654=CARTESIAN_POINT('Ctrl Pts',(18.3231853540471,-9.07333682017305,0.468938619290163));
#7655=CARTESIAN_POINT('Ctrl Pts',(18.315,-9.06515229711214,-6.2233204700668E-16));
#7656=CARTESIAN_POINT('',(17.3557093524137,-10.0891051054204,1.39978677322568));
#7657=CARTESIAN_POINT('',(18.3394333690122,-9.08938742502278,1.39978677322044));
#7658=CARTESIAN_POINT('Ctrl Pts',(17.355709352415,-10.0891051054244,1.39978677321909));
#7659=CARTESIAN_POINT('Ctrl Pts',(17.3992656314855,-10.0884027211683,1.39978677067198));
#7660=CARTESIAN_POINT('Ctrl Pts',(17.442570040983,-10.0846713944169,1.39979111766286));
#7661=CARTESIAN_POINT('Ctrl Pts',(17.4853934047019,-10.0781097482312,1.39979666400247));
#7662=CARTESIAN_POINT('Ctrl Pts',(17.5294874945223,-10.0713533939621,1.39980237492229));
#7663=CARTESIAN_POINT('Ctrl Pts',(17.5730725921921,-10.0615959766539,1.39980934431672));
#7664=CARTESIAN_POINT('Ctrl Pts',(17.6158946354658,-10.0489987465588,1.39981515709096));
#7665=CARTESIAN_POINT('Ctrl Pts',(17.6558009461141,-10.0372592558887,1.39982057407616));
#7666=CARTESIAN_POINT('Ctrl Pts',(17.6950452236877,-10.0230526317476,1.39982499038813));
#7667=CARTESIAN_POINT('Ctrl Pts',(17.7334067691926,-10.0064715621523,1.39982736540014));
#7668=CARTESIAN_POINT('Ctrl Pts',(17.7745341946481,-9.98869499202788,1.39982991165128));
#7669=CARTESIAN_POINT('Ctrl Pts',(17.8143790787886,-9.96830576545398,1.39983005057615));
#7670=CARTESIAN_POINT('Ctrl Pts',(17.8526944964393,-9.94547597531522,1.39982771411485));
#7671=CARTESIAN_POINT('Ctrl Pts',(17.8906918438704,-9.92283570356905,1.39982539704936));
#7672=CARTESIAN_POINT('Ctrl Pts',(17.9271859939149,-9.89779460840756,1.39982063891474));
#7673=CARTESIAN_POINT('Ctrl Pts',(17.9619142982969,-9.87047535977499,1.39981453142348));
#7674=CARTESIAN_POINT('Ctrl Pts',(17.9938959114218,-9.84531681385166,1.39980890697893));
#7675=CARTESIAN_POINT('Ctrl Pts',(18.0243803319808,-9.81822544084506,1.3998021451437));
#7676=CARTESIAN_POINT('Ctrl Pts',(18.0531350328196,-9.78926909878872,1.39979605772409));
#7677=CARTESIAN_POINT('Ctrl Pts',(18.0788446447699,-9.76337919918794,1.39979061495504));
#7678=CARTESIAN_POINT('Ctrl Pts',(18.103034104486,-9.73613570883722,1.39978575820882));
#7679=CARTESIAN_POINT('Ctrl Pts',(18.1255649276427,-9.70761450665237,1.39978338661274));
#7680=CARTESIAN_POINT('Ctrl Pts',(18.1527429164596,-9.67321057437541,1.39978052585567));
#7681=CARTESIAN_POINT('Ctrl Pts',(18.1775091635567,-9.63694801877947,1.39978124298007));
#7682=CARTESIAN_POINT('Ctrl Pts',(18.1997979231098,-9.59913183659694,1.39978282596743));
#7683=CARTESIAN_POINT('Ctrl Pts',(18.2223445422531,-9.56087815742342,1.39978442726845));
#7684=CARTESIAN_POINT('Ctrl Pts',(18.2423564942196,-9.52103359896757,1.39978692512225));
#7685=CARTESIAN_POINT('Ctrl Pts',(18.2597192604014,-9.47988990746656,1.39978873527714));
#7686=CARTESIAN_POINT('Ctrl Pts',(18.2615826303489,-9.47547437151637,1.39978892954274));
#7687=CARTESIAN_POINT('Ctrl Pts',(18.2634154404231,-9.47104385964041,1.39978911694589));
#7688=CARTESIAN_POINT('Ctrl Pts',(18.2652175140483,-9.46659872465491,1.39978929627386));
#7689=CARTESIAN_POINT('Ctrl Pts',(18.2819790734039,-9.42525335848288,1.3997909642503));
#7690=CARTESIAN_POINT('Ctrl Pts',(18.2959774418255,-9.38291114550165,1.39979185807953));
#7691=CARTESIAN_POINT('Ctrl Pts',(18.3071500012522,-9.33988434418357,1.39979172091804));
#7692=CARTESIAN_POINT('Ctrl Pts',(18.3182285012371,-9.29721977650916,1.39979158491128));
#7693=CARTESIAN_POINT('Ctrl Pts',(18.3265288568531,-9.25388094343605,1.39979045008012));
#7694=CARTESIAN_POINT('Ctrl Pts',(18.3319429678068,-9.21015504551493,1.3997891828718));
#7695=CARTESIAN_POINT('Ctrl Pts',(18.3368962563322,-9.17015088042032,1.399788023522));
#7696=CARTESIAN_POINT('Ctrl Pts',(18.3394334040754,-9.12982191072911,1.399786773007));
#7697=CARTESIAN_POINT('Ctrl Pts',(18.3394333690122,-9.08938742502428,1.39978677321909));
#7698=CARTESIAN_POINT('',(18.315,-9.0651522971122,1.63534237619024E-12));
#7699=CARTESIAN_POINT('Ctrl Pts',(18.3394333690122,-9.08938742502431,1.39978677322058));
#7700=CARTESIAN_POINT('Ctrl Pts',(18.3312888933136,-9.08137324632244,0.933190072943059));
#7701=CARTESIAN_POINT('Ctrl Pts',(18.3231444366012,-9.07329590688116,0.466594460386294));
#7702=CARTESIAN_POINT('Ctrl Pts',(18.315,-9.06515229711214,-6.2233204700668E-16));
#7703=CARTESIAN_POINT('',(17.3152538156349,-10.0649999871158,7.38097950814254E-12));
#7704=CARTESIAN_POINT('Ctrl Pts',(18.315,-9.06515229711214,-6.29704621779581E-16));
#7705=CARTESIAN_POINT('Ctrl Pts',(18.315,-9.10905827009551,-6.23002126237434E-16));
#7706=CARTESIAN_POINT('Ctrl Pts',(18.312006554185,-9.15283892420742,1.5004014199607E-6));
#7707=CARTESIAN_POINT('Ctrl Pts',(18.3061744663124,-9.19621388989128,2.78916464200793E-6));
#7708=CARTESIAN_POINT('Ctrl Pts',(18.3002402011181,-9.24034877859475,4.10050680616622E-6));
#7709=CARTESIAN_POINT('Ctrl Pts',(18.2913667157684,-9.28406478501157,5.17693609599497E-6));
#7710=CARTESIAN_POINT('Ctrl Pts',(18.2796633519981,-9.32706475837675,5.18334167281262E-6));
#7711=CARTESIAN_POINT('Ctrl Pts',(18.268754505476,-9.36714555216388,5.18931238822065E-6));
#7712=CARTESIAN_POINT('Ctrl Pts',(18.2553862171291,-9.40660497643746,4.26571507032736E-6));
#7713=CARTESIAN_POINT('Ctrl Pts',(18.2396090539857,-9.44518756572303,2.6574501903469E-6));
#7714=CARTESIAN_POINT('Ctrl Pts',(18.2226923940178,-9.48655676103965,9.33029274822283E-7));
#7715=CARTESIAN_POINT('Ctrl Pts',(18.2031167066303,-9.52664921407718,-1.6066690498442E-6));
#7716=CARTESIAN_POINT('Ctrl Pts',(18.1810030999824,-9.56517490539968,-3.48880449867423E-6));
#7717=CARTESIAN_POINT('Ctrl Pts',(18.1591339094585,-9.60327478196038,-5.35013717848621E-6));
#7718=CARTESIAN_POINT('Ctrl Pts',(18.1347821192151,-9.63984341587536,-6.57891878970474E-6));
#7719=CARTESIAN_POINT('Ctrl Pts',(18.1080193996726,-9.67457878226165,-4.58105290283765E-6));
#7720=CARTESIAN_POINT('Ctrl Pts',(18.1043466685642,-9.67934562445373,-4.30687956325833E-6));
#7721=CARTESIAN_POINT('Ctrl Pts',(18.1006284681163,-9.68407789279815,-3.96997375817025E-6));
#7722=CARTESIAN_POINT('Ctrl Pts',(18.0968649231981,-9.68877475718013,-3.56171205684319E-6));
#7723=CARTESIAN_POINT('Ctrl Pts',(18.0749255916961,-9.71615481160678,-1.18177797871954E-6));
#7724=CARTESIAN_POINT('Ctrl Pts',(18.0514463580088,-9.74233305603884,3.5827512620248E-6));
#7725=CARTESIAN_POINT('Ctrl Pts',(18.026552438591,-9.76724270010569,8.9822132923684E-6));
#7726=CARTESIAN_POINT('Ctrl Pts',(17.9954408428334,-9.79837394800871,1.57302820547811E-5));
#7727=CARTESIAN_POINT('Ctrl Pts',(17.9623208169752,-9.82732511657968,2.33797515210752E-5));
#7728=CARTESIAN_POINT('Ctrl Pts',(17.9274843290336,-9.85401348571153,2.96116553349102E-5));
#7729=CARTESIAN_POINT('Ctrl Pts',(17.8920415675767,-9.88116632334556,3.59520154959963E-5));
#7730=CARTESIAN_POINT('Ctrl Pts',(17.8548211320696,-9.90597754314113,4.08306128802063E-5));
#7731=CARTESIAN_POINT('Ctrl Pts',(17.8160936415728,-9.92832088273161,4.31332636105205E-5));
#7732=CARTESIAN_POINT('Ctrl Pts',(17.7806390867426,-9.94877594316637,4.52413128418351E-5));
#7733=CARTESIAN_POINT('Ctrl Pts',(17.7439204169427,-9.96716250523998,4.52104462166173E-5));
#7734=CARTESIAN_POINT('Ctrl Pts',(17.7061293632953,-9.98334885524272,4.30725344704452E-5));
#7735=CARTESIAN_POINT('Ctrl Pts',(17.6650992908863,-10.0009225148407,4.07513852756255E-5));
#7736=CARTESIAN_POINT('Ctrl Pts',(17.6230077631123,-10.0158165403838,3.59594521666368E-5));
#7737=CARTESIAN_POINT('Ctrl Pts',(17.5801164132539,-10.027894058341,2.99641296971067E-5));
#7738=CARTESIAN_POINT('Ctrl Pts',(17.5585286540025,-10.0339728259916,2.6946608016542E-5));
#7739=CARTESIAN_POINT('Ctrl Pts',(17.5367379479533,-10.0393373669426,2.36429706218609E-5));
#7740=CARTESIAN_POINT('Ctrl Pts',(17.5147763156869,-10.0439653862415,2.03228572561226E-5));
#7741=CARTESIAN_POINT('Ctrl Pts',(17.4717034745327,-10.0530422133965,1.38111957419071E-5));
#7742=CARTESIAN_POINT('Ctrl Pts',(17.4281168969022,-10.0592587800764,7.20016945090485E-6));
#7743=CARTESIAN_POINT('Ctrl Pts',(17.3842620825816,-10.0624662157389,3.30910923032244E-6));
#7744=CARTESIAN_POINT('Ctrl Pts',(17.3613213619807,-10.0641440448785,1.27367191871466E-6));
#7745=CARTESIAN_POINT('Ctrl Pts',(17.3383070502619,-10.064997646607,-2.17551700421472E-18));
#7746=CARTESIAN_POINT('Ctrl Pts',(17.3152538156344,-10.0649999871155,0.));
#7747=CARTESIAN_POINT('Ctrl Pts',(17.3152538156344,-10.0649999871155,-3.46944695195361E-17));
#7748=CARTESIAN_POINT('Ctrl Pts',(17.3288259474034,-10.073143045831,0.466594460388043));
#7749=CARTESIAN_POINT('Ctrl Pts',(17.3423097335359,-10.0811756832474,0.933190072946557));
#7750=CARTESIAN_POINT('Ctrl Pts',(17.3557093524152,-10.0891051054246,1.39978677322583));
#7751=CARTESIAN_POINT('Origin',(18.3394333690122,-3.20491991169766,1.39978677321895));
#7752=CARTESIAN_POINT('',(18.3394333690122,-3.43322794588102,1.39978677321894));
#7753=CARTESIAN_POINT('',(18.3394333690122,-3.20491991169766,1.39978677321895));
#7754=CARTESIAN_POINT('',(18.315,-3.46009123811538,-1.07964264248805E-14));
#7755=CARTESIAN_POINT('Ctrl Pts',(18.315,-3.46009123811538,-1.09287578986539E-14));
#7756=CARTESIAN_POINT('Ctrl Pts',(18.3231444679585,-3.45117155463565,0.466596256848245));
#7757=CARTESIAN_POINT('Ctrl Pts',(18.3312889244186,-3.44221739564209,0.933191854946751));
#7758=CARTESIAN_POINT('Ctrl Pts',(18.3394333690122,-3.43322794588103,1.39978677321894));
#7759=CARTESIAN_POINT('',(18.315,-1.60245995584883,1.38777878078145E-16));
#7760=CARTESIAN_POINT('Ctrl Pts',(17.3152538156344,10.0649999871155,6.93889390390723E-17));
#7761=CARTESIAN_POINT('Ctrl Pts',(17.3288941369944,10.0731839584786,0.468938741004587));
#7762=CARTESIAN_POINT('Ctrl Pts',(17.3424452227493,10.0812563961899,0.937878645786281));
#7763=CARTESIAN_POINT('Ctrl Pts',(17.3559113145786,10.0892246154707,1.40681964891905));
#7764=CARTESIAN_POINT('Ctrl Pts',(17.6143302216629,10.0648785376196,-0.00521827839210311));
#7765=CARTESIAN_POINT('Ctrl Pts',(17.6269265732997,10.0713819019024,0.463768309648289));
#7766=CARTESIAN_POINT('Ctrl Pts',(17.6394529550699,10.0779636901688,0.932751073789064));
#7767=CARTESIAN_POINT('Ctrl Pts',(17.6518827145726,10.0843389421828,1.40173735769015));
#7768=CARTESIAN_POINT('Ctrl Pts',(18.1321408746046,9.81375040628674,-0.00987368413547007));
#7769=CARTESIAN_POINT('Ctrl Pts',(18.1416560655652,9.81934334435208,0.459158267304408));
#7770=CARTESIAN_POINT('Ctrl Pts',(18.1511284609066,9.82486784296448,0.928189926586152));
#7771=CARTESIAN_POINT('Ctrl Pts',(18.160585811489,9.83041210277974,1.39721896712197));
#7772=CARTESIAN_POINT('Ctrl Pts',(18.3149316859589,9.28945960972514,-0.00391370879407778));
#7773=CARTESIAN_POINT('Ctrl Pts',(18.3231036023474,9.29687220827912,0.465060054712945));
#7774=CARTESIAN_POINT('Ctrl Pts',(18.3313166632328,9.3042107630609,0.934033767452886));
#7775=CARTESIAN_POINT('Ctrl Pts',(18.3394895945216,9.31151699696205,1.40300793049737));
#7776=CARTESIAN_POINT('Ctrl Pts',(18.315,9.06515229711213,-5.29090660172926E-16));
#7777=CARTESIAN_POINT('Ctrl Pts',(18.3231853561716,9.07333682229736,0.468938741004586));
#7778=CARTESIAN_POINT('Ctrl Pts',(18.331370732657,9.08145440956648,0.937878645786281));
#7779=CARTESIAN_POINT('Ctrl Pts',(18.3395561283142,9.08950821561359,1.40681964891905));
#7780=CARTESIAN_POINT('',(17.3152538156349,10.0649999871158,7.38084940388184E-12));
#7781=CARTESIAN_POINT('',(18.315,9.06515229711219,1.63526641281095E-12));
#7782=CARTESIAN_POINT('Ctrl Pts',(17.3152538156344,10.0649999871155,6.93889390390723E-17));
#7783=CARTESIAN_POINT('Ctrl Pts',(17.3588011817572,10.0649955659146,5.66977757342184E-17));
#7784=CARTESIAN_POINT('Ctrl Pts',(17.4021433645924,10.061956915832,4.463957203348E-6));
#7785=CARTESIAN_POINT('Ctrl Pts',(17.4450491629621,10.0560803465883,1.01905464096638E-5));
#7786=CARTESIAN_POINT('Ctrl Pts',(17.489245971539,10.0500269548366,1.60894453130229E-5));
#7787=CARTESIAN_POINT('Ctrl Pts',(17.5329807671044,10.040962028055,2.3314769555186E-5));
#7788=CARTESIAN_POINT('Ctrl Pts',(17.575997831847,10.029044430854,2.93939421670501E-5));
#7789=CARTESIAN_POINT('Ctrl Pts',(17.616094790518,10.0179358299932,3.50604453194635E-5));
#7790=CARTESIAN_POINT('Ctrl Pts',(17.655568813883,10.004347835735,3.97348134811805E-5));
#7791=CARTESIAN_POINT('Ctrl Pts',(17.6941983266367,9.98837102400999,4.23332864560328E-5));
#7792=CARTESIAN_POINT('Ctrl Pts',(17.7356029658661,9.97124644545973,4.51184325373943E-5));
#7793=CARTESIAN_POINT('Ctrl Pts',(17.7757676385476,9.95148978880522,4.54551182828605E-5));
#7794=CARTESIAN_POINT('Ctrl Pts',(17.8144435934707,9.92927083699871,4.32294636912639E-5));
#7795=CARTESIAN_POINT('Ctrl Pts',(17.8528166391896,9.90722590352021,4.10212403760893E-5));
#7796=CARTESIAN_POINT('Ctrl Pts',(17.8897251867212,9.88275649494633,3.62837967571359E-5));
#7797=CARTESIAN_POINT('Ctrl Pts',(17.9249051625852,9.85598286572968,3.00713392597188E-5));
#7798=CARTESIAN_POINT('Ctrl Pts',(17.9572656880123,9.83135497194175,2.43567705633967E-5));
#7799=CARTESIAN_POINT('Ctrl Pts',(17.9881639869236,9.80477660848138,1.74012492828331E-5));
#7800=CARTESIAN_POINT('Ctrl Pts',(18.0173676667342,9.7763131188651,1.09881844343974E-5));
#7801=CARTESIAN_POINT('Ctrl Pts',(18.0456828424524,9.7487156135073,4.77023316064173E-6));
#7802=CARTESIAN_POINT('Ctrl Pts',(18.0722412344144,9.71950486116431,-8.9128953532024E-7));
#7803=CARTESIAN_POINT('Ctrl Pts',(18.0968649231732,9.68877475716346,-3.56285381014187E-6));
#7804=CARTESIAN_POINT('Ctrl Pts',(18.124967029017,9.65370362530826,-6.61181137108699E-6));
#7805=CARTESIAN_POINT('Ctrl Pts',(18.1505508503832,9.6166537998601,-5.79893556775242E-6));
#7806=CARTESIAN_POINT('Ctrl Pts',(18.1735415073034,9.57795220683179,-4.08511904894358E-6));
#7807=CARTESIAN_POINT('Ctrl Pts',(18.1965321642237,9.53925061380348,-2.37130253013474E-6));
#7808=CARTESIAN_POINT('Ctrl Pts',(18.2169300872704,9.49889601106948,2.5763547520241E-7));
#7809=CARTESIAN_POINT('Ctrl Pts',(18.2346108382874,9.45719067553749,2.13655166368416E-6));
#7810=CARTESIAN_POINT('Ctrl Pts',(18.2520200932469,9.4161257445994,3.98661623059892E-6));
#7811=CARTESIAN_POINT('Ctrl Pts',(18.2667091812761,9.3739535393816,5.1163292444875E-6));
#7812=CARTESIAN_POINT('Ctrl Pts',(18.2785896090549,9.33097908141784,5.17388366294991E-6));
#7813=CARTESIAN_POINT('Ctrl Pts',(18.2846042599059,9.30922259545822,5.20302148007485E-6));
#7814=CARTESIAN_POINT('Ctrl Pts',(18.2898982823078,9.28726013778047,4.97665981181808E-6));
#7815=CARTESIAN_POINT('Ctrl Pts',(18.294455282156,9.26512992146391,4.55868368215949E-6));
#7816=CARTESIAN_POINT('Ctrl Pts',(18.3034003523739,9.22168986320618,3.73822593498335E-6));
#7817=CARTESIAN_POINT('Ctrl Pts',(18.3094788050297,9.17774912859116,2.12340949585771E-6));
#7818=CARTESIAN_POINT('Ctrl Pts',(18.3125859055624,9.13360055597191,1.00474056334218E-6));
#7819=CARTESIAN_POINT('Ctrl Pts',(18.3141886919024,9.11082667775903,4.27679324027534E-7));
#7820=CARTESIAN_POINT('Ctrl Pts',(18.315,9.0879973083042,3.15180245872061E-16));
#7821=CARTESIAN_POINT('Ctrl Pts',(18.315,9.06515229711213,3.03576608295941E-16));
#7822=CARTESIAN_POINT('',(18.3394333690122,9.08938742502277,1.39978677322044));
#7823=CARTESIAN_POINT('Ctrl Pts',(18.315,9.06515229711213,-5.29090660172926E-16));
#7824=CARTESIAN_POINT('Ctrl Pts',(18.3231444366012,9.07329590688115,0.466594460386294));
#7825=CARTESIAN_POINT('Ctrl Pts',(18.3312888933136,9.08137324632245,0.93319007294306));
#7826=CARTESIAN_POINT('Ctrl Pts',(18.3394333690122,9.0893874250243,1.39978677322058));
#7827=CARTESIAN_POINT('',(17.3557093524137,10.0891051054204,1.39978677322568));
#7828=CARTESIAN_POINT('Ctrl Pts',(18.3394333690122,9.08938742502428,1.39978677321909));
#7829=CARTESIAN_POINT('Ctrl Pts',(18.3394334070976,9.13330476634638,1.39978677298871));
#7830=CARTESIAN_POINT('Ctrl Pts',(18.3364410282347,9.17709648984377,1.399788236895));
#7831=CARTESIAN_POINT('Ctrl Pts',(18.3306096465217,9.22048185808301,1.39978947995782));
#7832=CARTESIAN_POINT('Ctrl Pts',(18.324678475667,9.26460965562507,1.39979074429246));
#7833=CARTESIAN_POINT('Ctrl Pts',(18.3158100653923,9.30831821758304,1.39979176466497));
#7834=CARTESIAN_POINT('Ctrl Pts',(18.3041121592713,9.35131035526614,1.39979173520737));
#7835=CARTESIAN_POINT('Ctrl Pts',(18.2932084312757,9.39138372997073,1.39979170774966));
#7836=CARTESIAN_POINT('Ctrl Pts',(18.279845611838,9.43083539853384,1.39979076841958));
#7837=CARTESIAN_POINT('Ctrl Pts',(18.2640729732009,9.46940986514955,1.3997891817507));
#7838=CARTESIAN_POINT('Ctrl Pts',(18.2465394016312,9.51229097,1.39978741793851));
#7839=CARTESIAN_POINT('Ctrl Pts',(18.226146798858,9.55379948283986,1.39978481712558));
#7840=CARTESIAN_POINT('Ctrl Pts',(18.2030273577654,9.59361185280905,1.39978306321892));
#7841=CARTESIAN_POINT('Ctrl Pts',(18.1799079166728,9.63342422277824,1.39978130931225));
#7842=CARTESIAN_POINT('Ctrl Pts',(18.1540611621317,9.6715418403283,1.39978038670485));
#7843=CARTESIAN_POINT('Ctrl Pts',(18.1255649276383,9.70761450664732,1.39978338634412));
#7844=CARTESIAN_POINT('Ctrl Pts',(18.1024027137239,9.73693497051199,1.39978582450086));
#7845=CARTESIAN_POINT('Ctrl Pts',(18.0774886664431,9.76490394366382,1.39979088614077));
#7846=CARTESIAN_POINT('Ctrl Pts',(18.050973419556,9.79143909064902,1.39979651603523));
#7847=CARTESIAN_POINT('Ctrl Pts',(18.0198342289953,9.82260165164825,1.39980312771633));
#7848=CARTESIAN_POINT('Ctrl Pts',(17.9866879788878,9.85158743032918,1.39981044347974));
#7849=CARTESIAN_POINT('Ctrl Pts',(17.9518253814761,9.87830965815855,1.39981626115357));
#7850=CARTESIAN_POINT('Ctrl Pts',(17.9163948588681,9.90546720141507,1.39982217359955));
#7851=CARTESIAN_POINT('Ctrl Pts',(17.87919066491,9.93028747706584,1.39982654444147));
#7852=CARTESIAN_POINT('Ctrl Pts',(17.8404811979485,9.95264038711168,1.39982837512432));
#7853=CARTESIAN_POINT('Ctrl Pts',(17.8050479752402,9.97310141905045,1.39983005086408));
#7854=CARTESIAN_POINT('Ctrl Pts',(17.768352480986,9.99149495501473,1.39982961800095));
#7855=CARTESIAN_POINT('Ctrl Pts',(17.7305846805817,10.0076863857389,1.39982718721692));
#7856=CARTESIAN_POINT('Ctrl Pts',(17.6893274721852,10.0253737602875,1.39982453185012));
#7857=CARTESIAN_POINT('Ctrl Pts',(17.6470593826398,10.0403187760991,1.39981952533658));
#7858=CARTESIAN_POINT('Ctrl Pts',(17.6040526929706,10.0524043422755,1.39981352682559));
#7859=CARTESIAN_POINT('Ctrl Pts',(17.5620048551902,10.0642204557679,1.39980766205387));
#7860=CARTESIAN_POINT('Ctrl Pts',(17.5192499352907,10.0733035280222,1.39980086177461));
#7861=CARTESIAN_POINT('Ctrl Pts',(17.4760253588382,10.0794988011112,1.39979547375046));
#7862=CARTESIAN_POINT('Ctrl Pts',(17.4362573955155,10.0851986462734,1.3997905165996));
#7863=CARTESIAN_POINT('Ctrl Pts',(17.3960911486192,10.0884539125704,1.3997867708575));
#7864=CARTESIAN_POINT('Ctrl Pts',(17.355709352415,10.0891051054244,1.39978677321909));
#7865=CARTESIAN_POINT('Ctrl Pts',(17.3557093524152,10.0891051054245,1.39978677322582));
#7866=CARTESIAN_POINT('Ctrl Pts',(17.3423097335359,10.0811756832474,0.933190072946557));
#7867=CARTESIAN_POINT('Ctrl Pts',(17.3288259474034,10.073143045831,0.466594460388043));
#7868=CARTESIAN_POINT('Ctrl Pts',(17.3152538156344,10.0649999871155,6.93889390390723E-17));
#7869=CARTESIAN_POINT('Origin',(18.3394333690122,9.87222779695387,1.39978677321895));
#7870=CARTESIAN_POINT('',(18.315,3.46009123811538,-1.08958387614687E-14));
#7871=CARTESIAN_POINT('',(18.315,4.93611389847693,6.93889390390723E-17));
#7872=CARTESIAN_POINT('',(18.3394333690122,3.43322794588102,1.39978677321894));
#7873=CARTESIAN_POINT('Ctrl Pts',(18.3394333690122,3.43322794588103,1.39978677321894));
#7874=CARTESIAN_POINT('Ctrl Pts',(18.3312889244186,3.44221739564209,0.933191854946579));
#7875=CARTESIAN_POINT('Ctrl Pts',(18.3231444679586,3.45117155463561,0.466596256849906));
#7876=CARTESIAN_POINT('Ctrl Pts',(18.315,3.46009123811538,-1.05341083078692E-14));
#7877=CARTESIAN_POINT('',(18.3394333690122,9.87222779695387,1.39978677321895));
#7878=CARTESIAN_POINT('Origin',(-17.315,-7.565,2.8));
#7879=CARTESIAN_POINT('',(-17.315,-12.1654324678572,2.86537382819212));
#7880=CARTESIAN_POINT('',(-17.315,-11.9764185461808,3.));
#7881=CARTESIAN_POINT('Origin',(-17.315,-11.9764185461808,2.8));
#7882=CARTESIAN_POINT('',(-21.7264185461808,-7.565,3.));
#7883=CARTESIAN_POINT('Origin',(-17.315,-7.565,3.));
#7884=CARTESIAN_POINT('',(-21.9154324678573,-7.565,2.86537382819212));
#7885=CARTESIAN_POINT('Origin',(-21.7264185461808,-7.565,2.8));
#7886=CARTESIAN_POINT('Origin',(-17.315,-7.565,2.86537382819212));
#7887=CARTESIAN_POINT('Origin',(17.315,-11.9764185461808,2.8));
#7888=CARTESIAN_POINT('',(17.315,-12.1654324678572,2.86537382819213));
#7889=CARTESIAN_POINT('',(17.315,-11.9764185461808,3.));
#7890=CARTESIAN_POINT('Origin',(17.315,-11.9764185461808,2.8));
#7891=CARTESIAN_POINT('',(17.315,-11.9764185461808,3.));
#7892=CARTESIAN_POINT('',(17.315,-12.1654324678572,2.86537382819212));
#7893=CARTESIAN_POINT('Origin',(-21.7264185461808,-7.565,2.8));
#7894=CARTESIAN_POINT('',(-21.7264185461808,7.565,3.));
#7895=CARTESIAN_POINT('',(-21.9154324678573,7.565,2.86537382819212));
#7896=CARTESIAN_POINT('Origin',(-21.7264185461808,7.565,2.8));
#7897=CARTESIAN_POINT('',(-21.9154324678573,-7.565,2.86537382819212));
#7898=CARTESIAN_POINT('',(-21.7264185461808,-7.565,3.));
#7899=CARTESIAN_POINT('Origin',(17.315,-7.565,2.8));
#7900=CARTESIAN_POINT('',(21.9154324678573,-7.565,2.86537382819212));
#7901=CARTESIAN_POINT('',(21.7264185461808,-7.565,3.));
#7902=CARTESIAN_POINT('Origin',(21.7264185461808,-7.565,2.8));
#7903=CARTESIAN_POINT('Origin',(17.315,-7.565,3.));
#7904=CARTESIAN_POINT('Origin',(17.315,-7.565,2.86537382819212));
#7905=CARTESIAN_POINT('Origin',(-17.315,7.565,2.8));
#7906=CARTESIAN_POINT('',(-17.315,11.9764185461808,3.));
#7907=CARTESIAN_POINT('',(-17.315,12.1654324678572,2.86537382819212));
#7908=CARTESIAN_POINT('Origin',(-17.315,11.9764185461808,2.8));
#7909=CARTESIAN_POINT('Origin',(-17.315,7.565,2.86537382819212));
#7910=CARTESIAN_POINT('Origin',(-17.315,7.565,3.));
#7911=CARTESIAN_POINT('Origin',(21.7264185461808,7.565,2.8));
#7912=CARTESIAN_POINT('',(21.9154324678573,7.565,2.86537382819212));
#7913=CARTESIAN_POINT('',(21.7264185461808,7.565,3.));
#7914=CARTESIAN_POINT('Origin',(21.7264185461808,7.565,2.8));
#7915=CARTESIAN_POINT('',(21.7264185461808,7.565,3.));
#7916=CARTESIAN_POINT('',(21.9154324678573,7.565,2.86537382819212));
#7917=CARTESIAN_POINT('Origin',(-17.315,11.9764185461808,2.8));
#7918=CARTESIAN_POINT('',(17.315,11.9764185461808,3.));
#7919=CARTESIAN_POINT('',(17.315,12.1654324678572,2.86537382819212));
#7920=CARTESIAN_POINT('Origin',(17.315,11.9764185461808,2.8));
#7921=CARTESIAN_POINT('',(-17.315,12.1654324678572,2.86537382819212));
#7922=CARTESIAN_POINT('',(-17.315,11.9764185461808,3.));
#7923=CARTESIAN_POINT('Origin',(17.315,7.565,2.8));
#7924=CARTESIAN_POINT('Origin',(17.315,7.565,2.86537382819212));
#7925=CARTESIAN_POINT('Origin',(17.315,7.565,3.));
#7926=CARTESIAN_POINT('Origin',(15.1238703864745,7.565,0.516391230896962));
#7927=CARTESIAN_POINT('',(22.2916018856536,-7.565,0.));
#7928=CARTESIAN_POINT('Origin',(15.1238703864745,-7.565,0.516391230896962));
#7929=CARTESIAN_POINT('',(22.2916018856536,7.565,0.));
#7930=CARTESIAN_POINT('',(22.2916018856536,7.565,0.));
#7931=CARTESIAN_POINT('Origin',(15.1238703864745,7.565,0.516391230896962));
#7932=CARTESIAN_POINT('Ctrl Pts',(21.9154324678573,-7.565,2.86537382819213));
#7933=CARTESIAN_POINT('Ctrl Pts',(21.9154324678573,-12.1654324678573,2.86537382819213));
#7934=CARTESIAN_POINT('Ctrl Pts',(17.315,-12.1654324678573,2.86537382819213));
#7935=CARTESIAN_POINT('Ctrl Pts',(22.3975996504818,-7.565,1.47129438368252));
#7936=CARTESIAN_POINT('Ctrl Pts',(22.3975996504818,-12.6475996504818,1.47129438368252));
#7937=CARTESIAN_POINT('Ctrl Pts',(17.315,-12.6475996504818,1.47129438368252));
#7938=CARTESIAN_POINT('Ctrl Pts',(22.2916018856536,-7.565,-9.71445146547012E-16));
#7939=CARTESIAN_POINT('Ctrl Pts',(22.2916018856536,-12.5416018856536,-9.71445146547012E-16));
#7940=CARTESIAN_POINT('Ctrl Pts',(17.315,-12.5416018856536,-9.71445146547012E-16));
#7941=CARTESIAN_POINT('',(17.315,-12.5416018856536,0.));
#7942=CARTESIAN_POINT('Origin',(17.315,-5.37387038647446,0.516391230896962));
#7943=CARTESIAN_POINT('Origin',(17.315,-7.565,0.));
#7944=CARTESIAN_POINT('Origin',(17.315,-5.37387038647446,0.516391230896962));
#7945=CARTESIAN_POINT('',(-17.315,-12.5416018856536,0.));
#7946=CARTESIAN_POINT('Origin',(-17.315,-5.37387038647446,0.516391230896962));
#7947=CARTESIAN_POINT('',(17.315,-12.5416018856536,0.));
#7948=CARTESIAN_POINT('Ctrl Pts',(-17.315,-12.1654324678572,2.86537382819212));
#7949=CARTESIAN_POINT('Ctrl Pts',(-21.9154324678573,-12.1654324678572,2.86537382819212));
#7950=CARTESIAN_POINT('Ctrl Pts',(-21.9154324678573,-7.565,2.86537382819212));
#7951=CARTESIAN_POINT('Ctrl Pts',(-17.315,-12.6475996504818,1.47129438368252));
#7952=CARTESIAN_POINT('Ctrl Pts',(-22.3975996504818,-12.6475996504818,1.47129438368252));
#7953=CARTESIAN_POINT('Ctrl Pts',(-22.3975996504818,-7.565,1.47129438368252));
#7954=CARTESIAN_POINT('Ctrl Pts',(-17.315,-12.5416018856536,-9.71445146547012E-16));
#7955=CARTESIAN_POINT('Ctrl Pts',(-22.2916018856536,-12.5416018856536,-9.71445146547012E-16));
#7956=CARTESIAN_POINT('Ctrl Pts',(-22.2916018856536,-7.565,-9.71445146547012E-16));
#7957=CARTESIAN_POINT('',(-22.2916018856536,-7.565,0.));
#7958=CARTESIAN_POINT('Origin',(-15.1238703864745,-7.565,0.516391230896962));
#7959=CARTESIAN_POINT('Origin',(-17.315,-7.565,0.));
#7960=CARTESIAN_POINT('Origin',(-21.6173651947847,7.565,3.));
#7961=CARTESIAN_POINT('',(-21.3673651947847,7.565,3.));
#7962=CARTESIAN_POINT('',(-17.315,11.6173651947846,3.));
#7963=CARTESIAN_POINT('Origin',(-17.315,7.565,3.));
#7964=CARTESIAN_POINT('',(17.315,11.6173651947846,3.));
#7965=CARTESIAN_POINT('',(-17.315,11.6173651947846,3.));
#7966=CARTESIAN_POINT('',(21.3673651947847,7.565,3.));
#7967=CARTESIAN_POINT('Origin',(17.315,7.565,3.));
#7968=CARTESIAN_POINT('',(21.3673651947847,-7.565,3.));
#7969=CARTESIAN_POINT('',(21.3673651947847,7.565,3.));
#7970=CARTESIAN_POINT('',(17.315,-11.6173651947846,3.));
#7971=CARTESIAN_POINT('Origin',(17.315,-7.565,3.));
#7972=CARTESIAN_POINT('',(-17.315,-11.6173651947846,3.));
#7973=CARTESIAN_POINT('',(17.315,-11.6173651947846,3.));
#7974=CARTESIAN_POINT('',(-21.3673651947847,-7.565,3.));
#7975=CARTESIAN_POINT('Origin',(-17.315,-7.565,3.));
#7976=CARTESIAN_POINT('',(-21.3673651947847,-7.565,3.));
#7977=CARTESIAN_POINT('Ctrl Pts',(18.1198159778965,3.23419552272673,1.40152364599159));
#7978=CARTESIAN_POINT('Ctrl Pts',(18.1121806043558,3.24314487520864,0.934349771816498));
#7979=CARTESIAN_POINT('Ctrl Pts',(18.1045415383562,3.25206126348446,0.467175216102763));
#7980=CARTESIAN_POINT('Ctrl Pts',(18.0968988574305,3.26094540839877,-1.06512021424976E-14));
#7981=CARTESIAN_POINT('Ctrl Pts',(18.175171704041,3.22874041950705,1.40045230877977));
#7982=CARTESIAN_POINT('Ctrl Pts',(18.1674648553626,3.23784634297204,0.933283001782884));
#7983=CARTESIAN_POINT('Ctrl Pts',(18.1597520390242,3.24690660038348,0.466112701037306));
#7984=CARTESIAN_POINT('Ctrl Pts',(18.152037670288,3.2559437373305,-0.00105806596205637));
#7985=CARTESIAN_POINT('Ctrl Pts',(18.290091869116,3.26697027534344,1.39918291604503));
#7986=CARTESIAN_POINT('Ctrl Pts',(18.2821017057483,3.2762247798704,0.932019448283018));
#7987=CARTESIAN_POINT('Ctrl Pts',(18.2741074216876,3.28544627633813,0.464855308537157));
#7988=CARTESIAN_POINT('Ctrl Pts',(18.2661138862247,3.29462722755316,-0.00230978109752913));
#7989=CARTESIAN_POINT('Ctrl Pts',(18.3394449859786,3.37757061925819,1.40045230877977));
#7990=CARTESIAN_POINT('Ctrl Pts',(18.3312870882113,3.38665919467199,0.933283001782883));
#7991=CARTESIAN_POINT('Ctrl Pts',(18.3231393555825,3.39570872255405,0.466112701037306));
#7992=CARTESIAN_POINT('Ctrl Pts',(18.3149815313899,3.40472604096301,-0.00105806596205628));
#7993=CARTESIAN_POINT('Ctrl Pts',(18.3394636862392,3.43319448300776,1.40152364599159));
#7994=CARTESIAN_POINT('Ctrl Pts',(18.3313091359327,3.44219517469408,0.934349771816498));
#7995=CARTESIAN_POINT('Ctrl Pts',(18.3231545737299,3.45116048696585,0.467175216102763));
#7996=CARTESIAN_POINT('Ctrl Pts',(18.315,3.46009123811538,-1.05341083078692E-14));
#7997=CARTESIAN_POINT('',(18.1197875908631,3.23422879474071,1.39978677321894));
#7998=CARTESIAN_POINT('Ctrl Pts',(18.1197875908631,3.23422879474072,1.39978677321895));
#7999=CARTESIAN_POINT('Ctrl Pts',(18.1330391787084,3.23291853413241,1.39978677329468));
#8000=CARTESIAN_POINT('Ctrl Pts',(18.1463466677229,3.23301733217927,1.39978848124529));
#8001=CARTESIAN_POINT('Ctrl Pts',(18.1595241844879,3.23441862708688,1.39979001354215));
#8002=CARTESIAN_POINT('Ctrl Pts',(18.1721227873103,3.23575836038359,1.39979147852223));
#8003=CARTESIAN_POINT('Ctrl Pts',(18.1846039667815,3.2382894951876,1.39979277490914));
#8004=CARTESIAN_POINT('Ctrl Pts',(18.1968007691441,3.24196313991774,1.39979318758201));
#8005=CARTESIAN_POINT('Ctrl Pts',(18.2096085190167,3.24582080042792,1.39979362092598));
#8006=CARTESIAN_POINT('Ctrl Pts',(18.221978009323,3.250900287422,1.39979305204688));
#8007=CARTESIAN_POINT('Ctrl Pts',(18.2337231566952,3.25712094771876,1.39979188239454));
#8008=CARTESIAN_POINT('Ctrl Pts',(18.2448539787109,3.2630162388027,1.39979077392041));
#8009=CARTESIAN_POINT('Ctrl Pts',(18.2554252706209,3.26993728581202,1.39978912091597));
#8010=CARTESIAN_POINT('Ctrl Pts',(18.2652578516576,3.27785330457186,1.39978835742093));
#8011=CARTESIAN_POINT('Ctrl Pts',(18.2681447653393,3.28017750233607,1.39978813325351));
#8012=CARTESIAN_POINT('Ctrl Pts',(18.2709599949615,3.28258141767668,1.39978799407489));
#8013=CARTESIAN_POINT('Ctrl Pts',(18.273699602316,3.28506347911643,1.39978799391852));
#8014=CARTESIAN_POINT('Ctrl Pts',(18.2835275383429,3.29396750728106,1.39978799335757));
#8015=CARTESIAN_POINT('Ctrl Pts',(18.2923852097455,3.30387404382688,1.3997896699266));
#8016=CARTESIAN_POINT('Ctrl Pts',(18.3002096081231,3.31458414493722,1.39979100919038));
#8017=CARTESIAN_POINT('Ctrl Pts',(18.3054692691595,3.32178361239628,1.39979190946068));
#8018=CARTESIAN_POINT('Ctrl Pts',(18.3102613465667,3.32934721565667,1.39979268897768));
#8019=CARTESIAN_POINT('Ctrl Pts',(18.3145558819984,3.33722199828316,1.39979306866508));
#8020=CARTESIAN_POINT('Ctrl Pts',(18.3209604211537,3.34896584216869,1.3997936349016));
#8021=CARTESIAN_POINT('Ctrl Pts',(18.3262092685278,3.36130660728059,1.39979325625171));
#8022=CARTESIAN_POINT('Ctrl Pts',(18.3302188294564,3.37405767471962,1.39979212043381));
#8023=CARTESIAN_POINT('Ctrl Pts',(18.3312210287578,3.37724483438809,1.39979183653342));
#8024=CARTESIAN_POINT('Ctrl Pts',(18.3321455693539,3.38045772952018,1.39979151134413));
#8025=CARTESIAN_POINT('Ctrl Pts',(18.332990656689,3.38369359841459,1.39979115927455));
#8026=CARTESIAN_POINT('Ctrl Pts',(18.3363331128236,3.39649197958498,1.39978976678286));
#8027=CARTESIAN_POINT('Ctrl Pts',(18.3384157790064,3.40956950839761,1.399787884392));
#8028=CARTESIAN_POINT('Ctrl Pts',(18.3391435055713,3.42275132887341,1.39978710352204));
#8029=CARTESIAN_POINT('Ctrl Pts',(18.3393359528479,3.42623726105336,1.39978689702099));
#8030=CARTESIAN_POINT('Ctrl Pts',(18.3394333682146,3.42973053190379,1.39978677323884));
#8031=CARTESIAN_POINT('Ctrl Pts',(18.3394333690122,3.43322794588103,1.39978677321895));
#8032=CARTESIAN_POINT('',(18.0968988574305,3.26094540839877,-8.65627014512427E-15));
#8033=CARTESIAN_POINT('Ctrl Pts',(18.315,3.46009123811538,3.30464822173582E-16));
#8034=CARTESIAN_POINT('Ctrl Pts',(18.315,3.44677405908835,2.67776257751212E-16));
#8035=CARTESIAN_POINT('Ctrl Pts',(18.3135928470677,3.43353962621392,1.68646703785989E-6));
#8036=CARTESIAN_POINT('Ctrl Pts',(18.31090237221,3.42056268762054,3.19183075930991E-6));
#8037=CARTESIAN_POINT('Ctrl Pts',(18.3083305297451,3.4081579473776,4.63081775931517E-6));
#8038=CARTESIAN_POINT('Ctrl Pts',(18.3045850796457,3.39598720241035,5.896431135215E-6));
#8039=CARTESIAN_POINT('Ctrl Pts',(18.2997306346047,3.38421193031015,6.28663593779243E-6));
#8040=CARTESIAN_POINT('Ctrl Pts',(18.2946333441251,3.37184759579511,6.69636088236518E-6));
#8041=CARTESIAN_POINT('Ctrl Pts',(18.2883633911636,3.36003959045249,6.11359135450783E-6));
#8042=CARTESIAN_POINT('Ctrl Pts',(18.2810187916056,3.34896528921262,4.9510379220298E-6));
#8043=CARTESIAN_POINT('Ctrl Pts',(18.2740561788612,3.33846695362074,3.84894797402587E-6));
#8044=CARTESIAN_POINT('Ctrl Pts',(18.266126847347,3.32862686465166,2.22089394006957E-6));
#8045=CARTESIAN_POINT('Ctrl Pts',(18.257278624825,3.31962057818887,1.50842098583498E-6));
#8046=CARTESIAN_POINT('Ctrl Pts',(18.2548613980479,3.31716017026566,1.31378204016445E-6));
#8047=CARTESIAN_POINT('Ctrl Pts',(18.2523814905009,3.31476837292748,1.19470125461666E-6));
#8048=CARTESIAN_POINT('Ctrl Pts',(18.2498404733517,3.31244821890595,1.19456804648088E-6));
#8049=CARTESIAN_POINT('Ctrl Pts',(18.2400453924584,3.30350451841463,1.19405455699151E-6));
#8050=CARTESIAN_POINT('Ctrl Pts',(18.2293451911392,3.29562216746425,2.84821120654859E-6));
#8051=CARTESIAN_POINT('Ctrl Pts',(18.2179441829268,3.28884490034504,4.16208560044778E-6));
#8052=CARTESIAN_POINT('Ctrl Pts',(18.2100592494477,3.28415774466468,5.07076069327353E-6));
#8053=CARTESIAN_POINT('Ctrl Pts',(18.2018381042966,3.27999992431215,5.84885642932482E-6));
#8054=CARTESIAN_POINT('Ctrl Pts',(18.1933412274034,3.27639853521942,6.20186876917742E-6));
#8055=CARTESIAN_POINT('Ctrl Pts',(18.181026932779,3.27117913909275,6.71348003679411E-6));
#8056=CARTESIAN_POINT('Ctrl Pts',(18.1682323358033,3.26716785960001,6.28024650888017E-6));
#8057=CARTESIAN_POINT('Ctrl Pts',(18.1551506497548,3.26443126958828,5.12422505490355E-6));
#8058=CARTESIAN_POINT('Ctrl Pts',(18.1521312657173,3.26379963723083,4.85740373599306E-6));
#8059=CARTESIAN_POINT('Ctrl Pts',(18.1490965216835,3.263236120264,4.55721174497575E-6));
#8060=CARTESIAN_POINT('Ctrl Pts',(18.1460487130104,3.26274192655258,4.2352232181961E-6));
#8061=CARTESIAN_POINT('Ctrl Pts',(18.1329936015454,3.26062507648755,2.85600406152352E-6));
#8062=CARTESIAN_POINT('Ctrl Pts',(18.1197789806668,3.25978912458758,1.00653704911691E-6));
#8063=CARTESIAN_POINT('Ctrl Pts',(18.1065876736802,3.26031305502154,2.82388531167141E-7));
#8064=CARTESIAN_POINT('Ctrl Pts',(18.1033557822571,3.26044141882033,1.04970979853255E-7));
#8065=CARTESIAN_POINT('Ctrl Pts',(18.1001252752247,3.26065165317238,-9.53171200046098E-19));
#8066=CARTESIAN_POINT('Ctrl Pts',(18.0968988574305,3.26094540839877,0.));
#8067=CARTESIAN_POINT('Ctrl Pts',(18.0968988574305,3.26094540839877,-1.06512021424976E-14));
#8068=CARTESIAN_POINT('Ctrl Pts',(18.1045320669615,3.25207227339621,0.466596256849907));
#8069=CARTESIAN_POINT('Ctrl Pts',(18.1121616705207,3.2431669748995,0.933191854946581));
#8070=CARTESIAN_POINT('Ctrl Pts',(18.1197875908631,3.23422879474072,1.39978677321894));
#8071=CARTESIAN_POINT('Ctrl Pts',(18.3394636863236,-3.43319448291458,1.40152365082824));
#8072=CARTESIAN_POINT('Ctrl Pts',(18.331309135989,-3.4421951746322,0.934349775041113));
#8073=CARTESIAN_POINT('Ctrl Pts',(18.323154573758,-3.45116048693506,0.467175217713321));
#8074=CARTESIAN_POINT('Ctrl Pts',(18.315,-3.46009123811538,-1.09287578986539E-14));
#8075=CARTESIAN_POINT('Ctrl Pts',(18.339444986063,-3.3775706191641,1.40045231361637));
#8076=CARTESIAN_POINT('Ctrl Pts',(18.3312870882676,-3.38665919460952,0.933283005007468));
#8077=CARTESIAN_POINT('Ctrl Pts',(18.3231393556107,-3.39570872252297,0.466112702647849));
#8078=CARTESIAN_POINT('Ctrl Pts',(18.3149815313899,-3.40472604096301,-0.00105806596205667));
#8079=CARTESIAN_POINT('Ctrl Pts',(18.2900918691987,-3.26697027524764,1.39918292088157));
#8080=CARTESIAN_POINT('Ctrl Pts',(18.2821017058035,-3.27622477980678,0.932019451507562));
#8081=CARTESIAN_POINT('Ctrl Pts',(18.2741074217151,-3.2854462763065,0.464855310147681));
#8082=CARTESIAN_POINT('Ctrl Pts',(18.2661138862247,-3.29462722755318,-0.00230978109752876));
#8083=CARTESIAN_POINT('Ctrl Pts',(18.1751717041208,-3.22874041941281,1.40045231361637));
#8084=CARTESIAN_POINT('Ctrl Pts',(18.1674648554159,-3.23784634290946,0.933283005007468));
#8085=CARTESIAN_POINT('Ctrl Pts',(18.1597520390508,-3.24690660035232,0.466112702647849));
#8086=CARTESIAN_POINT('Ctrl Pts',(18.152037670288,-3.25594373733051,-0.00105806596205665));
#8087=CARTESIAN_POINT('Ctrl Pts',(18.1198159779755,-3.23419552263408,1.40152365082824));
#8088=CARTESIAN_POINT('Ctrl Pts',(18.1121806044085,-3.24314487514709,0.934349775041113));
#8089=CARTESIAN_POINT('Ctrl Pts',(18.1045415383825,-3.25206126345383,0.467175217713321));
#8090=CARTESIAN_POINT('Ctrl Pts',(18.0968988574305,-3.26094540839877,-1.09011107432555E-14));
#8091=CARTESIAN_POINT('',(18.1197875908631,-3.23422879474071,1.39978677321894));
#8092=CARTESIAN_POINT('Ctrl Pts',(18.3394333690122,-3.43322794588103,1.39978677321895));
#8093=CARTESIAN_POINT('Ctrl Pts',(18.3394333659754,-3.41991140914519,1.39978677329468));
#8094=CARTESIAN_POINT('Ctrl Pts',(18.3380255745147,-3.40667789075462,1.39978848131322));
#8095=CARTESIAN_POINT('Ctrl Pts',(18.3353343322664,-3.39370189206602,1.39979001361904));
#8096=CARTESIAN_POINT('Ctrl Pts',(18.3327614751881,-3.38129669513689,1.3997914785202));
#8097=CARTESIAN_POINT('Ctrl Pts',(18.3290146341415,-3.36912556905465,1.39979277480339));
#8098=CARTESIAN_POINT('Ctrl Pts',(18.3241588837883,-3.35734982981317,1.3997931875277));
#8099=CARTESIAN_POINT('Ctrl Pts',(18.319059721304,-3.34498378885197,1.39979362094131));
#8100=CARTESIAN_POINT('Ctrl Pts',(18.3127877789452,-3.33317410292919,1.39979305219478));
#8101=CARTESIAN_POINT('Ctrl Pts',(18.3054416314202,-3.32209801576091,1.39979188259815));
#8102=CARTESIAN_POINT('Ctrl Pts',(18.2984798151257,-3.3116014005126,1.39979077419175));
#8103=CARTESIAN_POINT('Ctrl Pts',(18.2905522999895,-3.30176251149809,1.39978912120301));
#8104=CARTESIAN_POINT('Ctrl Pts',(18.2817073524311,-3.2927566232649,1.39978835758051));
#8105=CARTESIAN_POINT('Ctrl Pts',(18.2791097631353,-3.29011176881896,1.39978813331941));
#8106=CARTESIAN_POINT('Ctrl Pts',(18.2764398621759,-3.28754613170971,1.3997879940735));
#8107=CARTESIAN_POINT('Ctrl Pts',(18.2736996023159,-3.28506347911651,1.39978799391526));
#8108=CARTESIAN_POINT('Ctrl Pts',(18.2638716151041,-3.27615940461832,1.39978799334773));
#8109=CARTESIAN_POINT('Ctrl Pts',(18.2531414519278,-3.26831954610446,1.3997896699305));
#8110=CARTESIAN_POINT('Ctrl Pts',(18.2417132927966,-3.2615870317639,1.3997910092118));
#8111=CARTESIAN_POINT('Ctrl Pts',(18.2340321315213,-3.25706193477803,1.3997919093774));
#8112=CARTESIAN_POINT('Ctrl Pts',(18.226034691343,-3.25303786042323,1.3997926888259));
#8113=CARTESIAN_POINT('Ctrl Pts',(18.217776599051,-3.24953940125627,1.39979306854767));
#8114=CARTESIAN_POINT('Ctrl Pts',(18.205459787142,-3.24432150564462,1.39979363489658));
#8115=CARTESIAN_POINT('Ctrl Pts',(18.192662673822,-3.24031238780393,1.39979325639426));
#8116=CARTESIAN_POINT('Ctrl Pts',(18.1795791897955,-3.23757686807791,1.39979212067907));
#8117=CARTESIAN_POINT('Ctrl Pts',(18.1763084397547,-3.23689301343816,1.39979183676077));
#8118=CARTESIAN_POINT('Ctrl Pts',(18.1730197149041,-3.2362889945077,1.39979151153708));
#8119=CARTESIAN_POINT('Ctrl Pts',(18.1697159413301,-3.23576632601167,1.39979115942058));
#8120=CARTESIAN_POINT('Ctrl Pts',(18.1566511369899,-3.2336994284224,1.39978976697253));
#8121=CARTESIAN_POINT('Ctrl Pts',(18.1434325044043,-3.23291360271001,1.39978788458142));
#8122=CARTESIAN_POINT('Ctrl Pts',(18.1302433975857,-3.23348632769568,1.39978710362026));
#8123=CARTESIAN_POINT('Ctrl Pts',(18.1267549423055,-3.23363781069812,1.39978689705979));
#8124=CARTESIAN_POINT('Ctrl Pts',(18.1232685347622,-3.23388461382264,1.39978677323884));
#8125=CARTESIAN_POINT('Ctrl Pts',(18.1197875908631,-3.23422879474072,1.39978677321895));
#8126=CARTESIAN_POINT('',(18.0968988574305,-3.26094540839877,-8.56953397132543E-15));
#8127=CARTESIAN_POINT('Ctrl Pts',(18.1197875908631,-3.23422879474072,1.39978677321894));
#8128=CARTESIAN_POINT('Ctrl Pts',(18.1121616705207,-3.24316697489949,0.933191854946753));
#8129=CARTESIAN_POINT('Ctrl Pts',(18.1045320669615,-3.25207227339624,0.466596256848246));
#8130=CARTESIAN_POINT('Ctrl Pts',(18.0968988574305,-3.26094540839877,-1.09011107432555E-14));
#8131=CARTESIAN_POINT('Ctrl Pts',(18.0968988574305,-3.26094540839877,-7.20127082964872E-16));
#8132=CARTESIAN_POINT('Ctrl Pts',(18.1101608585542,-3.25973794476852,-6.91112149117593E-16));
#8133=CARTESIAN_POINT('Ctrl Pts',(18.1234680402536,-3.25993927523771,1.68640101092444E-6));
#8134=CARTESIAN_POINT('Ctrl Pts',(18.1366351611802,-3.26144192581575,3.1917562243744E-6));
#8135=CARTESIAN_POINT('Ctrl Pts',(18.1492224329917,-3.26287840318759,4.63081912582892E-6));
#8136=CARTESIAN_POINT('Ctrl Pts',(18.1616830823847,-3.26550495171313,5.89653198001914E-6));
#8137=CARTESIAN_POINT('Ctrl Pts',(18.1738504211588,-3.26927186074885,6.28668613628981E-6));
#8138=CARTESIAN_POINT('Ctrl Pts',(18.1866259879431,-3.27322707222523,6.69634354556822E-6));
#8139=CARTESIAN_POINT('Ctrl Pts',(18.1989538432628,-3.27840055436526,6.11344588037028E-6));
#8140=CARTESIAN_POINT('Ctrl Pts',(18.2106484548794,-3.28471078083339,4.95083975112E-6));
#8141=CARTESIAN_POINT('Ctrl Pts',(18.2217349806009,-3.29069289382191,3.84868576957314E-6));
#8142=CARTESIAN_POINT('Ctrl Pts',(18.232253608965,-3.29769745239895,2.22061989583125E-6));
#8143=CARTESIAN_POINT('Ctrl Pts',(18.242025163198,-3.30569274533084,1.50827570742361E-6));
#8144=CARTESIAN_POINT('Ctrl Pts',(18.2446939337467,-3.3078763899995,1.3137229120786E-6));
#8145=CARTESIAN_POINT('Ctrl Pts',(18.2473000905708,-3.31012864410459,1.19470246975381E-6));
#8146=CARTESIAN_POINT('Ctrl Pts',(18.2498404733517,-3.31244821890591,1.19457094505115E-6));
#8147=CARTESIAN_POINT('Ctrl Pts',(18.2596355063128,-3.32139187566704,1.19406382096503E-6));
#8148=CARTESIAN_POINT('Ctrl Pts',(18.2684556460087,-3.33133315500885,2.84820870649681E-6));
#8149=CARTESIAN_POINT('Ctrl Pts',(18.2762388138483,-3.3420725521941,4.16206665793378E-6));
#8150=CARTESIAN_POINT('Ctrl Pts',(18.2816223094684,-3.34950082547581,5.07084168024321E-6));
#8151=CARTESIAN_POINT('Ctrl Pts',(18.2865090215204,-3.35731201398241,5.84899958658452E-6));
#8152=CARTESIAN_POINT('Ctrl Pts',(18.290866469894,-3.36544832376217,6.20197199585485E-6));
#8153=CARTESIAN_POINT('Ctrl Pts',(18.2971809615216,-3.37723886161357,6.71347348295718E-6));
#8154=CARTESIAN_POINT('Ctrl Pts',(18.3023358233642,-3.38961727681026,6.28009787619461E-6));
#8155=CARTESIAN_POINT('Ctrl Pts',(18.3062472312004,-3.40239718103014,5.12398131425587E-6));
#8156=CARTESIAN_POINT('Ctrl Pts',(18.3071498767671,-3.4053464321361,4.85718134531694E-6));
#8157=CARTESIAN_POINT('Ctrl Pts',(18.3079860993431,-3.40831714936224,4.55702487870023E-6));
#8158=CARTESIAN_POINT('Ctrl Pts',(18.3087544885318,-3.41130715728516,4.23508245746523E-6));
#8159=CARTESIAN_POINT('Ctrl Pts',(18.3120464083996,-3.42411689827315,2.85582222299197E-6));
#8160=CARTESIAN_POINT('Ctrl Pts',(18.3140770999641,-3.4372016460683,1.00635656204025E-6));
#8161=CARTESIAN_POINT('Ctrl Pts',(18.314751322214,-3.45038647715483,2.8229955870325E-7));
#8162=CARTESIAN_POINT('Ctrl Pts',(18.3149164781301,-3.45361620274994,1.04936237122288E-7));
#8163=CARTESIAN_POINT('Ctrl Pts',(18.315,-3.45685197071883,-6.73317468544263E-16));
#8164=CARTESIAN_POINT('Ctrl Pts',(18.315,-3.46009123811538,-6.66133814775094E-16));
#8165=CARTESIAN_POINT('Origin',(17.8,0.,1.39978677321895));
#8166=CARTESIAN_POINT('Origin',(17.8,0.,0.));
#8167=CARTESIAN_POINT('Origin',(17.8,0.,1.39978677321895));
#8168=CARTESIAN_POINT('Ctrl Pts',(-18.3394636863237,3.43319448291458,1.40152365082818));
#8169=CARTESIAN_POINT('Ctrl Pts',(-18.331309135989,3.44219517463221,0.934349775040595));
#8170=CARTESIAN_POINT('Ctrl Pts',(-18.3231545737581,3.45116048693505,0.467175217713866));
#8171=CARTESIAN_POINT('Ctrl Pts',(-18.315,3.46009123811537,-1.09287578986539E-14));
#8172=CARTESIAN_POINT('Ctrl Pts',(-18.3394449860631,3.3775706191641,1.40045231361631));
#8173=CARTESIAN_POINT('Ctrl Pts',(-18.3312870882676,3.38665919460953,0.93328300500695));
#8174=CARTESIAN_POINT('Ctrl Pts',(-18.3231393556107,3.39570872252296,0.466112702648394));
#8175=CARTESIAN_POINT('Ctrl Pts',(-18.31498153139,3.40472604096301,-0.00105806596205669));
#8176=CARTESIAN_POINT('Ctrl Pts',(-18.2900918691987,3.26697027524764,1.39918292088151));
#8177=CARTESIAN_POINT('Ctrl Pts',(-18.2821017058035,3.27622477980679,0.932019451507044));
#8178=CARTESIAN_POINT('Ctrl Pts',(-18.2741074217151,3.28544627630649,0.464855310148225));
#8179=CARTESIAN_POINT('Ctrl Pts',(-18.2661138862247,3.29462722755318,-0.00230978109752874));
#8180=CARTESIAN_POINT('Ctrl Pts',(-18.1751717041208,3.22874041941281,1.40045231361631));
#8181=CARTESIAN_POINT('Ctrl Pts',(-18.1674648554159,3.23784634290947,0.93328300500695));
#8182=CARTESIAN_POINT('Ctrl Pts',(-18.1597520390508,3.24690660035231,0.466112702648395));
#8183=CARTESIAN_POINT('Ctrl Pts',(-18.152037670288,3.2559437373305,-0.00105806596205646));
#8184=CARTESIAN_POINT('Ctrl Pts',(-18.1198159779755,3.23419552263408,1.40152365082818));
#8185=CARTESIAN_POINT('Ctrl Pts',(-18.1121806044085,3.2431448751471,0.934349775040595));
#8186=CARTESIAN_POINT('Ctrl Pts',(-18.1045415383825,3.25206126345382,0.467175217713866));
#8187=CARTESIAN_POINT('Ctrl Pts',(-18.0968988574305,3.26094540839877,-1.06289759979616E-14));
#8188=CARTESIAN_POINT('',(-18.1197875908631,3.23422879474071,1.39978677321894));
#8189=CARTESIAN_POINT('Ctrl Pts',(-18.3394333690122,3.43322794588103,1.39978677321895));
#8190=CARTESIAN_POINT('Ctrl Pts',(-18.3394333659755,3.41991140914516,1.39978677329468));
#8191=CARTESIAN_POINT('Ctrl Pts',(-18.3380255745147,3.40667789075458,1.39978848131322));
#8192=CARTESIAN_POINT('Ctrl Pts',(-18.3353343322664,3.39370189206599,1.39979001361904));
#8193=CARTESIAN_POINT('Ctrl Pts',(-18.3327614751868,3.38129669513041,1.3997914785202));
#8194=CARTESIAN_POINT('Ctrl Pts',(-18.3290146341376,3.36912556904199,1.39979277480339));
#8195=CARTESIAN_POINT('Ctrl Pts',(-18.3241588837808,3.35734982979484,1.3997931875277));
#8196=CARTESIAN_POINT('Ctrl Pts',(-18.3190597212953,3.34498378883416,1.39979362094131));
#8197=CARTESIAN_POINT('Ctrl Pts',(-18.3127877789354,3.33317410291202,1.39979305219478));
#8198=CARTESIAN_POINT('Ctrl Pts',(-18.3054416314093,3.32209801574451,1.39979188259815));
#8199=CARTESIAN_POINT('Ctrl Pts',(-18.2984798151115,3.31160140049337,1.39979077419175));
#8200=CARTESIAN_POINT('Ctrl Pts',(-18.2905522999713,3.3017625114766,1.39978912120301));
#8201=CARTESIAN_POINT('Ctrl Pts',(-18.2817073524085,3.29275662324187,1.3997883575805));
#8202=CARTESIAN_POINT('Ctrl Pts',(-18.2791097631198,3.29011176880407,1.39978813331941));
#8203=CARTESIAN_POINT('Ctrl Pts',(-18.276439862168,3.2875461317025,1.3997879940735));
#8204=CARTESIAN_POINT('Ctrl Pts',(-18.273699602316,3.2850634791165,1.39978799391526));
#8205=CARTESIAN_POINT('Ctrl Pts',(-18.2638716151041,3.27615940461829,1.39978799334773));
#8206=CARTESIAN_POINT('Ctrl Pts',(-18.2531414519278,3.26831954610445,1.3997896699305));
#8207=CARTESIAN_POINT('Ctrl Pts',(-18.2417132927967,3.26158703176392,1.3997910092118));
#8208=CARTESIAN_POINT('Ctrl Pts',(-18.2340321315125,3.25706193477285,1.3997919093774));
#8209=CARTESIAN_POINT('Ctrl Pts',(-18.2260346913247,3.25303786041401,1.3997926888259));
#8210=CARTESIAN_POINT('Ctrl Pts',(-18.2177765990227,3.24953940124425,1.39979306854767));
#8211=CARTESIAN_POINT('Ctrl Pts',(-18.2054597871128,3.24432150563443,1.39979363489658));
#8212=CARTESIAN_POINT('Ctrl Pts',(-18.1926626737922,3.24031238779563,1.39979325639426));
#8213=CARTESIAN_POINT('Ctrl Pts',(-18.1795791897653,3.23757686807158,1.39979212067907));
#8214=CARTESIAN_POINT('Ctrl Pts',(-18.1763084397271,3.23689301343291,1.39979183676077));
#8215=CARTESIAN_POINT('Ctrl Pts',(-18.1730197148793,3.2362889945034,1.39979151153708));
#8216=CARTESIAN_POINT('Ctrl Pts',(-18.1697159413081,3.23576632600818,1.39979115942058));
#8217=CARTESIAN_POINT('Ctrl Pts',(-18.1566511369676,3.23369942842035,1.39978976697252));
#8218=CARTESIAN_POINT('Ctrl Pts',(-18.143432504382,3.23291360270944,1.39978788458142));
#8219=CARTESIAN_POINT('Ctrl Pts',(-18.1302433975634,3.23348632769665,1.39978710362026));
#8220=CARTESIAN_POINT('Ctrl Pts',(-18.1267549422906,3.23363781069917,1.39978689705979));
#8221=CARTESIAN_POINT('Ctrl Pts',(-18.1232685347548,3.23388461382337,1.39978677323884));
#8222=CARTESIAN_POINT('Ctrl Pts',(-18.1197875908631,3.23422879474072,1.39978677321895));
#8223=CARTESIAN_POINT('',(-18.0968988574305,3.26094540839877,-8.46545056276682E-15));
#8224=CARTESIAN_POINT('Ctrl Pts',(-18.1197875908631,3.23422879474072,1.39978677321894));
#8225=CARTESIAN_POINT('Ctrl Pts',(-18.1121616705207,3.2431669748995,0.93319185494628));
#8226=CARTESIAN_POINT('Ctrl Pts',(-18.1045320669615,3.25207227339623,0.466596256848811));
#8227=CARTESIAN_POINT('Ctrl Pts',(-18.0968988574305,3.26094540839877,-1.06289759979616E-14));
#8228=CARTESIAN_POINT('Ctrl Pts',(-18.0968988574305,3.26094540839877,6.10839503978333E-16));
#8229=CARTESIAN_POINT('Ctrl Pts',(-18.1101608585542,3.25973794476852,5.38948999095465E-16));
#8230=CARTESIAN_POINT('Ctrl Pts',(-18.1234680402536,3.25993927523771,1.68640101142694E-6));
#8231=CARTESIAN_POINT('Ctrl Pts',(-18.1366351611803,3.26144192581575,3.19175622496681E-6));
#8232=CARTESIAN_POINT('Ctrl Pts',(-18.1492224329982,3.26287840318832,4.63081912724243E-6));
#8233=CARTESIAN_POINT('Ctrl Pts',(-18.1616830823975,3.2655049517158,5.89653198156345E-6));
#8234=CARTESIAN_POINT('Ctrl Pts',(-18.1738504211774,3.2692718607546,6.28668613725009E-6));
#8235=CARTESIAN_POINT('Ctrl Pts',(-18.1866259879612,3.27322707223216,6.69634354562814E-6));
#8236=CARTESIAN_POINT('Ctrl Pts',(-18.1989538432803,3.2784005543733,6.11344587914551E-6));
#8237=CARTESIAN_POINT('Ctrl Pts',(-18.2106484548963,3.28471078084248,4.95083974928556E-6));
#8238=CARTESIAN_POINT('Ctrl Pts',(-18.2217349806209,3.29069289383401,3.84868576678854E-6));
#8239=CARTESIAN_POINT('Ctrl Pts',(-18.2322536089875,3.29769745241469,2.22061989237454E-6));
#8240=CARTESIAN_POINT('Ctrl Pts',(-18.2420251632224,3.30569274535083,1.50827570535293E-6));
#8241=CARTESIAN_POINT('Ctrl Pts',(-18.2446939337626,3.30787639001324,1.31372291106857E-6));
#8242=CARTESIAN_POINT('Ctrl Pts',(-18.2473000905785,3.31012864411166,1.19470246904788E-6));
#8243=CARTESIAN_POINT('Ctrl Pts',(-18.2498404733517,3.31244821890591,1.19457094438502E-6));
#8244=CARTESIAN_POINT('Ctrl Pts',(-18.2596355063128,3.32139187566707,1.19406382050132E-6));
#8245=CARTESIAN_POINT('Ctrl Pts',(-18.2684556460088,3.33133315500889,2.84820870593339E-6));
#8246=CARTESIAN_POINT('Ctrl Pts',(-18.2762388138483,3.34207255219409,4.16206665724683E-6));
#8247=CARTESIAN_POINT('Ctrl Pts',(-18.2816223094742,3.34950082548386,5.07084168046048E-6));
#8248=CARTESIAN_POINT('Ctrl Pts',(-18.286509021531,3.35731201399933,5.84899958760645E-6));
#8249=CARTESIAN_POINT('Ctrl Pts',(-18.2908664699081,3.36544832378858,6.20197199634057E-6));
#8250=CARTESIAN_POINT('Ctrl Pts',(-18.2971809615338,3.37723886164048,6.71347348213651E-6));
#8251=CARTESIAN_POINT('Ctrl Pts',(-18.3023358233745,3.38961727683744,6.28009787445139E-6));
#8252=CARTESIAN_POINT('Ctrl Pts',(-18.3062472312088,3.40239718105742,5.1239813115046E-6));
#8253=CARTESIAN_POINT('Ctrl Pts',(-18.3071498767744,3.40534643216128,4.85718134252384E-6));
#8254=CARTESIAN_POINT('Ctrl Pts',(-18.3079860993493,3.40831714938529,4.55702487594596E-6));
#8255=CARTESIAN_POINT('Ctrl Pts',(-18.3087544885372,3.41130715730605,4.23508245485859E-6));
#8256=CARTESIAN_POINT('Ctrl Pts',(-18.3120464084035,3.42411689829398,2.85582221997847E-6));
#8257=CARTESIAN_POINT('Ctrl Pts',(-18.3140770999666,3.43720164608895,1.00635655930934E-6));
#8258=CARTESIAN_POINT('Ctrl Pts',(-18.314751322215,3.4503864771752,2.82299557573891E-7));
#8259=CARTESIAN_POINT('Ctrl Pts',(-18.3149164781305,3.45361620276354,1.04936236752908E-7));
#8260=CARTESIAN_POINT('Ctrl Pts',(-18.315,3.45685197072564,-6.86093403428411E-16));
#8261=CARTESIAN_POINT('Ctrl Pts',(-18.315,3.46009123811537,-6.66133814775094E-16));
#8262=CARTESIAN_POINT('Origin',(-17.8,0.,1.39978677321895));
#8263=CARTESIAN_POINT('',(-18.1197875908631,-3.23422879474071,1.39978677321894));
#8264=CARTESIAN_POINT('Origin',(-17.8,0.,1.39978677321895));
#8265=CARTESIAN_POINT('',(-18.0968988574305,-3.26094540839877,-8.56953397132543E-15));
#8266=CARTESIAN_POINT('Ctrl Pts',(-18.0968988574305,-3.26094540839877,-1.12757025938492E-14));
#8267=CARTESIAN_POINT('Ctrl Pts',(-18.1045320669615,-3.25207227339622,0.466596256849341));
#8268=CARTESIAN_POINT('Ctrl Pts',(-18.1121616705207,-3.24316697489949,0.933191854947053));
#8269=CARTESIAN_POINT('Ctrl Pts',(-18.1197875908631,-3.23422879474072,1.39978677321894));
#8270=CARTESIAN_POINT('Origin',(-17.8,0.,0.));
#8271=CARTESIAN_POINT('Ctrl Pts',(-18.1198159778965,-3.23419552272673,1.40152364599166));
#8272=CARTESIAN_POINT('Ctrl Pts',(-18.1121806043558,-3.24314487520863,0.934349771817016));
#8273=CARTESIAN_POINT('Ctrl Pts',(-18.1045415383562,-3.25206126348447,0.467175216102218));
#8274=CARTESIAN_POINT('Ctrl Pts',(-18.0968988574305,-3.26094540839877,-1.12757025938492E-14));
#8275=CARTESIAN_POINT('Ctrl Pts',(-18.1751717040411,-3.22874041950705,1.40045230877983));
#8276=CARTESIAN_POINT('Ctrl Pts',(-18.1674648553627,-3.23784634297202,0.9332830017834));
#8277=CARTESIAN_POINT('Ctrl Pts',(-18.1597520390242,-3.24690660038349,0.466112701036762));
#8278=CARTESIAN_POINT('Ctrl Pts',(-18.152037670288,-3.2559437373305,-0.00105806596205693));
#8279=CARTESIAN_POINT('Ctrl Pts',(-18.290091869116,-3.26697027534344,1.39918291604509));
#8280=CARTESIAN_POINT('Ctrl Pts',(-18.2821017057483,-3.27622477987038,0.932019448283537));
#8281=CARTESIAN_POINT('Ctrl Pts',(-18.2741074216876,-3.28544627633814,0.464855308536612));
#8282=CARTESIAN_POINT('Ctrl Pts',(-18.2661138862247,-3.29462722755316,-0.00230978109752956));
#8283=CARTESIAN_POINT('Ctrl Pts',(-18.3394449859786,-3.37757061925818,1.40045230877983));
#8284=CARTESIAN_POINT('Ctrl Pts',(-18.3312870882113,-3.38665919467198,0.933283001783401));
#8285=CARTESIAN_POINT('Ctrl Pts',(-18.3231393555826,-3.39570872255406,0.466112701036762));
#8286=CARTESIAN_POINT('Ctrl Pts',(-18.31498153139,-3.40472604096301,-0.00105806596205665));
#8287=CARTESIAN_POINT('Ctrl Pts',(-18.3394636862392,-3.43319448300776,1.40152364599166));
#8288=CARTESIAN_POINT('Ctrl Pts',(-18.3313091359327,-3.44219517469407,0.934349771817016));
#8289=CARTESIAN_POINT('Ctrl Pts',(-18.3231545737299,-3.45116048696586,0.467175216102219));
#8290=CARTESIAN_POINT('Ctrl Pts',(-18.315,-3.46009123811537,-1.0897858136738E-14));
#8291=CARTESIAN_POINT('Ctrl Pts',(-18.1197875908631,-3.23422879474072,1.39978677321895));
#8292=CARTESIAN_POINT('Ctrl Pts',(-18.1330391787084,-3.23291853413241,1.39978677329468));
#8293=CARTESIAN_POINT('Ctrl Pts',(-18.1463466677228,-3.23301733217926,1.39978848124529));
#8294=CARTESIAN_POINT('Ctrl Pts',(-18.1595241844878,-3.23441862708686,1.39979001354215));
#8295=CARTESIAN_POINT('Ctrl Pts',(-18.1721227873037,-3.23575836038287,1.39979147852223));
#8296=CARTESIAN_POINT('Ctrl Pts',(-18.1846039667685,-3.23828949518496,1.39979277490914));
#8297=CARTESIAN_POINT('Ctrl Pts',(-18.1968007691251,-3.24196313991202,1.39979318758201));
#8298=CARTESIAN_POINT('Ctrl Pts',(-18.2096085189982,-3.245820800421,1.39979362092598));
#8299=CARTESIAN_POINT('Ctrl Pts',(-18.2219780093051,-3.25090028741395,1.39979305204688));
#8300=CARTESIAN_POINT('Ctrl Pts',(-18.2337231566781,-3.25712094770965,1.39979188239454));
#8301=CARTESIAN_POINT('Ctrl Pts',(-18.2448539786905,-3.26301623879052,1.39979077392041));
#8302=CARTESIAN_POINT('Ctrl Pts',(-18.2554252705978,-3.26993728579613,1.39978912091598));
#8303=CARTESIAN_POINT('Ctrl Pts',(-18.2652578516325,-3.27785330455162,1.39978835742093));
#8304=CARTESIAN_POINT('Ctrl Pts',(-18.268144765323,-3.28017750232212,1.39978813325351));
#8305=CARTESIAN_POINT('Ctrl Pts',(-18.2709599949536,-3.28258141766947,1.39978799407489));
#8306=CARTESIAN_POINT('Ctrl Pts',(-18.273699602316,-3.28506347911643,1.39978799391852));
#8307=CARTESIAN_POINT('Ctrl Pts',(-18.2835275383429,-3.2939675072811,1.39978799335757));
#8308=CARTESIAN_POINT('Ctrl Pts',(-18.2923852097457,-3.30387404382699,1.3997896699266));
#8309=CARTESIAN_POINT('Ctrl Pts',(-18.3002096081233,-3.31458414493747,1.39979100919038));
#8310=CARTESIAN_POINT('Ctrl Pts',(-18.3054692691536,-3.3217836123882,1.39979190946068));
#8311=CARTESIAN_POINT('Ctrl Pts',(-18.3102613465558,-3.32934721563943,1.39979268897768));
#8312=CARTESIAN_POINT('Ctrl Pts',(-18.3145558819837,-3.33722199825613,1.39979306866508));
#8313=CARTESIAN_POINT('Ctrl Pts',(-18.3209604211411,-3.34896584214137,1.3997936349016));
#8314=CARTESIAN_POINT('Ctrl Pts',(-18.3262092685172,-3.36130660725323,1.39979325625172));
#8315=CARTESIAN_POINT('Ctrl Pts',(-18.3302188294478,-3.37405767469241,1.39979212043381));
#8316=CARTESIAN_POINT('Ctrl Pts',(-18.3312210287503,-3.37724483436272,1.39979183653342));
#8317=CARTESIAN_POINT('Ctrl Pts',(-18.3321455693474,-3.38045772949669,1.39979151134413));
#8318=CARTESIAN_POINT('Ctrl Pts',(-18.3329906566833,-3.38369359839301,1.39979115927456));
#8319=CARTESIAN_POINT('Ctrl Pts',(-18.3363331128193,-3.39649197956275,1.39978976678286));
#8320=CARTESIAN_POINT('Ctrl Pts',(-18.3384157790036,-3.40956950837482,1.399787884392));
#8321=CARTESIAN_POINT('Ctrl Pts',(-18.3391435055701,-3.42275132885019,1.39978710352204));
#8322=CARTESIAN_POINT('Ctrl Pts',(-18.3393359528475,-3.42623726103784,1.39978689702099));
#8323=CARTESIAN_POINT('Ctrl Pts',(-18.3394333682146,-3.42973053189602,1.39978677323884));
#8324=CARTESIAN_POINT('Ctrl Pts',(-18.3394333690122,-3.43322794588103,1.39978677321895));
#8325=CARTESIAN_POINT('Ctrl Pts',(-18.315,-3.46009123811537,1.92771146267923E-16));
#8326=CARTESIAN_POINT('Ctrl Pts',(-18.315,-3.44677405908849,2.55644523674363E-16));
#8327=CARTESIAN_POINT('Ctrl Pts',(-18.3135928470677,-3.43353962621419,1.6864670369429E-6));
#8328=CARTESIAN_POINT('Ctrl Pts',(-18.3109023722101,-3.42056268762091,3.19183075827168E-6));
#8329=CARTESIAN_POINT('Ctrl Pts',(-18.3083305297465,-3.40815794738417,4.63081775745331E-6));
#8330=CARTESIAN_POINT('Ctrl Pts',(-18.3045850796496,-3.39598720242288,5.89643113383172E-6));
#8331=CARTESIAN_POINT('Ctrl Pts',(-18.2997306346122,-3.38421193032814,6.28663593699392E-6));
#8332=CARTESIAN_POINT('Ctrl Pts',(-18.2946333441336,-3.37184759581252,6.69636088244041E-6));
#8333=CARTESIAN_POINT('Ctrl Pts',(-18.2883633911732,-3.36003959046921,6.11359135535925E-6));
#8334=CARTESIAN_POINT('Ctrl Pts',(-18.2810187916161,-3.34896528922852,4.9510379231661E-6));
#8335=CARTESIAN_POINT('Ctrl Pts',(-18.274056178875,-3.33846695363946,3.84894797580745E-6));
#8336=CARTESIAN_POINT('Ctrl Pts',(-18.2661268473648,-3.32862686467264,2.22089394246085E-6));
#8337=CARTESIAN_POINT('Ctrl Pts',(-18.2572786248471,-3.31962057821139,1.50842098682285E-6));
#8338=CARTESIAN_POINT('Ctrl Pts',(-18.2548613980631,-3.31716017028025,1.31378204008529E-6));
#8339=CARTESIAN_POINT('Ctrl Pts',(-18.2523814905086,-3.31476837293456,1.19470125368941E-6));
#8340=CARTESIAN_POINT('Ctrl Pts',(-18.2498404733517,-3.31244821890595,1.1945680455927E-6));
#8341=CARTESIAN_POINT('Ctrl Pts',(-18.2400453924584,-3.30350451841462,1.19405455665313E-6));
#8342=CARTESIAN_POINT('Ctrl Pts',(-18.2293451911392,-3.2956221674642,2.84821120637442E-6));
#8343=CARTESIAN_POINT('Ctrl Pts',(-18.2179441829266,-3.28884490034494,4.16208560050611E-6));
#8344=CARTESIAN_POINT('Ctrl Pts',(-18.2100592494561,-3.2841577446697,5.0707606924927E-6));
#8345=CARTESIAN_POINT('Ctrl Pts',(-18.2018381043144,-3.27999992432113,5.84885642759276E-6));
#8346=CARTESIAN_POINT('Ctrl Pts',(-18.193341227431,-3.27639853523111,6.20186876794512E-6));
#8347=CARTESIAN_POINT('Ctrl Pts',(-18.1810269328071,-3.27117913910255,6.71348003681857E-6));
#8348=CARTESIAN_POINT('Ctrl Pts',(-18.1682323358318,-3.26716785960792,6.28024651024616E-6));
#8349=CARTESIAN_POINT('Ctrl Pts',(-18.1551506497834,-3.26443126959427,5.12422505653321E-6));
#8350=CARTESIAN_POINT('Ctrl Pts',(-18.1521312657435,-3.26379963723585,4.85740373746808E-6));
#8351=CARTESIAN_POINT('Ctrl Pts',(-18.1490965217072,-3.26323612026819,4.55721174758428E-6));
#8352=CARTESIAN_POINT('Ctrl Pts',(-18.1460487130317,-3.26274192655603,4.2352232206426E-6));
#8353=CARTESIAN_POINT('Ctrl Pts',(-18.1329936015672,-3.26062507648966,2.856004064568E-6));
#8354=CARTESIAN_POINT('Ctrl Pts',(-18.1197789806891,-3.25978912458825,1.00653705160876E-6));
#8355=CARTESIAN_POINT('Ctrl Pts',(-18.1065876737028,-3.26031305502064,2.82388532768806E-7));
#8356=CARTESIAN_POINT('Ctrl Pts',(-18.1033557822722,-3.26044141881935,1.0497098081954E-7));
#8357=CARTESIAN_POINT('Ctrl Pts',(-18.1001252752322,-3.2606516531717,2.29939739977757E-16));
#8358=CARTESIAN_POINT('Ctrl Pts',(-18.0968988574305,-3.26094540839877,2.22044604925031E-16));
#8359=CARTESIAN_POINT('Origin',(17.315,-11.976554195372,-2.8));
#8360=CARTESIAN_POINT('',(17.315,-11.976554195372,-3.));
#8361=CARTESIAN_POINT('',(17.315,-12.1730890724741,-2.83706807362779));
#8362=CARTESIAN_POINT('Origin',(17.315,-11.976554195372,-2.8));
#8363=CARTESIAN_POINT('',(-17.315,-12.1730890724741,-2.83706807362779));
#8364=CARTESIAN_POINT('',(17.315,-12.1730890724741,-2.83706807362779));
#8365=CARTESIAN_POINT('',(-17.315,-11.976554195372,-3.));
#8366=CARTESIAN_POINT('Origin',(-17.315,-11.976554195372,-2.8));
#8367=CARTESIAN_POINT('',(17.315,-11.976554195372,-3.));
#8368=CARTESIAN_POINT('Origin',(17.315,-7.565,-2.8));
#8369=CARTESIAN_POINT('',(21.726554195372,-7.565,-3.));
#8370=CARTESIAN_POINT('',(21.9230890724741,-7.565,-2.83706807362779));
#8371=CARTESIAN_POINT('Origin',(21.726554195372,-7.565,-2.8));
#8372=CARTESIAN_POINT('Origin',(17.315,-7.565,-2.83706807362779));
#8373=CARTESIAN_POINT('Origin',(17.315,-7.565,-3.));
#8374=CARTESIAN_POINT('Origin',(-17.315,-7.565,-2.8));
#8375=CARTESIAN_POINT('',(-21.9230890724741,-7.565,-2.83706807362779));
#8376=CARTESIAN_POINT('',(-21.726554195372,-7.565,-3.));
#8377=CARTESIAN_POINT('Origin',(-21.726554195372,-7.565,-2.8));
#8378=CARTESIAN_POINT('Origin',(-17.315,-7.565,-3.));
#8379=CARTESIAN_POINT('Origin',(-17.315,-7.565,-2.83706807362779));
#8380=CARTESIAN_POINT('Origin',(21.726554195372,7.565,-2.8));
#8381=CARTESIAN_POINT('',(21.726554195372,7.565,-3.));
#8382=CARTESIAN_POINT('',(21.9230890724741,7.565,-2.83706807362779));
#8383=CARTESIAN_POINT('Origin',(21.726554195372,7.565,-2.8));
#8384=CARTESIAN_POINT('',(21.9230890724741,7.565,-2.83706807362779));
#8385=CARTESIAN_POINT('',(21.726554195372,7.565,-3.));
#8386=CARTESIAN_POINT('Origin',(-21.726554195372,-7.565,-2.8));
#8387=CARTESIAN_POINT('',(-21.9230890724741,7.565,-2.83706807362779));
#8388=CARTESIAN_POINT('',(-21.726554195372,7.565,-3.));
#8389=CARTESIAN_POINT('Origin',(-21.726554195372,7.565,-2.8));
#8390=CARTESIAN_POINT('',(-21.726554195372,-7.565,-3.));
#8391=CARTESIAN_POINT('',(-21.9230890724741,-7.565,-2.83706807362779));
#8392=CARTESIAN_POINT('Origin',(17.315,7.565,-2.8));
#8393=CARTESIAN_POINT('',(17.315,11.976554195372,-3.));
#8394=CARTESIAN_POINT('',(17.315,12.1730890724741,-2.83706807362779));
#8395=CARTESIAN_POINT('Origin',(17.315,11.976554195372,-2.8));
#8396=CARTESIAN_POINT('Origin',(17.315,7.565,-2.83706807362779));
#8397=CARTESIAN_POINT('Origin',(17.315,7.565,-3.));
#8398=CARTESIAN_POINT('Origin',(-17.315,7.565,-2.8));
#8399=CARTESIAN_POINT('',(-17.315,12.1730890724741,-2.83706807362779));
#8400=CARTESIAN_POINT('',(-17.315,11.976554195372,-3.));
#8401=CARTESIAN_POINT('Origin',(-17.315,11.976554195372,-2.8));
#8402=CARTESIAN_POINT('Origin',(-17.315,7.565,-3.));
#8403=CARTESIAN_POINT('Origin',(-17.315,7.565,-2.83706807362779));
#8404=CARTESIAN_POINT('Origin',(-17.315,11.976554195372,-2.8));
#8405=CARTESIAN_POINT('',(-17.315,11.976554195372,-3.));
#8406=CARTESIAN_POINT('',(-17.315,12.1730890724741,-2.83706807362779));
#8407=CARTESIAN_POINT('Ctrl Pts',(-22.2916018856536,7.565,-2.77555756156289E-16));
#8408=CARTESIAN_POINT('Ctrl Pts',(-22.2916018856536,12.5416018856536,-2.77555756156289E-16));
#8409=CARTESIAN_POINT('Ctrl Pts',(-17.315,12.5416018856536,-2.77555756156289E-16));
#8410=CARTESIAN_POINT('Ctrl Pts',(-22.1886443914035,7.565,-1.4290941256511));
#8411=CARTESIAN_POINT('Ctrl Pts',(-22.1886443914035,12.4386443914035,-1.4290941256511));
#8412=CARTESIAN_POINT('Ctrl Pts',(-17.315,12.4386443914035,-1.4290941256511));
#8413=CARTESIAN_POINT('Ctrl Pts',(-21.9230890724741,7.565,-2.83706807362779));
#8414=CARTESIAN_POINT('Ctrl Pts',(-21.9230890724741,12.1730890724741,-2.83706807362779));
#8415=CARTESIAN_POINT('Ctrl Pts',(-17.315,12.1730890724741,-2.83706807362779));
#8416=CARTESIAN_POINT('',(-22.2916018856536,7.565,0.));
#8417=CARTESIAN_POINT('Origin',(2.64377056528444,7.565,1.79644112984544));
#8418=CARTESIAN_POINT('',(-17.315,12.5416018856536,0.));
#8419=CARTESIAN_POINT('Origin',(-17.315,7.565,0.));
#8420=CARTESIAN_POINT('Origin',(-17.315,-12.3937705652844,1.79644112984544));
#8421=CARTESIAN_POINT('Origin',(2.64377056528444,-7.565,1.79644112984544));
#8422=CARTESIAN_POINT('Origin',(2.64377056528444,-7.565,1.79644112984544));
#8423=CARTESIAN_POINT('',(-22.2916018856536,-7.565,0.));
#8424=CARTESIAN_POINT('Ctrl Pts',(-17.315,-12.5416018856536,-5.55111512312578E-16));
#8425=CARTESIAN_POINT('Ctrl Pts',(-22.2916018856536,-12.5416018856536,-5.55111512312578E-16));
#8426=CARTESIAN_POINT('Ctrl Pts',(-22.2916018856536,-7.565,-5.55111512312578E-16));
#8427=CARTESIAN_POINT('Ctrl Pts',(-17.315,-12.4386443914035,-1.4290941256511));
#8428=CARTESIAN_POINT('Ctrl Pts',(-22.1886443914035,-12.4386443914035,-1.4290941256511));
#8429=CARTESIAN_POINT('Ctrl Pts',(-22.1886443914035,-7.565,-1.4290941256511));
#8430=CARTESIAN_POINT('Ctrl Pts',(-17.315,-12.1730890724741,-2.83706807362779));
#8431=CARTESIAN_POINT('Ctrl Pts',(-21.9230890724741,-12.1730890724741,-2.83706807362779));
#8432=CARTESIAN_POINT('Ctrl Pts',(-21.9230890724741,-7.565,-2.83706807362779));
#8433=CARTESIAN_POINT('Origin',(-17.315,12.3937705652845,1.79644112984544));
#8434=CARTESIAN_POINT('Origin',(17.315,12.3937705652845,1.79644112984544));
#8435=CARTESIAN_POINT('Origin',(17.315,12.3937705652844,1.79644112984544));
#8436=CARTESIAN_POINT('Origin',(-21.6417985637969,7.565,-3.));
#8437=CARTESIAN_POINT('',(-21.3917985637969,-7.565,-3.));
#8438=CARTESIAN_POINT('',(-21.3917985637969,7.565,-3.));
#8439=CARTESIAN_POINT('',(-21.3917985637969,-7.565,-3.));
#8440=CARTESIAN_POINT('',(-17.315,-11.6417985637968,-3.));
#8441=CARTESIAN_POINT('Origin',(-17.315,-7.565,-3.));
#8442=CARTESIAN_POINT('',(17.315,-11.6417985637969,-3.));
#8443=CARTESIAN_POINT('',(17.315,-11.6417985637968,-3.));
#8444=CARTESIAN_POINT('',(21.3917985637969,-7.565,-3.));
#8445=CARTESIAN_POINT('Origin',(17.315,-7.565,-3.));
#8446=CARTESIAN_POINT('',(21.3917985637969,7.565,-3.));
#8447=CARTESIAN_POINT('',(21.3917985637969,7.565,-3.));
#8448=CARTESIAN_POINT('',(17.315,11.6417985637968,-3.));
#8449=CARTESIAN_POINT('Origin',(17.315,7.565,-3.));
#8450=CARTESIAN_POINT('',(-17.315,11.6417985637969,-3.));
#8451=CARTESIAN_POINT('',(-17.315,11.6417985637968,-3.));
#8452=CARTESIAN_POINT('Origin',(-17.315,7.565,-3.));
#8453=CARTESIAN_POINT('Origin',(-17.8,0.,-50.1560935640252));
#8454=CARTESIAN_POINT('',(-19.705,1.33145707992736E-16,1.39978677321895));
#8455=CARTESIAN_POINT('Origin',(-17.8,0.,1.39978677321895));
#8456=CARTESIAN_POINT('',(-19.705,1.33145707992736E-16,0.));
#8457=CARTESIAN_POINT('',(-19.705,1.33145707992736E-16,-50.1560935640252));
#8458=CARTESIAN_POINT('Origin',(-17.8,0.,0.));
#8459=CARTESIAN_POINT('Origin',(17.8,2.22044604925031E-15,-50.1560935640252));
#8460=CARTESIAN_POINT('',(15.895,2.35359175724305E-15,1.39978677321895));
#8461=CARTESIAN_POINT('Origin',(17.8,2.22044604925031E-15,1.39978677321895));
#8462=CARTESIAN_POINT('',(15.895,2.35359175724305E-15,0.));
#8463=CARTESIAN_POINT('',(15.895,2.35359175724305E-15,-50.1560935640252));
#8464=CARTESIAN_POINT('Origin',(17.8,2.22044604925031E-15,0.));
#8465=CARTESIAN_POINT('Origin',(-17.315,7.565,0.699893386609474));
#8466=CARTESIAN_POINT('',(-17.315,10.065,0.));
#8467=CARTESIAN_POINT('Origin',(-17.315,7.565,0.));
#8468=CARTESIAN_POINT('',(-17.315,10.0894333690122,1.39978677321895));
#8469=CARTESIAN_POINT('',(-17.315,10.0894333690122,1.39978677321895));
#8470=CARTESIAN_POINT('Origin',(-17.315,7.565,1.39978677321895));
#8471=CARTESIAN_POINT('Origin',(17.315,7.565,0.699893386609474));
#8472=CARTESIAN_POINT('',(17.315,10.0894333690122,1.39978677321895));
#8473=CARTESIAN_POINT('Origin',(17.315,7.565,1.39978677321895));
#8474=CARTESIAN_POINT('',(17.315,10.065,0.));
#8475=CARTESIAN_POINT('',(17.315,10.0894333690122,1.39978677321895));
#8476=CARTESIAN_POINT('Origin',(17.315,7.565,0.));
#8477=CARTESIAN_POINT('Origin',(-17.315,-7.565,2.19989338660947));
#8478=CARTESIAN_POINT('',(-21.3394333690122,-7.565,1.39978677321895));
#8479=CARTESIAN_POINT('',(-21.3673651947847,-7.565,3.));
#8480=CARTESIAN_POINT('',(-17.315,-11.5894333690122,1.39978677321895));
#8481=CARTESIAN_POINT('',(-17.315,-11.6173651947846,3.));
#8482=CARTESIAN_POINT('Origin',(-17.315,-7.565,1.39978677321895));
#8483=CARTESIAN_POINT('Origin',(-17.315,-7.565,-1.5));
#8484=CARTESIAN_POINT('',(-21.3394333690122,-7.565,0.));
#8485=CARTESIAN_POINT('',(-21.3394333690122,-7.565,0.));
#8486=CARTESIAN_POINT('',(-17.315,-11.5894333690122,0.));
#8487=CARTESIAN_POINT('Origin',(-17.315,-7.565,0.));
#8488=CARTESIAN_POINT('',(-17.315,-11.5894333690122,0.));
#8489=CARTESIAN_POINT('Origin',(-17.315,-7.565,0.699893386609474));
#8490=CARTESIAN_POINT('Origin',(-17.315,-7.565,1.39978677321895));
#8491=CARTESIAN_POINT('Origin',(-17.315,-7.565,0.));
#8492=CARTESIAN_POINT('Origin',(17.315,-11.5894333690122,1.39978677321895));
#8493=CARTESIAN_POINT('',(17.315,-11.5894333690122,1.39978677321895));
#8494=CARTESIAN_POINT('',(17.315,-11.6173651947846,3.));
#8495=CARTESIAN_POINT('',(17.315,-11.5894333690122,1.39978677321895));
#8496=CARTESIAN_POINT('Origin',(17.315,-11.6417985637968,-3.));
#8497=CARTESIAN_POINT('',(17.315,-11.5894333690122,0.));
#8498=CARTESIAN_POINT('',(17.315,-11.5894333690122,0.));
#8499=CARTESIAN_POINT('',(17.315,-11.5894333690122,0.));
#8500=CARTESIAN_POINT('Origin',(17.315,-7.565,2.19989338660947));
#8501=CARTESIAN_POINT('',(21.3394333690122,-7.565,1.39978677321895));
#8502=CARTESIAN_POINT('',(21.3673651947847,-7.565,3.));
#8503=CARTESIAN_POINT('Origin',(17.315,-7.565,1.39978677321895));
#8504=CARTESIAN_POINT('Ctrl Pts',(22.2916018856536,-7.565,-2.77555756156289E-16));
#8505=CARTESIAN_POINT('Ctrl Pts',(22.2916018856536,-12.5416018856536,-2.77555756156289E-16));
#8506=CARTESIAN_POINT('Ctrl Pts',(17.315,-12.5416018856536,-2.77555756156289E-16));
#8507=CARTESIAN_POINT('Ctrl Pts',(22.1886443914035,-7.565,-1.4290941256511));
#8508=CARTESIAN_POINT('Ctrl Pts',(22.1886443914035,-12.4386443914035,-1.4290941256511));
#8509=CARTESIAN_POINT('Ctrl Pts',(17.315,-12.4386443914035,-1.4290941256511));
#8510=CARTESIAN_POINT('Ctrl Pts',(21.9230890724741,-7.565,-2.83706807362779));
#8511=CARTESIAN_POINT('Ctrl Pts',(21.9230890724741,-12.1730890724741,-2.83706807362779));
#8512=CARTESIAN_POINT('Ctrl Pts',(17.315,-12.1730890724741,-2.83706807362779));
#8513=CARTESIAN_POINT('Origin',(-2.64377056528444,-7.565,1.79644112984544));
#8514=CARTESIAN_POINT('Origin',(17.315,-7.565,-1.5));
#8515=CARTESIAN_POINT('',(21.3394333690122,-7.565,0.));
#8516=CARTESIAN_POINT('Origin',(17.315,-7.565,0.));
#8517=CARTESIAN_POINT('',(21.3394333690122,-7.565,0.));
#8518=CARTESIAN_POINT('Origin',(17.315,-7.565,0.699893386609474));
#8519=CARTESIAN_POINT('Origin',(17.315,-7.565,0.));
#8520=CARTESIAN_POINT('Origin',(17.315,-7.565,1.39978677321895));
#8521=CARTESIAN_POINT('Origin',(21.3394333690122,7.565,1.39978677321895));
#8522=CARTESIAN_POINT('',(21.3394333690122,7.565,1.39978677321895));
#8523=CARTESIAN_POINT('',(21.3673651947847,7.565,3.));
#8524=CARTESIAN_POINT('',(21.3394333690122,7.565,1.39978677321895));
#8525=CARTESIAN_POINT('Origin',(-2.64377056528444,7.565,1.79644112984544));
#8526=CARTESIAN_POINT('Origin',(-2.64377056528444,7.565,1.79644112984544));
#8527=CARTESIAN_POINT('Origin',(21.3917985637969,7.565,-3.));
#8528=CARTESIAN_POINT('',(21.3394333690122,7.565,0.));
#8529=CARTESIAN_POINT('',(21.3394333690122,7.565,0.));
#8530=CARTESIAN_POINT('',(21.3394333690122,7.565,0.));
#8531=CARTESIAN_POINT('Origin',(17.315,7.565,2.19989338660947));
#8532=CARTESIAN_POINT('',(17.315,11.5894333690122,1.39978677321895));
#8533=CARTESIAN_POINT('',(17.315,11.6173651947846,3.));
#8534=CARTESIAN_POINT('Origin',(17.315,7.565,1.39978677321895));
#8535=CARTESIAN_POINT('Ctrl Pts',(17.315,12.1654324678572,2.86537382819213));
#8536=CARTESIAN_POINT('Ctrl Pts',(21.9154324678573,12.1654324678572,2.86537382819213));
#8537=CARTESIAN_POINT('Ctrl Pts',(21.9154324678573,7.565,2.86537382819213));
#8538=CARTESIAN_POINT('Ctrl Pts',(17.315,12.6475996504818,1.47129438368252));
#8539=CARTESIAN_POINT('Ctrl Pts',(22.3975996504818,12.6475996504818,1.47129438368252));
#8540=CARTESIAN_POINT('Ctrl Pts',(22.3975996504818,7.565,1.47129438368252));
#8541=CARTESIAN_POINT('Ctrl Pts',(17.315,12.5416018856536,-6.93889390390723E-16));
#8542=CARTESIAN_POINT('Ctrl Pts',(22.2916018856536,12.5416018856536,-6.93889390390723E-16));
#8543=CARTESIAN_POINT('Ctrl Pts',(22.2916018856536,7.565,-6.93889390390723E-16));
#8544=CARTESIAN_POINT('',(17.315,12.5416018856536,0.));
#8545=CARTESIAN_POINT('Origin',(17.315,7.565,0.));
#8546=CARTESIAN_POINT('Origin',(17.315,5.37387038647446,0.516391230896962));
#8547=CARTESIAN_POINT('Ctrl Pts',(17.315,12.5416018856536,-2.77555756156289E-16));
#8548=CARTESIAN_POINT('Ctrl Pts',(22.2916018856536,12.5416018856536,-2.77555756156289E-16));
#8549=CARTESIAN_POINT('Ctrl Pts',(22.2916018856536,7.565,-2.77555756156289E-16));
#8550=CARTESIAN_POINT('Ctrl Pts',(17.315,12.4386443914035,-1.4290941256511));
#8551=CARTESIAN_POINT('Ctrl Pts',(22.1886443914035,12.4386443914035,-1.4290941256511));
#8552=CARTESIAN_POINT('Ctrl Pts',(22.1886443914035,7.565,-1.4290941256511));
#8553=CARTESIAN_POINT('Ctrl Pts',(17.315,12.1730890724741,-2.83706807362779));
#8554=CARTESIAN_POINT('Ctrl Pts',(21.9230890724741,12.1730890724741,-2.83706807362779));
#8555=CARTESIAN_POINT('Ctrl Pts',(21.9230890724741,7.565,-2.83706807362779));
#8556=CARTESIAN_POINT('Origin',(17.315,-12.3937705652845,1.79644112984544));
#8557=CARTESIAN_POINT('Origin',(17.315,7.565,-1.5));
#8558=CARTESIAN_POINT('',(17.315,11.5894333690122,0.));
#8559=CARTESIAN_POINT('Origin',(17.315,7.565,0.));
#8560=CARTESIAN_POINT('',(17.315,11.5894333690122,0.));
#8561=CARTESIAN_POINT('Origin',(-17.315,11.5894333690122,1.39978677321895));
#8562=CARTESIAN_POINT('',(-17.315,11.5894333690122,1.39978677321895));
#8563=CARTESIAN_POINT('',(-17.315,11.6173651947846,3.));
#8564=CARTESIAN_POINT('',(-17.315,11.5894333690122,1.39978677321895));
#8565=CARTESIAN_POINT('Origin',(-17.315,5.37387038647446,0.516391230896962));
#8566=CARTESIAN_POINT('',(-17.315,12.5416018856536,0.));
#8567=CARTESIAN_POINT('Origin',(-17.315,5.37387038647446,0.516391230896962));
#8568=CARTESIAN_POINT('Origin',(-17.315,-12.3937705652845,1.79644112984544));
#8569=CARTESIAN_POINT('Origin',(-17.315,11.6417985637968,-3.));
#8570=CARTESIAN_POINT('',(-17.315,11.5894333690122,0.));
#8571=CARTESIAN_POINT('',(-17.315,11.5894333690122,0.));
#8572=CARTESIAN_POINT('',(-17.315,11.5894333690122,0.));
#8573=CARTESIAN_POINT('Origin',(-17.315,10.065,0.));
#8574=CARTESIAN_POINT('',(-17.315,10.0894333690122,1.39978677321895));
#8575=CARTESIAN_POINT('',(-17.315,10.065,0.));
#8576=CARTESIAN_POINT('Origin',(-17.315,7.565,2.19989338660947));
#8577=CARTESIAN_POINT('',(-21.3394333690122,7.565,1.39978677321895));
#8578=CARTESIAN_POINT('',(-21.3673651947847,7.565,3.));
#8579=CARTESIAN_POINT('Origin',(-17.315,7.565,1.39978677321895));
#8580=CARTESIAN_POINT('Ctrl Pts',(-21.9154324678573,7.565,2.86537382819213));
#8581=CARTESIAN_POINT('Ctrl Pts',(-21.9154324678573,12.1654324678572,2.86537382819213));
#8582=CARTESIAN_POINT('Ctrl Pts',(-17.315,12.1654324678572,2.86537382819213));
#8583=CARTESIAN_POINT('Ctrl Pts',(-22.3975996504818,7.565,1.47129438368252));
#8584=CARTESIAN_POINT('Ctrl Pts',(-22.3975996504818,12.6475996504818,1.47129438368252));
#8585=CARTESIAN_POINT('Ctrl Pts',(-17.315,12.6475996504818,1.47129438368252));
#8586=CARTESIAN_POINT('Ctrl Pts',(-22.2916018856536,7.565,-6.93889390390723E-16));
#8587=CARTESIAN_POINT('Ctrl Pts',(-22.2916018856536,12.5416018856536,-6.93889390390723E-16));
#8588=CARTESIAN_POINT('Ctrl Pts',(-17.315,12.5416018856536,-6.93889390390723E-16));
#8589=CARTESIAN_POINT('Origin',(-15.1238703864745,7.565,0.516391230896962));
#8590=CARTESIAN_POINT('Origin',(-17.315,7.565,-1.5));
#8591=CARTESIAN_POINT('',(-21.3394333690122,7.565,0.));
#8592=CARTESIAN_POINT('Origin',(-17.315,7.565,0.));
#8593=CARTESIAN_POINT('',(-21.3394333690122,7.565,0.));
#8594=CARTESIAN_POINT('Origin',(-20.5772166845061,7.565,0.));
#8595=CARTESIAN_POINT('',(-21.3394333690122,-7.565,0.));
#8596=CARTESIAN_POINT('Origin',(-20.5894333690122,7.565,1.39978677321895));
#8597=CARTESIAN_POINT('',(-21.3394333690122,-7.565,1.39978677321895));
#8598=CARTESIAN_POINT('Origin',(-21.3394333690122,-7.565,1.39978677321895));
#8599=CARTESIAN_POINT('Origin',(-15.1238703864745,-7.565,0.516391230896962));
#8600=CARTESIAN_POINT('Origin',(-21.3917985637969,-7.565,-3.));
#8601=CARTESIAN_POINT('',(0.,0.,0.));
#8602=CARTESIAN_POINT('Origin',(-0.700787401574803,0.,0.0454065133826586));
#8603=CARTESIAN_POINT('',(-0.815787401574803,-1.40834381901946E-17,0.0641));
#8604=CARTESIAN_POINT('Origin',(-0.700787401574803,0.,0.0641));
#8605=CARTESIAN_POINT('',(-0.783287401574803,-1.01033360929657E-17,0.0267130267653172));
#8606=CARTESIAN_POINT('',(-0.799537401574803,-1.20933871415801E-17,0.0454065133826586));
#8607=CARTESIAN_POINT('Origin',(-0.700787401574803,0.,0.0267130267653172));
#8608=CARTESIAN_POINT('Origin',(-0.700787401574803,0.,-1.83447498823627));
#8609=CARTESIAN_POINT('',(-0.783287401574803,-1.01033360929657E-17,0.));
#8610=CARTESIAN_POINT('',(-0.783287401574803,-1.01033360929657E-17,-1.83447498823627));
#8611=CARTESIAN_POINT('Origin',(-0.700787401574803,0.,0.));
#8612=CARTESIAN_POINT('Origin',(0.700787401574803,0.,0.0454065133826586));
#8613=CARTESIAN_POINT('',(0.585787401574803,-1.40834381901946E-17,0.0641));
#8614=CARTESIAN_POINT('Origin',(0.700787401574803,0.,0.0641));
#8615=CARTESIAN_POINT('',(0.618287401574803,-1.01033360929657E-17,0.0267130267653172));
#8616=CARTESIAN_POINT('',(0.602037401574803,-1.20933871415801E-17,0.0454065133826586));
#8617=CARTESIAN_POINT('Origin',(0.700787401574803,0.,0.0267130267653172));
#8618=CARTESIAN_POINT('Origin',(0.700787401574803,0.,-1.83447498823627));
#8619=CARTESIAN_POINT('',(0.618287401574803,-1.01033360929657E-17,0.));
#8620=CARTESIAN_POINT('',(0.618287401574803,-1.01033360929657E-17,-1.83447498823627));
#8621=CARTESIAN_POINT('Origin',(0.700787401574803,0.,0.));
#8622=CARTESIAN_POINT('Origin',(0.,0.45,0.));
#8623=CARTESIAN_POINT('',(-0.681692913385827,0.45,0.0641));
#8624=CARTESIAN_POINT('',(0.681692913385827,0.45,0.0641));
#8625=CARTESIAN_POINT('',(-0.681692913385827,0.45,0.0641));
#8626=CARTESIAN_POINT('',(0.681692913385827,0.45,0.));
#8627=CARTESIAN_POINT('',(0.681692913385827,0.45,0.));
#8628=CARTESIAN_POINT('',(-0.681692913385827,0.45,0.));
#8629=CARTESIAN_POINT('',(-0.681692913385827,0.45,0.));
#8630=CARTESIAN_POINT('',(-0.681692913385827,0.45,0.));
#8631=CARTESIAN_POINT('Origin',(0.681692913385827,0.296456692913386,0.));
#8632=CARTESIAN_POINT('',(0.835236220472441,0.296456692913386,0.0641));
#8633=CARTESIAN_POINT('Origin',(0.681692913385827,0.296456692913386,0.0641));
#8634=CARTESIAN_POINT('',(0.835236220472441,0.296456692913386,0.));
#8635=CARTESIAN_POINT('',(0.835236220472441,0.296456692913386,0.));
#8636=CARTESIAN_POINT('Origin',(0.681692913385827,0.296456692913386,0.));
#8637=CARTESIAN_POINT('Origin',(0.835236220472441,0.296456692913386,0.));
#8638=CARTESIAN_POINT('',(0.835236220472441,-0.296456692913386,0.0641));
#8639=CARTESIAN_POINT('',(0.835236220472441,0.296456692913386,0.0641));
#8640=CARTESIAN_POINT('',(0.835236220472441,-0.296456692913386,0.));
#8641=CARTESIAN_POINT('',(0.835236220472441,-0.296456692913386,0.));
#8642=CARTESIAN_POINT('',(0.835236220472441,0.296456692913386,0.));
#8643=CARTESIAN_POINT('Origin',(0.681692913385827,-0.296456692913386,0.));
#8644=CARTESIAN_POINT('',(0.681692913385827,-0.45,0.0641));
#8645=CARTESIAN_POINT('Origin',(0.681692913385827,-0.296456692913386,0.0641));
#8646=CARTESIAN_POINT('',(0.681692913385827,-0.45,0.));
#8647=CARTESIAN_POINT('',(0.681692913385827,-0.45,0.));
#8648=CARTESIAN_POINT('Origin',(0.681692913385827,-0.296456692913386,0.));
#8649=CARTESIAN_POINT('Origin',(0.681692913385827,-0.45,0.));
#8650=CARTESIAN_POINT('',(-0.681692913385827,-0.45,0.0641));
#8651=CARTESIAN_POINT('',(0.681692913385827,-0.45,0.0641));
#8652=CARTESIAN_POINT('',(-0.681692913385827,-0.45,0.));
#8653=CARTESIAN_POINT('',(-0.681692913385827,-0.45,0.));
#8654=CARTESIAN_POINT('',(0.681692913385827,-0.45,0.));
#8655=CARTESIAN_POINT('Origin',(-0.681692913385827,-0.296456692913386,0.));
#8656=CARTESIAN_POINT('',(-0.835236220472441,-0.296456692913386,0.0641));
#8657=CARTESIAN_POINT('Origin',(-0.681692913385827,-0.296456692913386,0.0641));
#8658=CARTESIAN_POINT('',(-0.835236220472441,-0.296456692913386,0.));
#8659=CARTESIAN_POINT('',(-0.835236220472441,-0.296456692913386,0.));
#8660=CARTESIAN_POINT('Origin',(-0.681692913385827,-0.296456692913386,0.));
#8661=CARTESIAN_POINT('Origin',(-0.835236220472441,0.,0.));
#8662=CARTESIAN_POINT('',(-0.835236220472441,0.296456692913386,0.0641));
#8663=CARTESIAN_POINT('',(-0.835236220472441,-0.296456692913386,0.0641));
#8664=CARTESIAN_POINT('',(-0.835236220472441,0.296456692913386,0.));
#8665=CARTESIAN_POINT('',(-0.835236220472441,0.296456692913386,0.));
#8666=CARTESIAN_POINT('',(-0.835236220472441,-0.296456692913386,0.));
#8667=CARTESIAN_POINT('Origin',(-0.681692913385827,0.296456692913386,0.));
#8668=CARTESIAN_POINT('Origin',(-0.681692913385827,0.296456692913386,0.0641));
#8669=CARTESIAN_POINT('Origin',(-0.681692913385827,0.296456692913386,0.));
#8670=CARTESIAN_POINT('Origin',(1.03810223759242E-16,0.,0.0641));
#8671=CARTESIAN_POINT('Origin',(1.09273919746571E-16,-2.18547839493141E-17,
0.));
#8672=CARTESIAN_POINT('',(0.,0.,0.));
#8673=CARTESIAN_POINT('Origin',(-0.5,-1.4142135623731,0.));
#8674=CARTESIAN_POINT('',(-0.5,-0.588282177300964,2.));
#8675=CARTESIAN_POINT('',(-0.5,-0.5,2.));
#8676=CARTESIAN_POINT('',(-0.5,-1.4142135623731,2.));
#8677=CARTESIAN_POINT('',(-0.5,-1.4142135623731,0.));
#8678=CARTESIAN_POINT('Ctrl Pts',(-0.5,-0.588282177300964,2.));
#8679=CARTESIAN_POINT('Ctrl Pts',(-0.500000000002391,-0.868938643092946,
1.41245100736567));
#8680=CARTESIAN_POINT('Ctrl Pts',(-0.5,-1.4142135623731,0.));
#8681=CARTESIAN_POINT('',(-0.5,-0.5,0.));
#8682=CARTESIAN_POINT('',(-0.5,-0.707106781186548,0.));
#8683=CARTESIAN_POINT('',(-0.5,-0.5,0.));
#8684=CARTESIAN_POINT('Origin',(0.,0.,0.));
#8685=CARTESIAN_POINT('',(2.75,3.36766747301154E-16,0.));
#8686=CARTESIAN_POINT('Origin',(0.,0.,0.));
#8687=CARTESIAN_POINT('',(1.4142135623731,0.5,0.));
#8688=CARTESIAN_POINT('',(0.5,0.5,0.));
#8689=CARTESIAN_POINT('',(0.25,0.5,0.));
#8690=CARTESIAN_POINT('',(0.5,1.4142135623731,0.));
#8691=CARTESIAN_POINT('',(0.5,0.707106781186548,0.));
#8692=CARTESIAN_POINT('',(-0.5,1.4142135623731,0.));
#8693=CARTESIAN_POINT('Origin',(0.,0.,0.));
#8694=CARTESIAN_POINT('',(-0.5,0.5,0.));
#8695=CARTESIAN_POINT('',(-0.5,0.25,0.));
#8696=CARTESIAN_POINT('',(-1.4142135623731,0.5,0.));
#8697=CARTESIAN_POINT('',(-0.707106781186548,0.5,0.));
#8698=CARTESIAN_POINT('',(-1.4142135623731,-0.5,0.));
#8699=CARTESIAN_POINT('Origin',(0.,0.,0.));
#8700=CARTESIAN_POINT('',(-0.25,-0.5,0.));
#8701=CARTESIAN_POINT('',(0.5,-1.4142135623731,0.));
#8702=CARTESIAN_POINT('Origin',(0.,0.,0.));
#8703=CARTESIAN_POINT('',(0.5,-0.5,0.));
#8704=CARTESIAN_POINT('',(0.5,-0.25,0.));
#8705=CARTESIAN_POINT('',(1.4142135623731,-0.5,0.));
#8706=CARTESIAN_POINT('',(0.707106781186548,-0.5,0.));
#8707=CARTESIAN_POINT('Origin',(0.,0.,0.));
#8708=CARTESIAN_POINT('Origin',(0.5,-0.5,0.));
#8709=CARTESIAN_POINT('',(0.5,-0.5,2.));
#8710=CARTESIAN_POINT('',(0.5,-0.588282177300965,2.));
#8711=CARTESIAN_POINT('',(0.5,-0.5,2.));
#8712=CARTESIAN_POINT('',(0.5,-0.5,0.));
#8713=CARTESIAN_POINT('Ctrl Pts',(0.5,-1.4142135623731,0.));
#8714=CARTESIAN_POINT('Ctrl Pts',(0.500000000002881,-1.09877785974589,0.817087784852676));
#8715=CARTESIAN_POINT('Ctrl Pts',(0.500000000002881,-0.716373722771771,
1.73184277691313));
#8716=CARTESIAN_POINT('Ctrl Pts',(0.5,-0.588282177300964,2.));
#8717=CARTESIAN_POINT('Origin',(0.,0.,0.));
#8718=CARTESIAN_POINT('Origin',(0.,0.,2.));
#8719=CARTESIAN_POINT('Origin',(6.07153216591882E-17,8.67361737988404E-18,
2.));
#8720=CARTESIAN_POINT('',(0.5,0.5,2.));
#8721=CARTESIAN_POINT('',(0.588282177300964,0.5,2.));
#8722=CARTESIAN_POINT('',(0.5,0.5,2.));
#8723=CARTESIAN_POINT('',(0.588282177300964,-0.5,2.));
#8724=CARTESIAN_POINT('Origin',(0.,0.,2.));
#8725=CARTESIAN_POINT('',(1.4142135623731,-0.5,2.));
#8726=CARTESIAN_POINT('',(-0.588282177300964,-0.5,2.));
#8727=CARTESIAN_POINT('',(-0.5,-0.5,2.));
#8728=CARTESIAN_POINT('',(-0.588282177300964,0.5,2.));
#8729=CARTESIAN_POINT('Origin',(0.,0.,2.));
#8730=CARTESIAN_POINT('',(-0.5,0.5,2.));
#8731=CARTESIAN_POINT('',(-1.4142135623731,0.5,2.));
#8732=CARTESIAN_POINT('',(-0.5,0.588282177300965,2.));
#8733=CARTESIAN_POINT('',(-0.5,0.5,2.));
#8734=CARTESIAN_POINT('',(0.5,0.588282177300964,2.));
#8735=CARTESIAN_POINT('Origin',(0.,0.,2.));
#8736=CARTESIAN_POINT('',(0.5,1.4142135623731,2.));
#8737=CARTESIAN_POINT('Origin',(-1.4142135623731,0.5,0.));
#8738=CARTESIAN_POINT('Ctrl Pts',(-0.588282177300964,0.5,2.));
#8739=CARTESIAN_POINT('Ctrl Pts',(-0.868938643092946,0.500000000000167,
1.41245100736567));
#8740=CARTESIAN_POINT('Ctrl Pts',(-1.4142135623731,0.5,0.));
#8741=CARTESIAN_POINT('',(-0.5,0.5,0.));
#8742=CARTESIAN_POINT('Origin',(-0.5,-0.5,0.));
#8743=CARTESIAN_POINT('Ctrl Pts',(-1.4142135623731,-0.5,0.));
#8744=CARTESIAN_POINT('Ctrl Pts',(-1.09877785974589,-0.500000000000434,
0.817087784852676));
#8745=CARTESIAN_POINT('Ctrl Pts',(-0.716373722771771,-0.500000000000434,
1.73184277691313));
#8746=CARTESIAN_POINT('Ctrl Pts',(-0.588282177300964,-0.5,2.));
#8747=CARTESIAN_POINT('Origin',(0.,0.,0.));
#8748=CARTESIAN_POINT('Origin',(0.5,1.4142135623731,0.));
#8749=CARTESIAN_POINT('Ctrl Pts',(0.5,0.588282177300964,2.));
#8750=CARTESIAN_POINT('Ctrl Pts',(0.500000000000479,0.868938643092946,1.41245100736567));
#8751=CARTESIAN_POINT('Ctrl Pts',(0.5,1.4142135623731,0.));
#8752=CARTESIAN_POINT('',(0.5,0.5,0.));
#8753=CARTESIAN_POINT('Origin',(-0.5,0.5,0.));
#8754=CARTESIAN_POINT('Ctrl Pts',(-0.5,1.4142135623731,0.));
#8755=CARTESIAN_POINT('Ctrl Pts',(-0.500000000000967,1.09877785974589,0.817087784852676));
#8756=CARTESIAN_POINT('Ctrl Pts',(-0.500000000000967,0.716373722771771,
1.73184277691313));
#8757=CARTESIAN_POINT('Ctrl Pts',(-0.5,0.588282177300964,2.));
#8758=CARTESIAN_POINT('Origin',(0.,0.,0.));
#8759=CARTESIAN_POINT('Origin',(1.4142135623731,-0.5,0.));
#8760=CARTESIAN_POINT('Ctrl Pts',(0.588282177300964,-0.5,2.));
#8761=CARTESIAN_POINT('Ctrl Pts',(0.868938643092946,-0.500000000001702,
1.41245100736567));
#8762=CARTESIAN_POINT('Ctrl Pts',(1.4142135623731,-0.5,0.));
#8763=CARTESIAN_POINT('Origin',(0.5,0.5,0.));
#8764=CARTESIAN_POINT('Ctrl Pts',(1.4142135623731,0.5,0.));
#8765=CARTESIAN_POINT('Ctrl Pts',(1.09877785974589,0.500000000000204,0.817087784852676));
#8766=CARTESIAN_POINT('Ctrl Pts',(0.716373722771771,0.500000000000204,1.73184277691313));
#8767=CARTESIAN_POINT('Ctrl Pts',(0.588282177300964,0.5,2.));
#8768=CARTESIAN_POINT('Origin',(0.,0.,0.));
#8769=CARTESIAN_POINT('Origin',(0.,0.,7.75));
#8770=CARTESIAN_POINT('',(-1.75,-2.14306111918916E-16,7.5));
#8771=CARTESIAN_POINT('Origin',(0.,0.,7.5));
#8772=CARTESIAN_POINT('',(-1.25,1.53075794227797E-16,8.));
#8773=CARTESIAN_POINT('',(-1.5,1.83697019872103E-16,7.75));
#8774=CARTESIAN_POINT('Origin',(0.,0.,8.));
#8775=CARTESIAN_POINT('Origin',(0.,0.,0.));
#8776=CARTESIAN_POINT('',(-1.75,2.14306111918916E-16,1.15036840722101));
#8777=CARTESIAN_POINT('',(-1.75,-2.14313189850787E-16,0.));
#8778=CARTESIAN_POINT('',(1.75,2.14313189850787E-16,1.15036840722101));
#8779=CARTESIAN_POINT('Origin',(0.,0.,1.15036840722101));
#8780=CARTESIAN_POINT('Origin',(0.,0.,1.15036840722101));
#8781=CARTESIAN_POINT('Origin',(0.,0.,8.));
#8782=CARTESIAN_POINT('Origin',(0.,0.,0.));
#8783=CARTESIAN_POINT('',(2.75,3.36777869765522E-16,0.));
#8784=CARTESIAN_POINT('',(0.,0.,0.));
#8785=CARTESIAN_POINT('',(0.,0.,40.));
#8786=CARTESIAN_POINT('',(0.,0.,-40.));
#8787=CARTESIAN_POINT('',(0.,-4.93038065763132E-31,41.3997867732189));
#8788=CARTESIAN_POINT('',(-4.6520892443611E-16,-1.82182882281585E-15,-41.3997867732189));
#8789=CARTESIAN_POINT('',(-17.8,-2.63158663209342E-15,-43.228666060279));
#8790=CARTESIAN_POINT('',(17.8,-6.55389648260645E-16,-43.228666060279));
#8791=CARTESIAN_POINT('',(-17.8,-1.28877773453722E-15,43.228666060279));
#8792=CARTESIAN_POINT('',(17.8,1.33585888461572E-15,43.228666060279));
#8793=UNCERTAINTY_MEASURE_WITH_UNIT(LENGTH_MEASURE(0.01),#8805,
'DISTANCE_ACCURACY_VALUE',
'Maximum model space distance between geometric entities at asserted c
onnectivities');
#8794=UNCERTAINTY_MEASURE_WITH_UNIT(LENGTH_MEASURE(0.01),#8805,
'DISTANCE_ACCURACY_VALUE',
'Maximum model space distance between geometric entities at asserted c
onnectivities');
#8795=UNCERTAINTY_MEASURE_WITH_UNIT(LENGTH_MEASURE(0.01),#8805,
'DISTANCE_ACCURACY_VALUE',
'Maximum model space distance between geometric entities at asserted c
onnectivities');
#8796=UNCERTAINTY_MEASURE_WITH_UNIT(LENGTH_MEASURE(0.000393700787401575),
#55,'DISTANCE_ACCURACY_VALUE',
'Maximum model space distance between geometric entities at asserted c
onnectivities');
#8797=UNCERTAINTY_MEASURE_WITH_UNIT(LENGTH_MEASURE(0.01),#8805,
'DISTANCE_ACCURACY_VALUE',
'Maximum model space distance between geometric entities at asserted c
onnectivities');
#8798=UNCERTAINTY_MEASURE_WITH_UNIT(LENGTH_MEASURE(0.01),#8805,
'DISTANCE_ACCURACY_VALUE',
'Maximum model space distance between geometric entities at asserted c
onnectivities');
#8799=(
GEOMETRIC_REPRESENTATION_CONTEXT(3)
GLOBAL_UNCERTAINTY_ASSIGNED_CONTEXT((#8793))
GLOBAL_UNIT_ASSIGNED_CONTEXT((#8805,#8807,#8808))
REPRESENTATION_CONTEXT('','3D')
);
#8800=(
GEOMETRIC_REPRESENTATION_CONTEXT(3)
GLOBAL_UNCERTAINTY_ASSIGNED_CONTEXT((#8794))
GLOBAL_UNIT_ASSIGNED_CONTEXT((#8805,#8807,#8808))
REPRESENTATION_CONTEXT('','3D')
);
#8801=(
GEOMETRIC_REPRESENTATION_CONTEXT(3)
GLOBAL_UNCERTAINTY_ASSIGNED_CONTEXT((#8795))
GLOBAL_UNIT_ASSIGNED_CONTEXT((#8805,#8807,#8808))
REPRESENTATION_CONTEXT('','3D')
);
#8802=(
GEOMETRIC_REPRESENTATION_CONTEXT(3)
GLOBAL_UNCERTAINTY_ASSIGNED_CONTEXT((#8796))
GLOBAL_UNIT_ASSIGNED_CONTEXT((#55,#8807,#8808))
REPRESENTATION_CONTEXT('','3D')
);
#8803=(
GEOMETRIC_REPRESENTATION_CONTEXT(3)
GLOBAL_UNCERTAINTY_ASSIGNED_CONTEXT((#8797))
GLOBAL_UNIT_ASSIGNED_CONTEXT((#8805,#8807,#8808))
REPRESENTATION_CONTEXT('','3D')
);
#8804=(
GEOMETRIC_REPRESENTATION_CONTEXT(3)
GLOBAL_UNCERTAINTY_ASSIGNED_CONTEXT((#8798))
GLOBAL_UNIT_ASSIGNED_CONTEXT((#8805,#8807,#8808))
REPRESENTATION_CONTEXT('','3D')
);
#8805=(
LENGTH_UNIT()
NAMED_UNIT(*)
SI_UNIT(.MILLI.,.METRE.)
);
#8806=(
LENGTH_UNIT()
NAMED_UNIT(*)
SI_UNIT(.CENTI.,.METRE.)
);
#8807=(
NAMED_UNIT(*)
PLANE_ANGLE_UNIT()
SI_UNIT($,.RADIAN.)
);
#8808=(
NAMED_UNIT(*)
SI_UNIT($,.STERADIAN.)
SOLID_ANGLE_UNIT()
);
#8809=SHAPE_DEFINITION_REPRESENTATION(#8814,#8828);
#8810=SHAPE_DEFINITION_REPRESENTATION(#8815,#8829);
#8811=SHAPE_DEFINITION_REPRESENTATION(#8816,#8830);
#8812=SHAPE_DEFINITION_REPRESENTATION(#8817,#8831);
#8813=SHAPE_DEFINITION_REPRESENTATION(#8818,#8832);
#8814=PRODUCT_DEFINITION_SHAPE('',$,#8834);
#8815=PRODUCT_DEFINITION_SHAPE('',$,#8835);
#8816=PRODUCT_DEFINITION_SHAPE('',$,#8836);
#8817=PRODUCT_DEFINITION_SHAPE('',$,#8837);
#8818=PRODUCT_DEFINITION_SHAPE('',$,#8838);
#8819=PRODUCT_DEFINITION_SHAPE($,$,#38);
#8820=PRODUCT_DEFINITION_SHAPE($,$,#39);
#8821=PRODUCT_DEFINITION_SHAPE($,$,#40);
#8822=PRODUCT_DEFINITION_SHAPE($,$,#41);
#8823=PRODUCT_DEFINITION_SHAPE($,$,#42);
#8824=PRODUCT_DEFINITION_SHAPE($,$,#43);
#8825=PRODUCT_DEFINITION_SHAPE($,$,#44);
#8826=PRODUCT_DEFINITION_SHAPE($,$,#45);
#8827=PRODUCT_DEFINITION_SHAPE($,$,#46);
#8828=SHAPE_REPRESENTATION('',(#4662,#5170,#5171,#5172,#5173,#5174,#5175,
#5176,#5177,#5178),#8799);
#8829=SHAPE_REPRESENTATION('',(#4663),#8800);
#8830=SHAPE_REPRESENTATION('',(#4962),#8801);
#8831=SHAPE_REPRESENTATION('',(#5109),#8802);
#8832=SHAPE_REPRESENTATION('',(#5138),#8803);
#8833=PRODUCT_DEFINITION_CONTEXT('part definition',#8850,'design');
#8834=PRODUCT_DEFINITION('1455C End Plate','1455D801',#8839,#8833);
#8835=PRODUCT_DEFINITION('Extrusion Tube w. Inlay 80mm',
'Extrusion Tube w. Inlay 80mm',#8840,#8833);
#8836=PRODUCT_DEFINITION('C Bezel Open','Bezel Open',#8841,#8833);
#8837=PRODUCT_DEFINITION('C End Plate','End Plate',#8842,#8833);
#8838=PRODUCT_DEFINITION('1455 screw','1455 screw',#8843,#8833);
#8839=PRODUCT_DEFINITION_FORMATION('',$,#8852);
#8840=PRODUCT_DEFINITION_FORMATION('',$,#8853);
#8841=PRODUCT_DEFINITION_FORMATION('',$,#8854);
#8842=PRODUCT_DEFINITION_FORMATION('',$,#8855);
#8843=PRODUCT_DEFINITION_FORMATION('',$,#8856);
#8844=PRODUCT_RELATED_PRODUCT_CATEGORY('1455D801','1455D801',(#8852));
#8845=PRODUCT_RELATED_PRODUCT_CATEGORY('Extrusion Tube w. Inlay 80mm',
'Extrusion Tube w. Inlay 80mm',(#8853));
#8846=PRODUCT_RELATED_PRODUCT_CATEGORY('Bezel Open','Bezel Open',(#8854));
#8847=PRODUCT_RELATED_PRODUCT_CATEGORY('End Plate','End Plate',(#8855));
#8848=PRODUCT_RELATED_PRODUCT_CATEGORY('1455 screw','1455 screw',(#8856));
#8849=APPLICATION_PROTOCOL_DEFINITION('international standard',
'automotive_design',2009,#8850);
#8850=APPLICATION_CONTEXT(
'Core Data for Automotive Mechanical Design Process');
#8851=PRODUCT_CONTEXT('part definition',#8850,'mechanical');
#8852=PRODUCT('1455C End Plate','1455D801',$,(#8851));
#8853=PRODUCT('Extrusion Tube w. Inlay 80mm',
'Extrusion Tube w. Inlay 80mm',$,(#8851));
#8854=PRODUCT('C Bezel Open','Bezel Open',$,(#8851));
#8855=PRODUCT('C End Plate','End Plate',$,(#8851));
#8856=PRODUCT('1455 screw','1455 screw',$,(#8851));
ENDSEC;
END-ISO-10303-21;
